Initializing gui preferences from file  /RAID2/COURSE/2026_Spring/iclab/iclab067/.synopsys_dc_gui/preferences.tcl
#======================================================
#
# Synopsys Synthesis Scripts (Design Vision dctcl mode)
#
#======================================================
#======================================================
# (A) Global Parameters
#======================================================
set DESIGN "CDNA"
CDNA
set CYCLE 50
50
set INPUT_DLY [expr 0.5*$CYCLE]
25.0
set OUTPUT_DLY [expr 0.5*$CYCLE]
25.0
#======================================================
# (B) Read RTL Code
#======================================================
# (B-1) analyze + elaborate
set hdlin_auto_save_templates TRUE
TRUE
analyze -f sverilog $DESIGN\.v 
Running PRESTO HDLC
Compiling source file ../01_RTL/CDNA.v
Presto compilation completed successfully.
Loading db file '/RAID2/COURSE/BackUp/2023_Spring/iclab/iclabta01/UMC018_CBDK/CIC/SynopsysDC/db/fsa0m_a_generic_core_ss1p62v125c.db'
Loading db file '/RAID2/COURSE/BackUp/2023_Spring/iclab/iclabta01/UMC018_CBDK/CIC/SynopsysDC/db/fsa0m_a_generic_core_ff1p98vm40c.db'
Loading db file '/RAID2/COURSE/BackUp/2023_Spring/iclab/iclabta01/UMC018_CBDK/CIC/SynopsysDC/db/fsa0m_a_t33_generic_io_ss1p62v125c.db'
Loading db file '/RAID2/COURSE/BackUp/2023_Spring/iclab/iclabta01/UMC018_CBDK/CIC/SynopsysDC/db/fsa0m_a_t33_generic_io_tt1p8v25c.db'
Loading db file '/usr/cad/synopsys/synthesis/cur/libraries/syn/dw_foundation.sldb'
Loading db file '/usr/cad/synopsys/synthesis/cur/libraries/syn/standard.sldb'
1
elaborate $DESIGN  
Loading db file '/usr/cad/synopsys/synthesis/2022.03/libraries/syn/gtech.db'
Loading db file '/usr/cad/synopsys/synthesis/2022.03/libraries/syn/standard.sldb'
  Loading link library 'fsa0m_a_generic_core_ss1p62v125c'
  Loading link library 'fsa0m_a_generic_core_ff1p98vm40c'
  Loading link library 'fsa0m_a_t33_generic_io_ss1p62v125c'
  Loading link library 'fsa0m_a_t33_generic_io_tt1p8v25c'
  Loading link library 'gtech'
Running PRESTO HDLC

Inferred memory devices in process
        in routine CDNA line 1292 in file
                '../01_RTL/CDNA.v'.
===============================================================================
|    Register Name    |   Type    | Width | Bus | MB | AR | AS | SR | SS | ST |
===============================================================================
|   weight_cnt_reg    | Flip-flop |   8   |  Y  | N  | Y  | N  | N  | N  | N  |
===============================================================================

Inferred memory devices in process
        in routine CDNA line 1312 in file
                '../01_RTL/CDNA.v'.
===============================================================================
|    Register Name    |   Type    | Width | Bus | MB | AR | AS | SR | SS | ST |
===============================================================================
|    act_mode_reg     | Flip-flop |   2   |  Y  | N  | Y  | N  | N  | N  | N  |
|    repli_pad_reg    | Flip-flop |   1   |  N  | N  | Y  | N  | N  | N  | N  |
===============================================================================
Presto compilation completed successfully. (CDNA)
Elaborated 1 design.
Current design is now 'CDNA'.
Information: Building the design 'PreProcess'. (HDL-193)
Warning:  ../01_RTL/CDNA.v:1135: signed to unsigned assignment occurs. (VER-318)

Inferred memory devices in process
        in routine PreProcess line 980 in file
                '../01_RTL/CDNA.v'.
===============================================================================
|    Register Name    |   Type    | Width | Bus | MB | AR | AS | SR | SS | ST |
===============================================================================
|    iter_min_reg     | Flip-flop |  32   |  Y  | N  | Y  | N  | N  | N  | N  |
|    iter_max_reg     | Flip-flop |  32   |  Y  | N  | Y  | N  | N  | N  | N  |
===============================================================================

Inferred memory devices in process
        in routine PreProcess line 1027 in file
                '../01_RTL/CDNA.v'.
===============================================================================
|    Register Name    |   Type    | Width | Bus | MB | AR | AS | SR | SS | ST |
===============================================================================
|     ch_min_reg      | Flip-flop |  32   |  Y  | N  | Y  | N  | N  | N  | N  |
|     ch_max_reg      | Flip-flop |  32   |  Y  | N  | Y  | N  | N  | N  | N  |
===============================================================================

Inferred memory devices in process
        in routine PreProcess line 1067 in file
                '../01_RTL/CDNA.v'.
===============================================================================
|    Register Name    |   Type    | Width | Bus | MB | AR | AS | SR | SS | ST |
===============================================================================
|      numer_reg      | Flip-flop |  32   |  Y  | N  | Y  | N  | N  | N  | N  |
|      denom_reg      | Flip-flop |  32   |  Y  | N  | Y  | N  | N  | N  | N  |
===============================================================================

Inferred memory devices in process
        in routine PreProcess line 1085 in file
                '../01_RTL/CDNA.v'.
==================================================================================
|     Register Name      |   Type    | Width | Bus | MB | AR | AS | SR | SS | ST |
==================================================================================
|    numer_2_mult_reg    | Flip-flop |  32   |  Y  | N  | Y  | N  | N  | N  | N  |
| denom_recip_2_mult_reg | Flip-flop |  32   |  Y  | N  | Y  | N  | N  | N  | N  |
==================================================================================

Inferred memory devices in process
        in routine PreProcess line 1104 in file
                '../01_RTL/CDNA.v'.
===============================================================================
|    Register Name    |   Type    | Width | Bus | MB | AR | AS | SR | SS | ST |
===============================================================================
|    out_data_reg     | Flip-flop |  32   |  Y  | N  | Y  | N  | N  | N  | N  |
===============================================================================

Inferred memory devices in process
        in routine PreProcess line 1112 in file
                '../01_RTL/CDNA.v'.
===============================================================================
|    Register Name    |   Type    | Width | Bus | MB | AR | AS | SR | SS | ST |
===============================================================================
| preproc_counter_reg | Flip-flop |   8   |  Y  | N  | Y  | N  | N  | N  | N  |
===============================================================================

Inferred memory devices in process
        in routine PreProcess line 1131 in file
                '../01_RTL/CDNA.v'.
===============================================================================
|    Register Name    |   Type    | Width | Bus | MB | AR | AS | SR | SS | ST |
===============================================================================
|  output_valid_reg   | Flip-flop |   1   |  N  | N  | Y  | N  | N  | N  | N  |
===============================================================================

Inferred memory devices in process
        in routine PreProcess line 1139 in file
                '../01_RTL/CDNA.v'.
===============================================================================
|    Register Name    |   Type    | Width | Bus | MB | AR | AS | SR | SS | ST |
===============================================================================
|    in_image_reg     | Flip-flop | 2048  |  Y  | N  | Y  | N  | N  | N  | N  |
===============================================================================
Presto compilation completed successfully. (PreProcess)
Information: Building the design 'Conv2d' instantiated from design 'CDNA' with
        the parameters "IN_WID=8". (HDL-193)
Warning:  ../01_RTL/CDNA.v:59: signed to unsigned conversion occurs. (VER-318)
Warning:  ../01_RTL/CDNA.v:63: signed to unsigned conversion occurs. (VER-318)
Warning:  ../01_RTL/CDNA.v:72: signed to unsigned conversion occurs. (VER-318)
Warning:  ../01_RTL/CDNA.v:108: signed to unsigned conversion occurs. (VER-318)
Warning:  ../01_RTL/CDNA.v:115: signed to unsigned conversion occurs. (VER-318)
Warning:  ../01_RTL/CDNA.v:113: signed to unsigned conversion occurs. (VER-318)
Warning:  ../01_RTL/CDNA.v:128: signed to unsigned conversion occurs. (VER-318)
Warning:  ../01_RTL/CDNA.v:130: signed to unsigned conversion occurs. (VER-318)
Warning:  ../01_RTL/CDNA.v:346: signed to unsigned conversion occurs. (VER-318)
Warning:  ../01_RTL/CDNA.v:348: signed to unsigned conversion occurs. (VER-318)

Inferred memory devices in process
        in routine Conv2d_IN_WID8 line 29 in file
                '../01_RTL/CDNA.v'.
===============================================================================
|    Register Name    |   Type    | Width | Bus | MB | AR | AS | SR | SS | ST |
===============================================================================
|     weight_reg      | Flip-flop | 1152  |  Y  | N  | Y  | N  | N  | N  | N  |
===============================================================================

Inferred memory devices in process
        in routine Conv2d_IN_WID8 line 65 in file
                '../01_RTL/CDNA.v'.
===============================================================================
|    Register Name    |   Type    | Width | Bus | MB | AR | AS | SR | SS | ST |
===============================================================================
|  shift_pulses_reg   | Flip-flop |  11   |  Y  | N  | Y  | N  | N  | N  | N  |
|  pixel_in_cnt_reg   | Flip-flop |  11   |  Y  | N  | Y  | N  | N  | N  | N  |
| window_out_cnt_reg  | Flip-flop |  11   |  Y  | N  | Y  | N  | N  | N  | N  |
===============================================================================

Inferred memory devices in process
        in routine Conv2d_IN_WID8 line 91 in file
                '../01_RTL/CDNA.v'.
===============================================================================
|    Register Name    |   Type    | Width | Bus | MB | AR | AS | SR | SS | ST |
===============================================================================
|       sr_reg        | Flip-flop |  608  |  Y  | N  | Y  | N  | N  | N  | N  |
===============================================================================

Inferred memory devices in process
        in routine Conv2d_IN_WID8 line 104 in file
                '../01_RTL/CDNA.v'.
===============================================================================
|    Register Name    |   Type    | Width | Bus | MB | AR | AS | SR | SS | ST |
===============================================================================
|       cy_reg        | Flip-flop |   5   |  Y  | N  | Y  | N  | N  | N  | N  |
|       cx_reg        | Flip-flop |   5   |  Y  | N  | Y  | N  | N  | N  | N  |
===============================================================================

Inferred memory devices in process
        in routine Conv2d_IN_WID8 line 190 in file
                '../01_RTL/CDNA.v'.
=================================================================================
|     Register Name     |   Type    | Width | Bus | MB | AR | AS | SR | SS | ST |
=================================================================================
| window_out_cnt_d3_reg | Flip-flop |  11   |  Y  | N  | Y  | N  | N  | N  | N  |
|     valid_d1_reg      | Flip-flop |   1   |  N  | N  | Y  | N  | N  | N  | N  |
|     valid_d2_reg      | Flip-flop |   1   |  N  | N  | Y  | N  | N  | N  | N  |
|     valid_d3_reg      | Flip-flop |   1   |  N  | N  | Y  | N  | N  | N  | N  |
|   in_ch_idx_d1_reg    | Flip-flop |   1   |  N  | N  | Y  | N  | N  | N  | N  |
|   in_ch_idx_d2_reg    | Flip-flop |   1   |  N  | N  | Y  | N  | N  | N  | N  |
|   in_ch_idx_d3_reg    | Flip-flop |   1   |  N  | N  | Y  | N  | N  | N  | N  |
| window_out_cnt_d1_reg | Flip-flop |  11   |  Y  | N  | Y  | N  | N  | N  | N  |
| window_out_cnt_d2_reg | Flip-flop |  11   |  Y  | N  | Y  | N  | N  | N  | N  |
=================================================================================

Inferred memory devices in process
        in routine Conv2d_IN_WID8 line 224 in file
                '../01_RTL/CDNA.v'.
===============================================================================
|    Register Name    |   Type    | Width | Bus | MB | AR | AS | SR | SS | ST |
===============================================================================
|     w0_reg_reg      | Flip-flop |  288  |  Y  | N  | Y  | N  | N  | N  | N  |
|     w1_reg_reg      | Flip-flop |  288  |  Y  | N  | Y  | N  | N  | N  | N  |
|      p_reg_reg      | Flip-flop |  288  |  Y  | N  | Y  | N  | N  | N  | N  |
===============================================================================

Inferred memory devices in process
        in routine Conv2d_IN_WID8 line 248 in file
                '../01_RTL/CDNA.v'.
===============================================================================
|    Register Name    |   Type    | Width | Bus | MB | AR | AS | SR | SS | ST |
===============================================================================
|    mult_reg1_reg    | Flip-flop |  288  |  Y  | N  | Y  | N  | N  | N  | N  |
|    mult_reg0_reg    | Flip-flop |  288  |  Y  | N  | Y  | N  | N  | N  | N  |
===============================================================================

Inferred memory devices in process
        in routine Conv2d_IN_WID8 line 278 in file
                '../01_RTL/CDNA.v'.
===============================================================================
|    Register Name    |   Type    | Width | Bus | MB | AR | AS | SR | SS | ST |
===============================================================================
|   sum3_reg_c0_reg   | Flip-flop |  96   |  Y  | N  | Y  | N  | N  | N  | N  |
|   sum3_reg_c1_reg   | Flip-flop |  96   |  Y  | N  | Y  | N  | N  | N  | N  |
===============================================================================

Inferred memory devices in process
        in routine Conv2d_IN_WID8 line 322 in file
                '../01_RTL/CDNA.v'.
===============================================================================
|    Register Name    |   Type    | Width | Bus | MB | AR | AS | SR | SS | ST |
===============================================================================
|    psum_buf0_reg    | Flip-flop | 2048  |  Y  | N  | N  | N  | N  | N  | N  |
|    psum_buf1_reg    | Flip-flop | 2048  |  Y  | N  | N  | N  | N  | N  | N  |
===============================================================================

Inferred memory devices in process
        in routine Conv2d_IN_WID8 line 342 in file
                '../01_RTL/CDNA.v'.
================================================================================
|    Register Name     |   Type    | Width | Bus | MB | AR | AS | SR | SS | ST |
================================================================================
| serialize_active_reg | Flip-flop |   1   |  N  | N  | Y  | N  | N  | N  | N  |
================================================================================

Inferred memory devices in process
        in routine Conv2d_IN_WID8 line 354 in file
                '../01_RTL/CDNA.v'.
===============================================================================
|    Register Name    |   Type    | Width | Bus | MB | AR | AS | SR | SS | ST |
===============================================================================
|  serialize_cnt_reg  | Flip-flop |  11   |  Y  | N  | Y  | N  | N  | N  | N  |
|    out_data_reg     | Flip-flop |  32   |  Y  | N  | Y  | N  | N  | N  | N  |
|  output_valid_reg   | Flip-flop |   1   |  N  | N  | Y  | N  | N  | N  | N  |
===============================================================================
Presto compilation completed successfully. (Conv2d_IN_WID8)
Information: Building the design 'MaxPool' instantiated from design 'CDNA' with
        the parameters "IN_WID=8". (HDL-193)
Warning:  ../01_RTL/CDNA.v:491: signed to unsigned conversion occurs. (VER-318)
Warning:  ../01_RTL/CDNA.v:489: signed to unsigned conversion occurs. (VER-318)
Warning:  ../01_RTL/CDNA.v:550: Statement unreachable (Branch condition impossible to meet).  (VER-61)

Inferred memory devices in process
        in routine MaxPool_IN_WID8 line 485 in file
                '../01_RTL/CDNA.v'.
===============================================================================
|    Register Name    |   Type    | Width | Bus | MB | AR | AS | SR | SS | ST |
===============================================================================
|       cy_reg        | Flip-flop |   5   |  Y  | N  | Y  | N  | N  | N  | N  |
|       cx_reg        | Flip-flop |   5   |  Y  | N  | Y  | N  | N  | N  | N  |
===============================================================================

Inferred memory devices in process
        in routine MaxPool_IN_WID8 line 529 in file
                '../01_RTL/CDNA.v'.
===============================================================================
|    Register Name    |   Type    | Width | Bus | MB | AR | AS | SR | SS | ST |
===============================================================================
|   out_switch_reg    | Flip-flop |   2   |  Y  | N  | Y  | N  | N  | N  | N  |
|  output_valid_reg   | Flip-flop |   1   |  N  | N  | Y  | N  | N  | N  | N  |
|       sr_reg        | Flip-flop |  128  |  Y  | N  | Y  | N  | N  | N  | N  |
|     pos_sr_reg      | Flip-flop |   8   |  Y  | N  | Y  | N  | N  | N  | N  |
|    out_data_reg     | Flip-flop |  32   |  Y  | N  | Y  | N  | N  | N  | N  |
===============================================================================
Presto compilation completed successfully. (MaxPool_IN_WID8)
Information: Building the design 'ActFunc'. (HDL-193)
Warning:  ../01_RTL/CDNA.v:883: DEFAULT branch of CASE statement cannot be reached. (ELAB-311)

Statistics for case statements in always block at line 882 in file
        '../01_RTL/CDNA.v'
===============================================
|           Line           |  full/ parallel  |
===============================================
|           883            |    auto/auto     |
===============================================

Inferred memory devices in process
        in routine ActFunc line 802 in file
                '../01_RTL/CDNA.v'.
===============================================================================
|    Register Name    |   Type    | Width | Bus | MB | AR | AS | SR | SS | ST |
===============================================================================
|    valid_d1_reg     | Flip-flop |   1   |  N  | N  | Y  | N  | N  | N  | N  |
|   exp_in_reg_reg    | Flip-flop |  32   |  Y  | N  | Y  | N  | N  | N  | N  |
===============================================================================

Inferred memory devices in process
        in routine ActFunc line 829 in file
                '../01_RTL/CDNA.v'.
===============================================================================
|    Register Name    |   Type    | Width | Bus | MB | AR | AS | SR | SS | ST |
===============================================================================
|    valid_d2_reg     | Flip-flop |   1   |  N  | N  | Y  | N  | N  | N  | N  |
|   exp_out_reg_reg   | Flip-flop |  32   |  Y  | N  | Y  | N  | N  | N  | N  |
===============================================================================

Inferred memory devices in process
        in routine ActFunc line 908 in file
                '../01_RTL/CDNA.v'.
===============================================================================
|    Register Name    |   Type    | Width | Bus | MB | AR | AS | SR | SS | ST |
===============================================================================
|  output_valid_reg   | Flip-flop |   1   |  N  | N  | Y  | N  | N  | N  | N  |
|    out_data_reg     | Flip-flop |  32   |  Y  | N  | Y  | N  | N  | N  | N  |
===============================================================================
Presto compilation completed successfully. (ActFunc)
Information: Building the design 'Conv2d' instantiated from design 'CDNA' with
        the parameters "IN_WID=4". (HDL-193)
Warning:  ../01_RTL/CDNA.v:59: signed to unsigned conversion occurs. (VER-318)
Warning:  ../01_RTL/CDNA.v:63: signed to unsigned conversion occurs. (VER-318)
Warning:  ../01_RTL/CDNA.v:72: signed to unsigned conversion occurs. (VER-318)
Warning:  ../01_RTL/CDNA.v:108: signed to unsigned conversion occurs. (VER-318)
Warning:  ../01_RTL/CDNA.v:115: signed to unsigned conversion occurs. (VER-318)
Warning:  ../01_RTL/CDNA.v:113: signed to unsigned conversion occurs. (VER-318)
Warning:  ../01_RTL/CDNA.v:128: signed to unsigned conversion occurs. (VER-318)
Warning:  ../01_RTL/CDNA.v:130: signed to unsigned conversion occurs. (VER-318)
Warning:  ../01_RTL/CDNA.v:346: signed to unsigned conversion occurs. (VER-318)
Warning:  ../01_RTL/CDNA.v:348: signed to unsigned conversion occurs. (VER-318)

Inferred memory devices in process
        in routine Conv2d_IN_WID4 line 29 in file
                '../01_RTL/CDNA.v'.
===============================================================================
|    Register Name    |   Type    | Width | Bus | MB | AR | AS | SR | SS | ST |
===============================================================================
|     weight_reg      | Flip-flop | 1152  |  Y  | N  | Y  | N  | N  | N  | N  |
===============================================================================

Inferred memory devices in process
        in routine Conv2d_IN_WID4 line 65 in file
                '../01_RTL/CDNA.v'.
===============================================================================
|    Register Name    |   Type    | Width | Bus | MB | AR | AS | SR | SS | ST |
===============================================================================
|  shift_pulses_reg   | Flip-flop |  11   |  Y  | N  | Y  | N  | N  | N  | N  |
|  pixel_in_cnt_reg   | Flip-flop |  11   |  Y  | N  | Y  | N  | N  | N  | N  |
| window_out_cnt_reg  | Flip-flop |  11   |  Y  | N  | Y  | N  | N  | N  | N  |
===============================================================================

Inferred memory devices in process
        in routine Conv2d_IN_WID4 line 91 in file
                '../01_RTL/CDNA.v'.
===============================================================================
|    Register Name    |   Type    | Width | Bus | MB | AR | AS | SR | SS | ST |
===============================================================================
|       sr_reg        | Flip-flop |  352  |  Y  | N  | Y  | N  | N  | N  | N  |
===============================================================================

Inferred memory devices in process
        in routine Conv2d_IN_WID4 line 104 in file
                '../01_RTL/CDNA.v'.
===============================================================================
|    Register Name    |   Type    | Width | Bus | MB | AR | AS | SR | SS | ST |
===============================================================================
|       cy_reg        | Flip-flop |   5   |  Y  | N  | Y  | N  | N  | N  | N  |
|       cx_reg        | Flip-flop |   5   |  Y  | N  | Y  | N  | N  | N  | N  |
===============================================================================

Inferred memory devices in process
        in routine Conv2d_IN_WID4 line 190 in file
                '../01_RTL/CDNA.v'.
=================================================================================
|     Register Name     |   Type    | Width | Bus | MB | AR | AS | SR | SS | ST |
=================================================================================
| window_out_cnt_d3_reg | Flip-flop |  11   |  Y  | N  | Y  | N  | N  | N  | N  |
|     valid_d1_reg      | Flip-flop |   1   |  N  | N  | Y  | N  | N  | N  | N  |
|     valid_d2_reg      | Flip-flop |   1   |  N  | N  | Y  | N  | N  | N  | N  |
|     valid_d3_reg      | Flip-flop |   1   |  N  | N  | Y  | N  | N  | N  | N  |
|   in_ch_idx_d1_reg    | Flip-flop |   1   |  N  | N  | Y  | N  | N  | N  | N  |
|   in_ch_idx_d2_reg    | Flip-flop |   1   |  N  | N  | Y  | N  | N  | N  | N  |
|   in_ch_idx_d3_reg    | Flip-flop |   1   |  N  | N  | Y  | N  | N  | N  | N  |
| window_out_cnt_d1_reg | Flip-flop |  11   |  Y  | N  | Y  | N  | N  | N  | N  |
| window_out_cnt_d2_reg | Flip-flop |  11   |  Y  | N  | Y  | N  | N  | N  | N  |
=================================================================================

Inferred memory devices in process
        in routine Conv2d_IN_WID4 line 224 in file
                '../01_RTL/CDNA.v'.
===============================================================================
|    Register Name    |   Type    | Width | Bus | MB | AR | AS | SR | SS | ST |
===============================================================================
|     w0_reg_reg      | Flip-flop |  288  |  Y  | N  | Y  | N  | N  | N  | N  |
|     w1_reg_reg      | Flip-flop |  288  |  Y  | N  | Y  | N  | N  | N  | N  |
|      p_reg_reg      | Flip-flop |  288  |  Y  | N  | Y  | N  | N  | N  | N  |
===============================================================================

Inferred memory devices in process
        in routine Conv2d_IN_WID4 line 248 in file
                '../01_RTL/CDNA.v'.
===============================================================================
|    Register Name    |   Type    | Width | Bus | MB | AR | AS | SR | SS | ST |
===============================================================================
|    mult_reg1_reg    | Flip-flop |  288  |  Y  | N  | Y  | N  | N  | N  | N  |
|    mult_reg0_reg    | Flip-flop |  288  |  Y  | N  | Y  | N  | N  | N  | N  |
===============================================================================

Inferred memory devices in process
        in routine Conv2d_IN_WID4 line 278 in file
                '../01_RTL/CDNA.v'.
===============================================================================
|    Register Name    |   Type    | Width | Bus | MB | AR | AS | SR | SS | ST |
===============================================================================
|   sum3_reg_c0_reg   | Flip-flop |  96   |  Y  | N  | Y  | N  | N  | N  | N  |
|   sum3_reg_c1_reg   | Flip-flop |  96   |  Y  | N  | Y  | N  | N  | N  | N  |
===============================================================================

Inferred memory devices in process
        in routine Conv2d_IN_WID4 line 322 in file
                '../01_RTL/CDNA.v'.
===============================================================================
|    Register Name    |   Type    | Width | Bus | MB | AR | AS | SR | SS | ST |
===============================================================================
|    psum_buf0_reg    | Flip-flop |  512  |  Y  | N  | N  | N  | N  | N  | N  |
|    psum_buf1_reg    | Flip-flop |  512  |  Y  | N  | N  | N  | N  | N  | N  |
===============================================================================

Inferred memory devices in process
        in routine Conv2d_IN_WID4 line 342 in file
                '../01_RTL/CDNA.v'.
================================================================================
|    Register Name     |   Type    | Width | Bus | MB | AR | AS | SR | SS | ST |
================================================================================
| serialize_active_reg | Flip-flop |   1   |  N  | N  | Y  | N  | N  | N  | N  |
================================================================================

Inferred memory devices in process
        in routine Conv2d_IN_WID4 line 354 in file
                '../01_RTL/CDNA.v'.
===============================================================================
|    Register Name    |   Type    | Width | Bus | MB | AR | AS | SR | SS | ST |
===============================================================================
|  serialize_cnt_reg  | Flip-flop |  11   |  Y  | N  | Y  | N  | N  | N  | N  |
|    out_data_reg     | Flip-flop |  32   |  Y  | N  | Y  | N  | N  | N  | N  |
|  output_valid_reg   | Flip-flop |   1   |  N  | N  | Y  | N  | N  | N  | N  |
===============================================================================
Presto compilation completed successfully. (Conv2d_IN_WID4)
Information: Building the design 'MaxPool' instantiated from design 'CDNA' with
        the parameters "IN_WID=4". (HDL-193)
Warning:  ../01_RTL/CDNA.v:491: signed to unsigned conversion occurs. (VER-318)
Warning:  ../01_RTL/CDNA.v:489: signed to unsigned conversion occurs. (VER-318)
Warning:  ../01_RTL/CDNA.v:550: Statement unreachable (Branch condition impossible to meet).  (VER-61)

Inferred memory devices in process
        in routine MaxPool_IN_WID4 line 485 in file
                '../01_RTL/CDNA.v'.
===============================================================================
|    Register Name    |   Type    | Width | Bus | MB | AR | AS | SR | SS | ST |
===============================================================================
|       cy_reg        | Flip-flop |   5   |  Y  | N  | Y  | N  | N  | N  | N  |
|       cx_reg        | Flip-flop |   5   |  Y  | N  | Y  | N  | N  | N  | N  |
===============================================================================

Inferred memory devices in process
        in routine MaxPool_IN_WID4 line 529 in file
                '../01_RTL/CDNA.v'.
===============================================================================
|    Register Name    |   Type    | Width | Bus | MB | AR | AS | SR | SS | ST |
===============================================================================
|   out_switch_reg    | Flip-flop |   2   |  Y  | N  | Y  | N  | N  | N  | N  |
|  output_valid_reg   | Flip-flop |   1   |  N  | N  | Y  | N  | N  | N  | N  |
|       sr_reg        | Flip-flop |  64   |  Y  | N  | Y  | N  | N  | N  | N  |
|     pos_sr_reg      | Flip-flop |   4   |  Y  | N  | Y  | N  | N  | N  | N  |
|    out_data_reg     | Flip-flop |  32   |  Y  | N  | Y  | N  | N  | N  | N  |
===============================================================================
Presto compilation completed successfully. (MaxPool_IN_WID4)
Information: Building the design 'UnPool' instantiated from design 'CDNA' with
        the parameters "IN_WID=2". (HDL-193)
Warning:  ../01_RTL/CDNA.v:619: signed to unsigned conversion occurs. (VER-318)
Warning:  ../01_RTL/CDNA.v:728: signed to unsigned conversion occurs. (VER-318)
Warning:  ../01_RTL/CDNA.v:726: signed to unsigned conversion occurs. (VER-318)

Statistics for case statements in always block at line 702 in file
        '../01_RTL/CDNA.v'
===============================================
|           Line           |  full/ parallel  |
===============================================
|           709            |    auto/auto     |
===============================================

Inferred memory devices in process
        in routine UnPool_IN_WID2 line 633 in file
                '../01_RTL/CDNA.v'.
===============================================================================
|    Register Name    |   Type    | Width | Bus | MB | AR | AS | SR | SS | ST |
===============================================================================
|   replay_data_reg   | Flip-flop |  64   |  Y  | N  | Y  | N  | N  | N  | N  |
|   data_in_cnt_reg   | Flip-flop |   7   |  Y  | N  | Y  | N  | N  | N  | N  |
|    sw_in_cnt_reg    | Flip-flop |   7   |  Y  | N  | Y  | N  | N  | N  | N  |
|     sw_buf_reg      | Flip-flop |  16   |  Y  | N  | Y  | N  | N  | N  | N  |
|    data_buf_reg     | Flip-flop |  256  |  Y  | N  | Y  | N  | N  | N  | N  |
|    replay_sw_reg    | Flip-flop |   4   |  Y  | N  | Y  | N  | N  | N  | N  |
===============================================================================

Inferred memory devices in process
        in routine UnPool_IN_WID2 line 702 in file
                '../01_RTL/CDNA.v'.
===============================================================================
|    Register Name    |   Type    | Width | Bus | MB | AR | AS | SR | SS | ST |
===============================================================================
|    out_data_reg     | Flip-flop |  32   |  Y  | N  | Y  | N  | N  | N  | N  |
|      state_reg      | Flip-flop |   2   |  Y  | N  | Y  | N  | N  | N  | N  |
|      out_c_reg      | Flip-flop |   1   |  N  | N  | Y  | N  | N  | N  | N  |
|      out_y_reg      | Flip-flop |   4   |  Y  | N  | Y  | N  | N  | N  | N  |
|      out_x_reg      | Flip-flop |   4   |  Y  | N  | Y  | N  | N  | N  | N  |
|  output_valid_reg   | Flip-flop |   1   |  N  | N  | Y  | N  | N  | N  | N  |
===============================================================================
Presto compilation completed successfully. (UnPool_IN_WID2)
Information: Building the design 'UnPool' instantiated from design 'CDNA' with
        the parameters "IN_WID=4". (HDL-193)
Warning:  ../01_RTL/CDNA.v:619: signed to unsigned conversion occurs. (VER-318)
Warning:  ../01_RTL/CDNA.v:728: signed to unsigned conversion occurs. (VER-318)
Warning:  ../01_RTL/CDNA.v:726: signed to unsigned conversion occurs. (VER-318)

Statistics for case statements in always block at line 702 in file
        '../01_RTL/CDNA.v'
===============================================
|           Line           |  full/ parallel  |
===============================================
|           709            |    auto/auto     |
===============================================

Inferred memory devices in process
        in routine UnPool_IN_WID4 line 633 in file
                '../01_RTL/CDNA.v'.
===============================================================================
|    Register Name    |   Type    | Width | Bus | MB | AR | AS | SR | SS | ST |
===============================================================================
|   replay_data_reg   | Flip-flop |  128  |  Y  | N  | Y  | N  | N  | N  | N  |
|   data_in_cnt_reg   | Flip-flop |   7   |  Y  | N  | Y  | N  | N  | N  | N  |
|    sw_in_cnt_reg    | Flip-flop |   7   |  Y  | N  | Y  | N  | N  | N  | N  |
|     sw_buf_reg      | Flip-flop |  64   |  Y  | N  | Y  | N  | N  | N  | N  |
|    data_buf_reg     | Flip-flop | 1024  |  Y  | N  | Y  | N  | N  | N  | N  |
|    replay_sw_reg    | Flip-flop |   8   |  Y  | N  | Y  | N  | N  | N  | N  |
===============================================================================

Inferred memory devices in process
        in routine UnPool_IN_WID4 line 702 in file
                '../01_RTL/CDNA.v'.
===============================================================================
|    Register Name    |   Type    | Width | Bus | MB | AR | AS | SR | SS | ST |
===============================================================================
|    out_data_reg     | Flip-flop |  32   |  Y  | N  | Y  | N  | N  | N  | N  |
|      state_reg      | Flip-flop |   2   |  Y  | N  | Y  | N  | N  | N  | N  |
|      out_c_reg      | Flip-flop |   1   |  N  | N  | Y  | N  | N  | N  | N  |
|      out_y_reg      | Flip-flop |   4   |  Y  | N  | Y  | N  | N  | N  | N  |
|      out_x_reg      | Flip-flop |   4   |  Y  | N  | Y  | N  | N  | N  | N  |
|  output_valid_reg   | Flip-flop |   1   |  N  | N  | Y  | N  | N  | N  | N  |
===============================================================================
Presto compilation completed successfully. (UnPool_IN_WID4)
1
# (B-2) read_sverilog
#read_sverilog $DESIGN\.v
# (B-3) set current design
current_design $DESIGN
Current design is 'CDNA'.
{CDNA}
link

  Linking design 'CDNA'
  Using the following designs and libraries:
  --------------------------------------------------------------------------
  * (9 designs)               /RAID2/COURSE/2026_Spring/iclab/iclab067/SPRING2026_LAB04/02_SYN/CDNA.db, etc
  fsa0m_a_generic_core_ss1p62v125c (library) /RAID2/COURSE/BackUp/2023_Spring/iclab/iclabta01/UMC018_CBDK/CIC/SynopsysDC/db/fsa0m_a_generic_core_ss1p62v125c.db
  fsa0m_a_generic_core_ff1p98vm40c (library) /RAID2/COURSE/BackUp/2023_Spring/iclab/iclabta01/UMC018_CBDK/CIC/SynopsysDC/db/fsa0m_a_generic_core_ff1p98vm40c.db
  fsa0m_a_t33_generic_io_ss1p62v125c (library) /RAID2/COURSE/BackUp/2023_Spring/iclab/iclabta01/UMC018_CBDK/CIC/SynopsysDC/db/fsa0m_a_t33_generic_io_ss1p62v125c.db
  fsa0m_a_t33_generic_io_tt1p8v25c (library) /RAID2/COURSE/BackUp/2023_Spring/iclab/iclabta01/UMC018_CBDK/CIC/SynopsysDC/db/fsa0m_a_t33_generic_io_tt1p8v25c.db
  dw_foundation.sldb (library) /usr/cad/synopsys/synthesis/cur/libraries/syn/dw_foundation.sldb

1
#======================================================
#  (C) Global Setting
#======================================================
set_wire_load_mode top
1
set_operating_conditions -max WCCOM -min BCCOM
Using operating conditions 'WCCOM' found in library 'fsa0m_a_generic_core_ss1p62v125c'.
Using operating conditions 'BCCOM' found in library 'fsa0m_a_generic_core_ff1p98vm40c'.
1
# set_wire_load_model -name umc18_wl10 -library slow
#======================================================
#  (D) Set Design Constraints
#======================================================
# (D-1) Setting Clock Constraints
create_clock -name clk -period $CYCLE [get_ports clk] 
1
set_dont_touch_network             [get_clocks clk]
1
set_fix_hold                       [get_clocks clk]
1
set_clock_uncertainty       0.1    [get_clocks clk]
1
# set_clock_latency   -source 0      [get_clocks clk]
# set_clock_latency           1      [get_clocks clk] 
set_input_transition        0.5    [all_inputs] 
1
set_clock_transition        0.1    [all_clocks] 
1
# (D-2) Setting in/out Constraints
set_input_delay   -max  $INPUT_DLY  -clock clk   [all_inputs] ;  # set_up time check 
1
set_input_delay   -min  0           -clock clk   [all_inputs] ;  # hold   time check 
1
set_output_delay  -max  $OUTPUT_DLY -clock clk   [all_outputs] ; # set_up time check 
1
set_output_delay  -min  0           -clock clk   [all_outputs] ; # hold   time check 
1
set_input_delay 0 -clock clk clk
1
set_input_delay 0 -clock clk rst_n
1
#set_max_delay $CYCLE -from [all_inputs] -to [all_outputs]
# (D-3) Setting Design Environment
# set_driving_cell -library umc18io3v5v_slow -lib_cell P2C    -pin {Y}  [get_ports clk]
# set_driving_cell -library umc18io3v5v_slow -lib_cell P2C    -pin {Y}  [remove_from_collection [all_inputs] [get_ports clk]]
# set_load  [load_of "umc18io3v5v_slow/P8C/A"]       [all_outputs] ; # ~= 0.038
set_load 0.05 [all_outputs]
1
# (D-4) Setting DRC Constraint
#set_max_delay           0     ; # Optimize delay max effort                 
#set_max_area            0      ; # Optimize area max effort           
set_max_transition      3       [all_inputs]   ; # U18 LUT Max Transition Value  
1
set_max_capacitance     0.15    [all_inputs]   ; # U18 LUT Max Capacitance Value
1
set_max_fanout          10      [all_inputs]
1
# set_dont_use slow/JKFF*
#set_dont_touch [get_cells core_reg_macro]
#set hdlin_ff_always_sync_set_reset true
# (D-5) Report Clock skew
report_clock -skew clk
Information: Checking out the license 'DesignWare'. (SEC-104)
  Allocating blocks in 'DW_fp_cmp_sig_width23_exp_width8_ieee_compliance0'
Information: Changed wire load model for 'alt1' from '(none)' to 'G5K'. (OPT-170)
Information: Changed wire load model for 'pparch' from '(none)' to 'G5K'. (OPT-170)
Information: Changed wire load model for 'alt1' from '(none)' to 'G5K'. (OPT-170)
Information: Changed wire load model for 'apparch' from '(none)' to 'G5K'. (OPT-170)
Information: Changed wire load model for 'alt1' from '(none)' to 'G5K'. (OPT-170)
Information: Changed wire load model for 'pparch' from '(none)' to 'G5K'. (OPT-170)
Information: Changed wire load model for 'alt1' from '(none)' to 'G5K'. (OPT-170)
Information: Changed wire load model for 'apparch' from '(none)' to 'G5K'. (OPT-170)
Information: Changed wire load model for 'alt1' from '(none)' to 'G5K'. (OPT-170)
Information: Changed wire load model for 'apparch' from '(none)' to 'G5K'. (OPT-170)
Information: Changed wire load model for 'alt1' from '(none)' to 'G5K'. (OPT-170)
Information: Changed wire load model for 'apparch' from '(none)' to 'G5K'. (OPT-170)
Information: Changed wire load model for 'alt1' from '(none)' to 'G5K'. (OPT-170)
Information: Changed wire load model for 'apparch' from '(none)' to 'G5K'. (OPT-170)
Information: Changed wire load model for 'alt1' from '(none)' to 'G5K'. (OPT-170)
Information: Changed wire load model for 'apparch' from '(none)' to 'G5K'. (OPT-170)
Information: Changed wire load model for 'alt1' from '(none)' to 'G5K'. (OPT-170)
Information: Changed wire load model for 'apparch' from '(none)' to 'G5K'. (OPT-170)
Information: Changed wire load model for 'alt1' from '(none)' to 'G5K'. (OPT-170)
Information: Changed wire load model for 'apparch' from '(none)' to 'G5K'. (OPT-170)
  Allocating blocks in 'DW_fp_sub_sig_width23_exp_width8_ieee_compliance0'
  Allocating blocks in 'DW_fp_addsub_sig_width23_exp_width8_ieee_compliance0'
Information: Changed wire load model for 'alt1' from '(none)' to 'G5K'. (OPT-170)
Information: Changed wire load model for 'pparch' from '(none)' to 'G5K'. (OPT-170)
Information: Changed wire load model for 'alt1' from '(none)' to 'G5K'. (OPT-170)
Information: Changed wire load model for 'apparch' from '(none)' to 'G5K'. (OPT-170)
Information: Changed wire load model for 'alt1' from '(none)' to 'G5K'. (OPT-170)
Information: Changed wire load model for 'astr' from '(none)' to 'G5K'. (OPT-170)
Information: Changed wire load model for 'alt1' from '(none)' to 'G5K'. (OPT-170)
Information: Changed wire load model for 'astr' from '(none)' to 'G5K'. (OPT-170)
Information: Changed wire load model for 'alt1' from '(none)' to 'G5K'. (OPT-170)
Information: Changed wire load model for 'astr' from '(none)' to 'G5K'. (OPT-170)
  Allocating blocks in 'DW_lzd_a_width27'
  Allocating blocks in 'DW_lzod_a_width27_detect_10'
Information: Changed wire load model for 'alt1' from '(none)' to 'G5K'. (OPT-170)
Information: Changed wire load model for 'astr' from '(none)' to 'G5K'. (OPT-170)
Information: Changed wire load model for 'alt1' from '(none)' to 'G5K'. (OPT-170)
Information: Changed wire load model for 'astr' from '(none)' to 'G5K'. (OPT-170)
Information: Changed wire load model for 'alt1' from '(none)' to 'G5K'. (OPT-170)
Information: Changed wire load model for 'astr' from '(none)' to 'G5K'. (OPT-170)
Information: Changed wire load model for 'alt1' from '(none)' to 'G5K'. (OPT-170)
Information: Changed wire load model for 'apparch' from '(none)' to 'G5K'. (OPT-170)
Warning: Dont_touch on net '*cell*6/*Logic0*' may be overridden by compile because it
        is connected to generic logic. Use all_connected to see net
        connections. (OPT-461)
Information: Changed wire load model for 'alt1' from '(none)' to 'G5K'. (OPT-170)
Information: Changed wire load model for 'apparch' from '(none)' to 'G5K'. (OPT-170)
Information: Changed wire load model for 'alt1' from '(none)' to 'G5K'. (OPT-170)
Information: Changed wire load model for 'astr' from '(none)' to 'G5K'. (OPT-170)
Information: Changed wire load model for 'alt1' from '(none)' to 'G5K'. (OPT-170)
Information: Changed wire load model for 'astr' from '(none)' to 'G5K'. (OPT-170)
  Allocating blocks in 'DW_fp_addsub_sig_width23_exp_width8_ieee_compliance0'
Information: Changed wire load model for 'alt1' from '(none)' to 'G5K'. (OPT-170)
Information: Changed wire load model for 'astr' from '(none)' to 'G5K'. (OPT-170)
Information: Changed wire load model for 'alt1' from '(none)' to 'G5K'. (OPT-170)
Information: Changed wire load model for 'astr' from '(none)' to 'G5K'. (OPT-170)
Information: Changed wire load model for 'alt1' from '(none)' to 'G5K'. (OPT-170)
Information: Changed wire load model for 'astr' from '(none)' to 'G5K'. (OPT-170)
Information: Changed wire load model for 'alt1' from '(none)' to 'G5K'. (OPT-170)
Information: Changed wire load model for 'apparch' from '(none)' to 'G5K'. (OPT-170)
Information: Changed wire load model for 'alt1' from '(none)' to 'G5K'. (OPT-170)
Information: Changed wire load model for 'apparch' from '(none)' to 'G5K'. (OPT-170)
Information: Changed wire load model for 'alt1' from '(none)' to 'G5K'. (OPT-170)
Information: Changed wire load model for 'astr' from '(none)' to 'G5K'. (OPT-170)
  Allocating blocks in 'DW_lzd_a_width27'
Information: Changed wire load model for 'alt1' from '(none)' to 'G5K'. (OPT-170)
Information: Changed wire load model for 'astr' from '(none)' to 'G5K'. (OPT-170)
  Allocating blocks in 'DW_fp_recip_sig_width23_exp_width8_ieee_compliance0_faithful_round0'
Information: Changed wire load model for 'alt1' from '(none)' to 'G5K'. (OPT-170)
Information: Changed wire load model for 'pparch' from '(none)' to 'G5K'. (OPT-170)
Information: Changed wire load model for 'alt1' from '(none)' to 'G5K'. (OPT-170)
Information: Changed wire load model for 'apparch' from '(none)' to 'G5K'. (OPT-170)
Information: Changed wire load model for 'alt1' from '(none)' to 'G5K'. (OPT-170)
Information: Changed wire load model for 'pparch' from '(none)' to 'G5K'. (OPT-170)
Information: Changed wire load model for 'alt1' from '(none)' to 'G5K'. (OPT-170)
Information: Changed wire load model for 'apparch' from '(none)' to 'G5K'. (OPT-170)
Information: Changed wire load model for 'alt1' from '(none)' to 'G5K'. (OPT-170)
Information: Changed wire load model for 'pparch' from '(none)' to 'G5K'. (OPT-170)
Information: Changed wire load model for 'alt1' from '(none)' to 'G5K'. (OPT-170)
Information: Changed wire load model for 'apparch' from '(none)' to 'G5K'. (OPT-170)
Information: Changed wire load model for 'alt1' from '(none)' to 'G5K'. (OPT-170)
Information: Changed wire load model for 'pparch' from '(none)' to 'G5K'. (OPT-170)
Information: Changed wire load model for 'alt1' from '(none)' to 'G5K'. (OPT-170)
Information: Changed wire load model for 'apparch' from '(none)' to 'G5K'. (OPT-170)
Information: Changed wire load model for 'alt1' from '(none)' to 'G5K'. (OPT-170)
Information: Changed wire load model for 'pparch' from '(none)' to 'G5K'. (OPT-170)
Information: Changed wire load model for 'alt1' from '(none)' to 'G5K'. (OPT-170)
Information: Changed wire load model for 'apparch' from '(none)' to 'G5K'. (OPT-170)
Information: Changed wire load model for 'alt1' from '(none)' to 'G5K'. (OPT-170)
Information: Changed wire load model for 'pparch' from '(none)' to 'G5K'. (OPT-170)
Information: Changed wire load model for 'alt1' from '(none)' to 'G5K'. (OPT-170)
Information: Changed wire load model for 'apparch' from '(none)' to 'G5K'. (OPT-170)
  Allocating blocks in 'DW_lzd_a_width3'
  Allocating blocks in 'DW_lzod_a_width3_detect_10'
Information: Changed wire load model for 'alt1' from '(none)' to 'G5K'. (OPT-170)
Information: Changed wire load model for 'apparch' from '(none)' to 'G5K'. (OPT-170)
Information: Changed wire load model for 'alt1' from '(none)' to 'G5K'. (OPT-170)
Information: Changed wire load model for 'apparch' from '(none)' to 'G5K'. (OPT-170)
Information: Changed wire load model for 'alt1' from '(none)' to 'G5K'. (OPT-170)
Information: Changed wire load model for 'apparch' from '(none)' to 'G5K'. (OPT-170)
Information: Changed wire load model for 'alt1' from '(none)' to 'G5K'. (OPT-170)
Information: Changed wire load model for 'apparch' from '(none)' to 'G5K'. (OPT-170)
Information: Changed wire load model for 'alt1' from '(none)' to 'G5K'. (OPT-170)
Information: Changed wire load model for 'apparch' from '(none)' to 'G5K'. (OPT-170)
Information: Changed wire load model for 'alt1' from '(none)' to 'G5K'. (OPT-170)
Information: Changed wire load model for 'apparch' from '(none)' to 'G5K'. (OPT-170)
Information: Changed wire load model for 'alt1' from '(none)' to 'G5K'. (OPT-170)
Information: Changed wire load model for 'apparch' from '(none)' to 'G5K'. (OPT-170)
Information: Changed wire load model for 'alt1' from '(none)' to 'G5K'. (OPT-170)
Information: Changed wire load model for 'apparch' from '(none)' to 'G5K'. (OPT-170)
Information: Changed wire load model for 'alt1' from '(none)' to 'G5K'. (OPT-170)
Information: Changed wire load model for 'apparch' from '(none)' to 'G5K'. (OPT-170)
Information: Changed wire load model for 'alt1' from '(none)' to 'G5K'. (OPT-170)
Information: Changed wire load model for 'apparch' from '(none)' to 'G5K'. (OPT-170)
Information: Changed wire load model for 'alt1' from '(none)' to 'G5K'. (OPT-170)
Information: Changed wire load model for 'apparch' from '(none)' to 'G5K'. (OPT-170)
Information: Changed wire load model for 'alt1' from '(none)' to 'G5K'. (OPT-170)
Information: Changed wire load model for 'apparch' from '(none)' to 'G5K'. (OPT-170)
Information: Changed wire load model for 'alt1' from '(none)' to 'G5K'. (OPT-170)
Information: Changed wire load model for 'apparch' from '(none)' to 'G5K'. (OPT-170)
  Allocating blocks in 'DW_fp_mult_sig_width23_exp_width8_ieee_compliance0'
Information: Changed wire load model for 'alt1' from '(none)' to 'G5K'. (OPT-170)
Information: Changed wire load model for 'pparch' from '(none)' to 'G5K'. (OPT-170)
Information: Changed wire load model for 'alt1' from '(none)' to 'G5K'. (OPT-170)
Information: Changed wire load model for 'apparch' from '(none)' to 'G5K'. (OPT-170)
  Allocating blocks in 'DW_lzd_a_width24'
  Allocating blocks in 'DW_lzod_a_width24_detect_10'
Information: Changed wire load model for 'alt1' from '(none)' to 'G5K'. (OPT-170)
Information: Changed wire load model for 'apparch' from '(none)' to 'G5K'. (OPT-170)
Information: Changed wire load model for 'alt1' from '(none)' to 'G5K'. (OPT-170)
Information: Changed wire load model for 'apparch' from '(none)' to 'G5K'. (OPT-170)
Information: Changed wire load model for 'alt1' from '(none)' to 'G5K'. (OPT-170)
Information: Changed wire load model for 'apparch' from '(none)' to 'G5K'. (OPT-170)
Information: Changed wire load model for 'alt1' from '(none)' to 'G5K'. (OPT-170)
Information: Changed wire load model for 'apparch' from '(none)' to 'G5K'. (OPT-170)
Information: Changed wire load model for 'alt1' from '(none)' to 'G5K'. (OPT-170)
Information: Changed wire load model for 'apparch' from '(none)' to 'G5K'. (OPT-170)
Information: Changed wire load model for 'alt1' from '(none)' to 'G5K'. (OPT-170)
Information: Changed wire load model for 'apparch' from '(none)' to 'G5K'. (OPT-170)
Information: Changed wire load model for 'alt1' from '(none)' to 'G5K'. (OPT-170)
Information: Changed wire load model for 'apparch' from '(none)' to 'G5K'. (OPT-170)
Information: Changed wire load model for 'alt1' from '(none)' to 'G5K'. (OPT-170)
Information: Changed wire load model for 'apparch' from '(none)' to 'G5K'. (OPT-170)
Information: Changed wire load model for 'alt1' from '(none)' to 'G5K'. (OPT-170)
Information: Changed wire load model for 'apparch' from '(none)' to 'G5K'. (OPT-170)
Information: Changed wire load model for 'alt1' from '(none)' to 'G5K'. (OPT-170)
Information: Changed wire load model for 'apparch' from '(none)' to 'G5K'. (OPT-170)
  Allocating blocks in 'DW_fp_sum3_sig_width23_exp_width8_ieee_compliance0_arch_type0'
Information: Changed wire load model for 'alt1' from '(none)' to 'G5K'. (OPT-170)
Information: Changed wire load model for 'astr' from '(none)' to 'G5K'. (OPT-170)
Information: Changed wire load model for 'alt1' from '(none)' to 'G5K'. (OPT-170)
Information: Changed wire load model for 'astr' from '(none)' to 'G5K'. (OPT-170)
Information: Changed wire load model for 'alt1' from '(none)' to 'G5K'. (OPT-170)
Information: Changed wire load model for 'pparch' from '(none)' to 'G5K'. (OPT-170)
Information: Changed wire load model for 'alt1' from '(none)' to 'G5K'. (OPT-170)
Information: Changed wire load model for 'apparch' from '(none)' to 'G5K'. (OPT-170)
Information: Changed wire load model for 'alt1' from '(none)' to 'G5K'. (OPT-170)
Information: Changed wire load model for 'astr' from '(none)' to 'G5K'. (OPT-170)
  Allocating blocks in 'DW_fp_ifp_conv_sig_widthi23_exp_widthi8_sig_widtho25_exp_widtho8_use_denormal0_use_1scmpl0'
  Allocating blocks in 'DW_fp_ifp_conv_sig_widthi23_exp_widthi8_sig_widtho28_exp_widtho9_use_denormal0_use_1scmpl0'
  Allocating blocks in 'DW_ifp_addsub_sig_widthi25_exp_widthi8_sig_widtho28_exp_widtho9_use_denormal0_use_1scmpl0'
Information: Changed wire load model for 'alt1' from '(none)' to 'G5K'. (OPT-170)
Information: Changed wire load model for 'astr' from '(none)' to 'G5K'. (OPT-170)
Information: Changed wire load model for 'alt1' from '(none)' to 'G5K'. (OPT-170)
Information: Changed wire load model for 'astr' from '(none)' to 'G5K'. (OPT-170)
Information: Changed wire load model for 'alt1' from '(none)' to 'G5K'. (OPT-170)
Information: Changed wire load model for 'astr' from '(none)' to 'G5K'. (OPT-170)
Information: Changed wire load model for 'alt1' from '(none)' to 'G5K'. (OPT-170)
Information: Changed wire load model for 'astr' from '(none)' to 'G5K'. (OPT-170)
Information: Changed wire load model for 'alt1' from '(none)' to 'G5K'. (OPT-170)
Information: Changed wire load model for 'apparch' from '(none)' to 'G5K'. (OPT-170)
  Allocating blocks in 'DW_ifp_addsub_sig_widthi28_exp_widthi9_sig_widtho51_exp_widtho10_use_denormal0_use_1scmpl0'
Information: Changed wire load model for 'alt1' from '(none)' to 'G5K'. (OPT-170)
Information: Changed wire load model for 'astr' from '(none)' to 'G5K'. (OPT-170)
Information: Changed wire load model for 'alt1' from '(none)' to 'G5K'. (OPT-170)
Information: Changed wire load model for 'astr' from '(none)' to 'G5K'. (OPT-170)
Information: Changed wire load model for 'alt1' from '(none)' to 'G5K'. (OPT-170)
Information: Changed wire load model for 'astr' from '(none)' to 'G5K'. (OPT-170)
Information: Changed wire load model for 'alt1' from '(none)' to 'G5K'. (OPT-170)
Information: Changed wire load model for 'astr' from '(none)' to 'G5K'. (OPT-170)
Information: Changed wire load model for 'alt1' from '(none)' to 'G5K'. (OPT-170)
Information: Changed wire load model for 'apparch' from '(none)' to 'G5K'. (OPT-170)
  Allocating blocks in 'DW_ifp_fp_conv_sig_widthi51_exp_widthi10_sig_width23_exp_width8_use_denormal0'
Information: Changed wire load model for 'alt1' from '(none)' to 'G5K'. (OPT-170)
Information: Changed wire load model for 'astr' from '(none)' to 'G5K'. (OPT-170)
Information: Changed wire load model for 'alt1' from '(none)' to 'G5K'. (OPT-170)
Information: Changed wire load model for 'pparch' from '(none)' to 'G5K'. (OPT-170)
Information: Changed wire load model for 'alt1' from '(none)' to 'G5K'. (OPT-170)
Information: Changed wire load model for 'apparch' from '(none)' to 'G5K'. (OPT-170)
  Allocating blocks in 'DW_lzd_a_width52'
  Allocating blocks in 'DW_lzod_a_width52_detect_10'
Information: Changed wire load model for 'alt1' from '(none)' to 'G5K'. (OPT-170)
Information: Changed wire load model for 'apparch' from '(none)' to 'G5K'. (OPT-170)
Information: Changed wire load model for 'alt1' from '(none)' to 'G5K'. (OPT-170)
Information: Changed wire load model for 'apparch' from '(none)' to 'G5K'. (OPT-170)
Information: Changed wire load model for 'alt1' from '(none)' to 'G5K'. (OPT-170)
Information: Changed wire load model for 'astr' from '(none)' to 'G5K'. (OPT-170)
  Allocating blocks in 'DW_lzd_a_width53'
  Allocating blocks in 'DW_lzod_a_width53_detect_10'
Warning: Dont_touch on net '*cell*85/M_2scompl[0]' may be overridden by compile because it
        is connected to generic logic. Use all_connected to see net
        connections. (OPT-461)
Warning: Dont_touch on net '*cell*85/M_2scompl[1]' may be overridden by compile because it
        is connected to generic logic. Use all_connected to see net
        connections. (OPT-461)
Warning: Dont_touch on net '*cell*85/M_2scompl[2]' may be overridden by compile because it
        is connected to generic logic. Use all_connected to see net
        connections. (OPT-461)
Warning: Dont_touch on net '*cell*85/M_2scompl[3]' may be overridden by compile because it
        is connected to generic logic. Use all_connected to see net
        connections. (OPT-461)
Warning: Dont_touch on net '*cell*85/M_2scompl[4]' may be overridden by compile because it
        is connected to generic logic. Use all_connected to see net
        connections. (OPT-461)
Warning: Dont_touch on net '*cell*85/M_2scompl[5]' may be overridden by compile because it
        is connected to generic logic. Use all_connected to see net
        connections. (OPT-461)
Warning: Dont_touch on net '*cell*85/M_2scompl[6]' may be overridden by compile because it
        is connected to generic logic. Use all_connected to see net
        connections. (OPT-461)
Warning: Dont_touch on net '*cell*85/M_2scompl[7]' may be overridden by compile because it
        is connected to generic logic. Use all_connected to see net
        connections. (OPT-461)
Warning: Dont_touch on net '*cell*85/M_2scompl[8]' may be overridden by compile because it
        is connected to generic logic. Use all_connected to see net
        connections. (OPT-461)
Warning: Dont_touch on net '*cell*85/M_2scompl[9]' may be overridden by compile because it
        is connected to generic logic. Use all_connected to see net
        connections. (OPT-461)
Warning: Dont_touch on net '*cell*85/M_2scompl[10]' may be overridden by compile because it
        is connected to generic logic. Use all_connected to see net
        connections. (OPT-461)
Warning: Dont_touch on net '*cell*85/M_2scompl[11]' may be overridden by compile because it
        is connected to generic logic. Use all_connected to see net
        connections. (OPT-461)
Warning: Dont_touch on net '*cell*85/M_2scompl[12]' may be overridden by compile because it
        is connected to generic logic. Use all_connected to see net
        connections. (OPT-461)
Warning: Dont_touch on net '*cell*85/M_2scompl[13]' may be overridden by compile because it
        is connected to generic logic. Use all_connected to see net
        connections. (OPT-461)
Warning: Dont_touch on net '*cell*85/M_2scompl[14]' may be overridden by compile because it
        is connected to generic logic. Use all_connected to see net
        connections. (OPT-461)
Warning: Dont_touch on net '*cell*85/M_2scompl[15]' may be overridden by compile because it
        is connected to generic logic. Use all_connected to see net
        connections. (OPT-461)
Warning: Dont_touch on net '*cell*85/M_2scompl[16]' may be overridden by compile because it
        is connected to generic logic. Use all_connected to see net
        connections. (OPT-461)
Warning: Dont_touch on net '*cell*85/M_2scompl[17]' may be overridden by compile because it
        is connected to generic logic. Use all_connected to see net
        connections. (OPT-461)
Warning: Dont_touch on net '*cell*85/M_2scompl[18]' may be overridden by compile because it
        is connected to generic logic. Use all_connected to see net
        connections. (OPT-461)
Warning: Dont_touch on net '*cell*85/M_2scompl[19]' may be overridden by compile because it
        is connected to generic logic. Use all_connected to see net
        connections. (OPT-461)
Warning: Dont_touch on net '*cell*85/M_2scompl[20]' may be overridden by compile because it
        is connected to generic logic. Use all_connected to see net
        connections. (OPT-461)
Warning: Dont_touch on net '*cell*85/M_2scompl[21]' may be overridden by compile because it
        is connected to generic logic. Use all_connected to see net
        connections. (OPT-461)
Warning: Dont_touch on net '*cell*85/M_2scompl[22]' may be overridden by compile because it
        is connected to generic logic. Use all_connected to see net
        connections. (OPT-461)
Warning: Dont_touch on net '*cell*85/M_2scompl[23]' may be overridden by compile because it
        is connected to generic logic. Use all_connected to see net
        connections. (OPT-461)
Warning: Dont_touch on net '*cell*85/M_2scompl[24]' may be overridden by compile because it
        is connected to generic logic. Use all_connected to see net
        connections. (OPT-461)
Warning: Dont_touch on net '*cell*85/a[0]' may be overridden by compile because it
        is connected to generic logic. Use all_connected to see net
        connections. (OPT-461)
Warning: Dont_touch on net '*cell*85/a[1]' may be overridden by compile because it
        is connected to generic logic. Use all_connected to see net
        connections. (OPT-461)
Warning: Dont_touch on net '*cell*85/a[2]' may be overridden by compile because it
        is connected to generic logic. Use all_connected to see net
        connections. (OPT-461)
Warning: Dont_touch on net '*cell*85/a[3]' may be overridden by compile because it
        is connected to generic logic. Use all_connected to see net
        connections. (OPT-461)
Warning: Dont_touch on net '*cell*85/a[4]' may be overridden by compile because it
        is connected to generic logic. Use all_connected to see net
        connections. (OPT-461)
Warning: Dont_touch on net '*cell*85/a[5]' may be overridden by compile because it
        is connected to generic logic. Use all_connected to see net
        connections. (OPT-461)
Warning: Dont_touch on net '*cell*85/a[6]' may be overridden by compile because it
        is connected to generic logic. Use all_connected to see net
        connections. (OPT-461)
Warning: Dont_touch on net '*cell*85/a[7]' may be overridden by compile because it
        is connected to generic logic. Use all_connected to see net
        connections. (OPT-461)
Warning: Dont_touch on net '*cell*85/a[8]' may be overridden by compile because it
        is connected to generic logic. Use all_connected to see net
        connections. (OPT-461)
Warning: Dont_touch on net '*cell*85/a[9]' may be overridden by compile because it
        is connected to generic logic. Use all_connected to see net
        connections. (OPT-461)
Warning: Dont_touch on net '*cell*85/a[10]' may be overridden by compile because it
        is connected to generic logic. Use all_connected to see net
        connections. (OPT-461)
Warning: Dont_touch on net '*cell*85/a[11]' may be overridden by compile because it
        is connected to generic logic. Use all_connected to see net
        connections. (OPT-461)
Warning: Dont_touch on net '*cell*85/a[12]' may be overridden by compile because it
        is connected to generic logic. Use all_connected to see net
        connections. (OPT-461)
Warning: Dont_touch on net '*cell*85/a[13]' may be overridden by compile because it
        is connected to generic logic. Use all_connected to see net
        connections. (OPT-461)
Warning: Dont_touch on net '*cell*85/a[14]' may be overridden by compile because it
        is connected to generic logic. Use all_connected to see net
        connections. (OPT-461)
Warning: Dont_touch on net '*cell*85/a[15]' may be overridden by compile because it
        is connected to generic logic. Use all_connected to see net
        connections. (OPT-461)
Warning: Dont_touch on net '*cell*85/a[16]' may be overridden by compile because it
        is connected to generic logic. Use all_connected to see net
        connections. (OPT-461)
Warning: Dont_touch on net '*cell*85/a[17]' may be overridden by compile because it
        is connected to generic logic. Use all_connected to see net
        connections. (OPT-461)
Warning: Dont_touch on net '*cell*85/a[18]' may be overridden by compile because it
        is connected to generic logic. Use all_connected to see net
        connections. (OPT-461)
Warning: Dont_touch on net '*cell*85/a[19]' may be overridden by compile because it
        is connected to generic logic. Use all_connected to see net
        connections. (OPT-461)
Warning: Dont_touch on net '*cell*85/a[20]' may be overridden by compile because it
        is connected to generic logic. Use all_connected to see net
        connections. (OPT-461)
Warning: Dont_touch on net '*cell*85/a[21]' may be overridden by compile because it
        is connected to generic logic. Use all_connected to see net
        connections. (OPT-461)
Warning: Dont_touch on net '*cell*85/a[22]' may be overridden by compile because it
        is connected to generic logic. Use all_connected to see net
        connections. (OPT-461)
Warning: Dont_touch on net '*cell*85/*Logic0*' may be overridden by compile because it
        is connected to generic logic. Use all_connected to see net
        connections. (OPT-461)
Warning: Dont_touch on net '*cell*89/M_2scompl[0]' may be overridden by compile because it
        is connected to generic logic. Use all_connected to see net
        connections. (OPT-461)
Warning: Dont_touch on net '*cell*89/M_2scompl[1]' may be overridden by compile because it
        is connected to generic logic. Use all_connected to see net
        connections. (OPT-461)
Warning: Dont_touch on net '*cell*89/M_2scompl[2]' may be overridden by compile because it
        is connected to generic logic. Use all_connected to see net
        connections. (OPT-461)
Warning: Dont_touch on net '*cell*89/M_2scompl[3]' may be overridden by compile because it
        is connected to generic logic. Use all_connected to see net
        connections. (OPT-461)
Warning: Dont_touch on net '*cell*89/M_2scompl[4]' may be overridden by compile because it
        is connected to generic logic. Use all_connected to see net
        connections. (OPT-461)
Warning: Dont_touch on net '*cell*89/M_2scompl[5]' may be overridden by compile because it
        is connected to generic logic. Use all_connected to see net
        connections. (OPT-461)
Warning: Dont_touch on net '*cell*89/M_2scompl[6]' may be overridden by compile because it
        is connected to generic logic. Use all_connected to see net
        connections. (OPT-461)
Warning: Dont_touch on net '*cell*89/M_2scompl[7]' may be overridden by compile because it
        is connected to generic logic. Use all_connected to see net
        connections. (OPT-461)
Warning: Dont_touch on net '*cell*89/M_2scompl[8]' may be overridden by compile because it
        is connected to generic logic. Use all_connected to see net
        connections. (OPT-461)
Warning: Dont_touch on net '*cell*89/M_2scompl[9]' may be overridden by compile because it
        is connected to generic logic. Use all_connected to see net
        connections. (OPT-461)
Warning: Dont_touch on net '*cell*89/M_2scompl[10]' may be overridden by compile because it
        is connected to generic logic. Use all_connected to see net
        connections. (OPT-461)
Warning: Dont_touch on net '*cell*89/M_2scompl[11]' may be overridden by compile because it
        is connected to generic logic. Use all_connected to see net
        connections. (OPT-461)
Warning: Dont_touch on net '*cell*89/M_2scompl[12]' may be overridden by compile because it
        is connected to generic logic. Use all_connected to see net
        connections. (OPT-461)
Warning: Dont_touch on net '*cell*89/M_2scompl[13]' may be overridden by compile because it
        is connected to generic logic. Use all_connected to see net
        connections. (OPT-461)
Warning: Dont_touch on net '*cell*89/M_2scompl[14]' may be overridden by compile because it
        is connected to generic logic. Use all_connected to see net
        connections. (OPT-461)
Warning: Dont_touch on net '*cell*89/M_2scompl[15]' may be overridden by compile because it
        is connected to generic logic. Use all_connected to see net
        connections. (OPT-461)
Warning: Dont_touch on net '*cell*89/M_2scompl[16]' may be overridden by compile because it
        is connected to generic logic. Use all_connected to see net
        connections. (OPT-461)
Warning: Dont_touch on net '*cell*89/M_2scompl[17]' may be overridden by compile because it
        is connected to generic logic. Use all_connected to see net
        connections. (OPT-461)
Warning: Dont_touch on net '*cell*89/M_2scompl[18]' may be overridden by compile because it
        is connected to generic logic. Use all_connected to see net
        connections. (OPT-461)
Warning: Dont_touch on net '*cell*89/M_2scompl[19]' may be overridden by compile because it
        is connected to generic logic. Use all_connected to see net
        connections. (OPT-461)
Warning: Dont_touch on net '*cell*89/M_2scompl[20]' may be overridden by compile because it
        is connected to generic logic. Use all_connected to see net
        connections. (OPT-461)
Warning: Dont_touch on net '*cell*89/M_2scompl[21]' may be overridden by compile because it
        is connected to generic logic. Use all_connected to see net
        connections. (OPT-461)
Warning: Dont_touch on net '*cell*89/M_2scompl[22]' may be overridden by compile because it
        is connected to generic logic. Use all_connected to see net
        connections. (OPT-461)
Warning: Dont_touch on net '*cell*89/M_2scompl[23]' may be overridden by compile because it
        is connected to generic logic. Use all_connected to see net
        connections. (OPT-461)
Warning: Dont_touch on net '*cell*89/M_2scompl[24]' may be overridden by compile because it
        is connected to generic logic. Use all_connected to see net
        connections. (OPT-461)
Warning: Dont_touch on net '*cell*89/a[0]' may be overridden by compile because it
        is connected to generic logic. Use all_connected to see net
        connections. (OPT-461)
Warning: Dont_touch on net '*cell*89/a[1]' may be overridden by compile because it
        is connected to generic logic. Use all_connected to see net
        connections. (OPT-461)
Warning: Dont_touch on net '*cell*89/a[2]' may be overridden by compile because it
        is connected to generic logic. Use all_connected to see net
        connections. (OPT-461)
Warning: Dont_touch on net '*cell*89/a[3]' may be overridden by compile because it
        is connected to generic logic. Use all_connected to see net
        connections. (OPT-461)
Warning: Dont_touch on net '*cell*89/a[4]' may be overridden by compile because it
        is connected to generic logic. Use all_connected to see net
        connections. (OPT-461)
Warning: Dont_touch on net '*cell*89/a[5]' may be overridden by compile because it
        is connected to generic logic. Use all_connected to see net
        connections. (OPT-461)
Warning: Dont_touch on net '*cell*89/a[6]' may be overridden by compile because it
        is connected to generic logic. Use all_connected to see net
        connections. (OPT-461)
Warning: Dont_touch on net '*cell*89/a[7]' may be overridden by compile because it
        is connected to generic logic. Use all_connected to see net
        connections. (OPT-461)
Warning: Dont_touch on net '*cell*89/a[8]' may be overridden by compile because it
        is connected to generic logic. Use all_connected to see net
        connections. (OPT-461)
Warning: Dont_touch on net '*cell*89/a[9]' may be overridden by compile because it
        is connected to generic logic. Use all_connected to see net
        connections. (OPT-461)
Warning: Dont_touch on net '*cell*89/a[10]' may be overridden by compile because it
        is connected to generic logic. Use all_connected to see net
        connections. (OPT-461)
Warning: Dont_touch on net '*cell*89/a[11]' may be overridden by compile because it
        is connected to generic logic. Use all_connected to see net
        connections. (OPT-461)
Warning: Dont_touch on net '*cell*89/a[12]' may be overridden by compile because it
        is connected to generic logic. Use all_connected to see net
        connections. (OPT-461)
Warning: Dont_touch on net '*cell*89/a[13]' may be overridden by compile because it
        is connected to generic logic. Use all_connected to see net
        connections. (OPT-461)
Warning: Dont_touch on net '*cell*89/a[14]' may be overridden by compile because it
        is connected to generic logic. Use all_connected to see net
        connections. (OPT-461)
Warning: Dont_touch on net '*cell*89/a[15]' may be overridden by compile because it
        is connected to generic logic. Use all_connected to see net
        connections. (OPT-461)
Warning: Dont_touch on net '*cell*89/a[16]' may be overridden by compile because it
        is connected to generic logic. Use all_connected to see net
        connections. (OPT-461)
Warning: Dont_touch on net '*cell*89/a[17]' may be overridden by compile because it
        is connected to generic logic. Use all_connected to see net
        connections. (OPT-461)
Warning: Dont_touch on net '*cell*89/a[18]' may be overridden by compile because it
        is connected to generic logic. Use all_connected to see net
        connections. (OPT-461)
Warning: Dont_touch on net '*cell*89/a[19]' may be overridden by compile because it
        is connected to generic logic. Use all_connected to see net
        connections. (OPT-461)
Warning: Dont_touch on net '*cell*89/a[20]' may be overridden by compile because it
        is connected to generic logic. Use all_connected to see net
        connections. (OPT-461)
Warning: Dont_touch on net '*cell*89/a[21]' may be overridden by compile because it
        is connected to generic logic. Use all_connected to see net
        connections. (OPT-461)
Warning: Dont_touch on net '*cell*89/a[22]' may be overridden by compile because it
        is connected to generic logic. Use all_connected to see net
        connections. (OPT-461)
Warning: Dont_touch on net '*cell*89/*Logic0*' may be overridden by compile because it
        is connected to generic logic. Use all_connected to see net
        connections. (OPT-461)
Warning: Dont_touch on net '*cell*91/N96' may be overridden by compile because it
        is connected to generic logic. Use all_connected to see net
        connections. (OPT-461)
Warning: Dont_touch on net '*cell*91/N95' may be overridden by compile because it
        is connected to generic logic. Use all_connected to see net
        connections. (OPT-461)
Warning: Dont_touch on net '*cell*91/N94' may be overridden by compile because it
        is connected to generic logic. Use all_connected to see net
        connections. (OPT-461)
Warning: Dont_touch on net '*cell*91/N93' may be overridden by compile because it
        is connected to generic logic. Use all_connected to see net
        connections. (OPT-461)
Warning: Dont_touch on net '*cell*91/N92' may be overridden by compile because it
        is connected to generic logic. Use all_connected to see net
        connections. (OPT-461)
Warning: Dont_touch on net '*cell*91/N91' may be overridden by compile because it
        is connected to generic logic. Use all_connected to see net
        connections. (OPT-461)
Warning: Dont_touch on net '*cell*91/N90' may be overridden by compile because it
        is connected to generic logic. Use all_connected to see net
        connections. (OPT-461)
Warning: Dont_touch on net '*cell*91/N89' may be overridden by compile because it
        is connected to generic logic. Use all_connected to see net
        connections. (OPT-461)
Warning: Dont_touch on net '*cell*91/*Logic0*' may be overridden by compile because it
        is connected to generic logic. Use all_connected to see net
        connections. (OPT-461)
Warning: Dont_touch on net '*cell*93/N104' may be overridden by compile because it
        is connected to generic logic. Use all_connected to see net
        connections. (OPT-461)
Warning: Dont_touch on net '*cell*93/N103' may be overridden by compile because it
        is connected to generic logic. Use all_connected to see net
        connections. (OPT-461)
Warning: Dont_touch on net '*cell*93/N102' may be overridden by compile because it
        is connected to generic logic. Use all_connected to see net
        connections. (OPT-461)
Warning: Dont_touch on net '*cell*93/N101' may be overridden by compile because it
        is connected to generic logic. Use all_connected to see net
        connections. (OPT-461)
Warning: Dont_touch on net '*cell*93/N100' may be overridden by compile because it
        is connected to generic logic. Use all_connected to see net
        connections. (OPT-461)
Warning: Dont_touch on net '*cell*93/N99' may be overridden by compile because it
        is connected to generic logic. Use all_connected to see net
        connections. (OPT-461)
Warning: Dont_touch on net '*cell*93/N98' may be overridden by compile because it
        is connected to generic logic. Use all_connected to see net
        connections. (OPT-461)
Warning: Dont_touch on net '*cell*93/N97' may be overridden by compile because it
        is connected to generic logic. Use all_connected to see net
        connections. (OPT-461)
Warning: Dont_touch on net '*cell*93/N96' may be overridden by compile because it
        is connected to generic logic. Use all_connected to see net
        connections. (OPT-461)
Warning: Dont_touch on net '*cell*93/*Logic0*' may be overridden by compile because it
        is connected to generic logic. Use all_connected to see net
        connections. (OPT-461)
Warning: Dont_touch on net '*cell*95/*Logic0*' may be overridden by compile because it
        is connected to generic logic. Use all_connected to see net
        connections. (OPT-461)
Information: Changed wire load model for 'alt1' from '(none)' to 'G5K'. (OPT-170)
Information: Changed wire load model for 'astr' from '(none)' to 'G5K'. (OPT-170)
Information: Changed wire load model for 'alt1' from '(none)' to 'G5K'. (OPT-170)
Information: Changed wire load model for 'apparch' from '(none)' to 'G5K'. (OPT-170)
Information: Changed wire load model for 'alt1' from '(none)' to 'G5K'. (OPT-170)
Information: Changed wire load model for 'apparch' from '(none)' to 'G5K'. (OPT-170)
Information: Changed wire load model for 'alt1' from '(none)' to 'G5K'. (OPT-170)
Information: Changed wire load model for 'apparch' from '(none)' to 'G5K'. (OPT-170)
Information: Changed wire load model for 'alt1' from '(none)' to 'G5K'. (OPT-170)
Information: Changed wire load model for 'astr' from '(none)' to 'G5K'. (OPT-170)
Information: Changed wire load model for 'alt1' from '(none)' to 'G5K'. (OPT-170)
Information: Changed wire load model for 'apparch' from '(none)' to 'G5K'. (OPT-170)
Information: Changed wire load model for 'alt1' from '(none)' to 'G5K'. (OPT-170)
Information: Changed wire load model for 'astr' from '(none)' to 'G5K'. (OPT-170)
Information: Changed wire load model for 'alt1' from '(none)' to 'G5K'. (OPT-170)
Information: Changed wire load model for 'astr' from '(none)' to 'G5K'. (OPT-170)
Information: Changed wire load model for 'alt1' from '(none)' to 'G5K'. (OPT-170)
Information: Changed wire load model for 'apparch' from '(none)' to 'G5K'. (OPT-170)
Information: Changed wire load model for 'alt1' from '(none)' to 'G5K'. (OPT-170)
Information: Changed wire load model for 'apparch' from '(none)' to 'G5K'. (OPT-170)
Information: Changed wire load model for 'alt1' from '(none)' to 'G5K'. (OPT-170)
Information: Changed wire load model for 'apparch' from '(none)' to 'G5K'. (OPT-170)
Information: Changed wire load model for 'alt1' from '(none)' to 'G5K'. (OPT-170)
Information: Changed wire load model for 'apparch' from '(none)' to 'G5K'. (OPT-170)
Information: Changed wire load model for 'alt1' from '(none)' to 'G5K'. (OPT-170)
Information: Changed wire load model for 'apparch' from '(none)' to 'G5K'. (OPT-170)
Information: Changed wire load model for 'alt1' from '(none)' to 'G5K'. (OPT-170)
Information: Changed wire load model for 'astr' from '(none)' to 'G5K'. (OPT-170)
Information: Changed wire load model for 'alt1' from '(none)' to 'G5K'. (OPT-170)
Information: Changed wire load model for 'astr' from '(none)' to 'G5K'. (OPT-170)
Information: Changed wire load model for 'alt1' from '(none)' to 'G5K'. (OPT-170)
Information: Changed wire load model for 'apparch' from '(none)' to 'G5K'. (OPT-170)
Information: Changed wire load model for 'alt1' from '(none)' to 'G5K'. (OPT-170)
Information: Changed wire load model for 'astr' from '(none)' to 'G5K'. (OPT-170)
Information: Changed wire load model for 'alt1' from '(none)' to 'G5K'. (OPT-170)
Information: Changed wire load model for 'astr' from '(none)' to 'G5K'. (OPT-170)
Information: Changed wire load model for 'alt1' from '(none)' to 'G5K'. (OPT-170)
Information: Changed wire load model for 'astr' from '(none)' to 'G5K'. (OPT-170)
Information: Changed wire load model for 'alt1' from '(none)' to 'G5K'. (OPT-170)
Information: Changed wire load model for 'astr' from '(none)' to 'G5K'. (OPT-170)
Information: Changed wire load model for 'alt1' from '(none)' to 'G5K'. (OPT-170)
Information: Changed wire load model for 'apparch' from '(none)' to 'G5K'. (OPT-170)
Information: Changed wire load model for 'alt1' from '(none)' to 'G5K'. (OPT-170)
Information: Changed wire load model for 'apparch' from '(none)' to 'G5K'. (OPT-170)
Information: Changed wire load model for 'alt1' from '(none)' to 'G5K'. (OPT-170)
Information: Changed wire load model for 'apparch' from '(none)' to 'G5K'. (OPT-170)
Information: Changed wire load model for 'alt1' from '(none)' to 'G5K'. (OPT-170)
Information: Changed wire load model for 'apparch' from '(none)' to 'G5K'. (OPT-170)
Information: Changed wire load model for 'alt1' from '(none)' to 'G5K'. (OPT-170)
Information: Changed wire load model for 'astr' from '(none)' to 'G5K'. (OPT-170)
Information: Changed wire load model for 'alt1' from '(none)' to 'G5K'. (OPT-170)
Information: Changed wire load model for 'apparch' from '(none)' to 'G5K'. (OPT-170)
  Allocating blocks in 'DW_lzd_a_width53'
  Allocating blocks in 'DW_lzod_a_width53_detect_10'
Information: Changed wire load model for 'alt1' from '(none)' to 'G5K'. (OPT-170)
Information: Changed wire load model for 'astr' from '(none)' to 'G5K'. (OPT-170)
  Allocating blocks in 'DW_fp_ifp_conv_sig_widthi23_exp_widthi8_sig_widtho25_exp_widtho8_use_denormal0_use_1scmpl0'
  Allocating blocks in 'DW_fp_ifp_conv_sig_widthi23_exp_widthi8_sig_widtho28_exp_widtho9_use_denormal0_use_1scmpl0'
  Allocating blocks in 'DW_ifp_addsub_sig_widthi25_exp_widthi8_sig_widtho28_exp_widtho9_use_denormal0_use_1scmpl0'
Information: Changed wire load model for 'alt1' from '(none)' to 'G5K'. (OPT-170)
Information: Changed wire load model for 'astr' from '(none)' to 'G5K'. (OPT-170)
Information: Changed wire load model for 'alt1' from '(none)' to 'G5K'. (OPT-170)
Information: Changed wire load model for 'astr' from '(none)' to 'G5K'. (OPT-170)
Information: Changed wire load model for 'alt1' from '(none)' to 'G5K'. (OPT-170)
Information: Changed wire load model for 'apparch' from '(none)' to 'G5K'. (OPT-170)
Information: Changed wire load model for 'alt1' from '(none)' to 'G5K'. (OPT-170)
Information: Changed wire load model for 'astr' from '(none)' to 'G5K'. (OPT-170)
  Allocating blocks in 'DW_ifp_addsub_sig_widthi28_exp_widthi9_sig_widtho51_exp_widtho10_use_denormal0_use_1scmpl0'
Information: Changed wire load model for 'alt1' from '(none)' to 'G5K'. (OPT-170)
Information: Changed wire load model for 'astr' from '(none)' to 'G5K'. (OPT-170)
Information: Changed wire load model for 'alt1' from '(none)' to 'G5K'. (OPT-170)
Information: Changed wire load model for 'astr' from '(none)' to 'G5K'. (OPT-170)
Information: Changed wire load model for 'alt1' from '(none)' to 'G5K'. (OPT-170)
Information: Changed wire load model for 'apparch' from '(none)' to 'G5K'. (OPT-170)
Information: Changed wire load model for 'alt1' from '(none)' to 'G5K'. (OPT-170)
Information: Changed wire load model for 'astr' from '(none)' to 'G5K'. (OPT-170)
  Allocating blocks in 'DW_ifp_fp_conv_sig_widthi51_exp_widthi10_sig_width23_exp_width8_use_denormal0'
Information: Changed wire load model for 'alt1' from '(none)' to 'G5K'. (OPT-170)
Information: Changed wire load model for 'apparch' from '(none)' to 'G5K'. (OPT-170)
Information: Changed wire load model for 'alt1' from '(none)' to 'G5K'. (OPT-170)
Information: Changed wire load model for 'apparch' from '(none)' to 'G5K'. (OPT-170)
Information: Changed wire load model for 'alt1' from '(none)' to 'G5K'. (OPT-170)
Information: Changed wire load model for 'astr' from '(none)' to 'G5K'. (OPT-170)
  Allocating blocks in 'DW_lzd_a_width52'
  Allocating blocks in 'DW_lzod_a_width52_detect_10'
  Allocating blocks in 'DW_lzd_a_width52'
Information: Changed wire load model for 'alt1' from '(none)' to 'G5K'. (OPT-170)
Information: Changed wire load model for 'astr' from '(none)' to 'G5K'. (OPT-170)
Information: Changed wire load model for 'alt1' from '(none)' to 'G5K'. (OPT-170)
Information: Changed wire load model for 'apparch' from '(none)' to 'G5K'. (OPT-170)
  Allocating blocks in 'DW_fp_sum4_sig_width23_exp_width8_ieee_compliance0_arch_type0'
  Allocating blocks in 'DW_lzd_a_width29'
  Allocating blocks in 'DW_lzod_a_width29_detect_10'
Warning: Dont_touch on net '*cell*95/M_2scompl[0]' may be overridden by compile because it
        is connected to generic logic. Use all_connected to see net
        connections. (OPT-461)
Warning: Dont_touch on net '*cell*95/M_2scompl[1]' may be overridden by compile because it
        is connected to generic logic. Use all_connected to see net
        connections. (OPT-461)
Warning: Dont_touch on net '*cell*95/M_2scompl[2]' may be overridden by compile because it
        is connected to generic logic. Use all_connected to see net
        connections. (OPT-461)
Warning: Dont_touch on net '*cell*95/M_2scompl[3]' may be overridden by compile because it
        is connected to generic logic. Use all_connected to see net
        connections. (OPT-461)
Warning: Dont_touch on net '*cell*95/M_2scompl[4]' may be overridden by compile because it
        is connected to generic logic. Use all_connected to see net
        connections. (OPT-461)
Warning: Dont_touch on net '*cell*95/M_2scompl[5]' may be overridden by compile because it
        is connected to generic logic. Use all_connected to see net
        connections. (OPT-461)
Warning: Dont_touch on net '*cell*95/M_2scompl[6]' may be overridden by compile because it
        is connected to generic logic. Use all_connected to see net
        connections. (OPT-461)
Warning: Dont_touch on net '*cell*95/M_2scompl[7]' may be overridden by compile because it
        is connected to generic logic. Use all_connected to see net
        connections. (OPT-461)
Warning: Dont_touch on net '*cell*95/M_2scompl[8]' may be overridden by compile because it
        is connected to generic logic. Use all_connected to see net
        connections. (OPT-461)
Warning: Dont_touch on net '*cell*95/M_2scompl[9]' may be overridden by compile because it
        is connected to generic logic. Use all_connected to see net
        connections. (OPT-461)
Warning: Dont_touch on net '*cell*95/M_2scompl[10]' may be overridden by compile because it
        is connected to generic logic. Use all_connected to see net
        connections. (OPT-461)
Warning: Dont_touch on net '*cell*95/M_2scompl[11]' may be overridden by compile because it
        is connected to generic logic. Use all_connected to see net
        connections. (OPT-461)
Warning: Dont_touch on net '*cell*95/M_2scompl[12]' may be overridden by compile because it
        is connected to generic logic. Use all_connected to see net
        connections. (OPT-461)
Warning: Dont_touch on net '*cell*95/M_2scompl[13]' may be overridden by compile because it
        is connected to generic logic. Use all_connected to see net
        connections. (OPT-461)
Warning: Dont_touch on net '*cell*95/M_2scompl[14]' may be overridden by compile because it
        is connected to generic logic. Use all_connected to see net
        connections. (OPT-461)
Warning: Dont_touch on net '*cell*95/M_2scompl[15]' may be overridden by compile because it
        is connected to generic logic. Use all_connected to see net
        connections. (OPT-461)
Warning: Dont_touch on net '*cell*95/M_2scompl[16]' may be overridden by compile because it
        is connected to generic logic. Use all_connected to see net
        connections. (OPT-461)
Warning: Dont_touch on net '*cell*95/M_2scompl[17]' may be overridden by compile because it
        is connected to generic logic. Use all_connected to see net
        connections. (OPT-461)
Warning: Dont_touch on net '*cell*95/M_2scompl[18]' may be overridden by compile because it
        is connected to generic logic. Use all_connected to see net
        connections. (OPT-461)
Warning: Dont_touch on net '*cell*95/M_2scompl[19]' may be overridden by compile because it
        is connected to generic logic. Use all_connected to see net
        connections. (OPT-461)
Warning: Dont_touch on net '*cell*95/M_2scompl[20]' may be overridden by compile because it
        is connected to generic logic. Use all_connected to see net
        connections. (OPT-461)
Warning: Dont_touch on net '*cell*95/M_2scompl[21]' may be overridden by compile because it
        is connected to generic logic. Use all_connected to see net
        connections. (OPT-461)
Warning: Dont_touch on net '*cell*95/M_2scompl[22]' may be overridden by compile because it
        is connected to generic logic. Use all_connected to see net
        connections. (OPT-461)
Warning: Dont_touch on net '*cell*95/M_2scompl[23]' may be overridden by compile because it
        is connected to generic logic. Use all_connected to see net
        connections. (OPT-461)
Warning: Dont_touch on net '*cell*95/M_2scompl[24]' may be overridden by compile because it
        is connected to generic logic. Use all_connected to see net
        connections. (OPT-461)
Warning: Dont_touch on net '*cell*95/a[0]' may be overridden by compile because it
        is connected to generic logic. Use all_connected to see net
        connections. (OPT-461)
Warning: Dont_touch on net '*cell*95/a[1]' may be overridden by compile because it
        is connected to generic logic. Use all_connected to see net
        connections. (OPT-461)
Warning: Dont_touch on net '*cell*95/a[2]' may be overridden by compile because it
        is connected to generic logic. Use all_connected to see net
        connections. (OPT-461)
Warning: Dont_touch on net '*cell*95/a[3]' may be overridden by compile because it
        is connected to generic logic. Use all_connected to see net
        connections. (OPT-461)
Warning: Dont_touch on net '*cell*95/a[4]' may be overridden by compile because it
        is connected to generic logic. Use all_connected to see net
        connections. (OPT-461)
Warning: Dont_touch on net '*cell*95/a[5]' may be overridden by compile because it
        is connected to generic logic. Use all_connected to see net
        connections. (OPT-461)
Warning: Dont_touch on net '*cell*95/a[6]' may be overridden by compile because it
        is connected to generic logic. Use all_connected to see net
        connections. (OPT-461)
Warning: Dont_touch on net '*cell*95/a[7]' may be overridden by compile because it
        is connected to generic logic. Use all_connected to see net
        connections. (OPT-461)
Warning: Dont_touch on net '*cell*95/a[8]' may be overridden by compile because it
        is connected to generic logic. Use all_connected to see net
        connections. (OPT-461)
Warning: Dont_touch on net '*cell*95/a[9]' may be overridden by compile because it
        is connected to generic logic. Use all_connected to see net
        connections. (OPT-461)
Warning: Dont_touch on net '*cell*95/a[10]' may be overridden by compile because it
        is connected to generic logic. Use all_connected to see net
        connections. (OPT-461)
Warning: Dont_touch on net '*cell*95/a[11]' may be overridden by compile because it
        is connected to generic logic. Use all_connected to see net
        connections. (OPT-461)
Warning: Dont_touch on net '*cell*95/a[12]' may be overridden by compile because it
        is connected to generic logic. Use all_connected to see net
        connections. (OPT-461)
Warning: Dont_touch on net '*cell*95/a[13]' may be overridden by compile because it
        is connected to generic logic. Use all_connected to see net
        connections. (OPT-461)
Warning: Dont_touch on net '*cell*95/a[14]' may be overridden by compile because it
        is connected to generic logic. Use all_connected to see net
        connections. (OPT-461)
Warning: Dont_touch on net '*cell*95/a[15]' may be overridden by compile because it
        is connected to generic logic. Use all_connected to see net
        connections. (OPT-461)
Warning: Dont_touch on net '*cell*95/a[16]' may be overridden by compile because it
        is connected to generic logic. Use all_connected to see net
        connections. (OPT-461)
Warning: Dont_touch on net '*cell*95/a[17]' may be overridden by compile because it
        is connected to generic logic. Use all_connected to see net
        connections. (OPT-461)
Warning: Dont_touch on net '*cell*95/a[18]' may be overridden by compile because it
        is connected to generic logic. Use all_connected to see net
        connections. (OPT-461)
Warning: Dont_touch on net '*cell*95/a[19]' may be overridden by compile because it
        is connected to generic logic. Use all_connected to see net
        connections. (OPT-461)
Warning: Dont_touch on net '*cell*95/a[20]' may be overridden by compile because it
        is connected to generic logic. Use all_connected to see net
        connections. (OPT-461)
Warning: Dont_touch on net '*cell*95/a[21]' may be overridden by compile because it
        is connected to generic logic. Use all_connected to see net
        connections. (OPT-461)
Warning: Dont_touch on net '*cell*95/a[22]' may be overridden by compile because it
        is connected to generic logic. Use all_connected to see net
        connections. (OPT-461)
Warning: Dont_touch on net '*cell*95/*Logic0*' may be overridden by compile because it
        is connected to generic logic. Use all_connected to see net
        connections. (OPT-461)
Warning: Dont_touch on net '*cell*103/N96' may be overridden by compile because it
        is connected to generic logic. Use all_connected to see net
        connections. (OPT-461)
Warning: Dont_touch on net '*cell*103/N95' may be overridden by compile because it
        is connected to generic logic. Use all_connected to see net
        connections. (OPT-461)
Warning: Dont_touch on net '*cell*103/N94' may be overridden by compile because it
        is connected to generic logic. Use all_connected to see net
        connections. (OPT-461)
Warning: Dont_touch on net '*cell*103/N93' may be overridden by compile because it
        is connected to generic logic. Use all_connected to see net
        connections. (OPT-461)
Warning: Dont_touch on net '*cell*103/N92' may be overridden by compile because it
        is connected to generic logic. Use all_connected to see net
        connections. (OPT-461)
Warning: Dont_touch on net '*cell*103/N91' may be overridden by compile because it
        is connected to generic logic. Use all_connected to see net
        connections. (OPT-461)
Warning: Dont_touch on net '*cell*103/N90' may be overridden by compile because it
        is connected to generic logic. Use all_connected to see net
        connections. (OPT-461)
Warning: Dont_touch on net '*cell*103/N89' may be overridden by compile because it
        is connected to generic logic. Use all_connected to see net
        connections. (OPT-461)
Warning: Dont_touch on net '*cell*103/*Logic0*' may be overridden by compile because it
        is connected to generic logic. Use all_connected to see net
        connections. (OPT-461)
Warning: Dont_touch on net '*cell*107/N104' may be overridden by compile because it
        is connected to generic logic. Use all_connected to see net
        connections. (OPT-461)
Warning: Dont_touch on net '*cell*107/N103' may be overridden by compile because it
        is connected to generic logic. Use all_connected to see net
        connections. (OPT-461)
Warning: Dont_touch on net '*cell*107/N102' may be overridden by compile because it
        is connected to generic logic. Use all_connected to see net
        connections. (OPT-461)
Warning: Dont_touch on net '*cell*107/N101' may be overridden by compile because it
        is connected to generic logic. Use all_connected to see net
        connections. (OPT-461)
Warning: Dont_touch on net '*cell*107/N100' may be overridden by compile because it
        is connected to generic logic. Use all_connected to see net
        connections. (OPT-461)
Warning: Dont_touch on net '*cell*107/N99' may be overridden by compile because it
        is connected to generic logic. Use all_connected to see net
        connections. (OPT-461)
Warning: Dont_touch on net '*cell*107/N98' may be overridden by compile because it
        is connected to generic logic. Use all_connected to see net
        connections. (OPT-461)
Warning: Dont_touch on net '*cell*107/N97' may be overridden by compile because it
        is connected to generic logic. Use all_connected to see net
        connections. (OPT-461)
Warning: Dont_touch on net '*cell*107/N96' may be overridden by compile because it
        is connected to generic logic. Use all_connected to see net
        connections. (OPT-461)
Warning: Dont_touch on net '*cell*107/*Logic0*' may be overridden by compile because it
        is connected to generic logic. Use all_connected to see net
        connections. (OPT-461)
Warning: Dont_touch on net '*cell*109/*Logic0*' may be overridden by compile because it
        is connected to generic logic. Use all_connected to see net
        connections. (OPT-461)
  Allocating blocks in 'DW_ifp_fp_conv_sig_widthi51_exp_widthi10_sig_width23_exp_width8_use_denormal0'
Information: Changed wire load model for 'alt1' from '(none)' to 'G5K'. (OPT-170)
Information: Changed wire load model for 'apparch' from '(none)' to 'G5K'. (OPT-170)
Information: Changed wire load model for 'alt1' from '(none)' to 'G5K'. (OPT-170)
Information: Changed wire load model for 'apparch' from '(none)' to 'G5K'. (OPT-170)
Information: Changed wire load model for 'alt1' from '(none)' to 'G5K'. (OPT-170)
Information: Changed wire load model for 'astr' from '(none)' to 'G5K'. (OPT-170)
Information: Changed wire load model for 'alt1' from '(none)' to 'G5K'. (OPT-170)
Information: Changed wire load model for 'astr' from '(none)' to 'G5K'. (OPT-170)
Information: Changed wire load model for 'alt1' from '(none)' to 'G5K'. (OPT-170)
Information: Changed wire load model for 'apparch' from '(none)' to 'G5K'. (OPT-170)
Information: Changed wire load model for 'alt1' from '(none)' to 'G5K'. (OPT-170)
Information: Changed wire load model for 'apparch' from '(none)' to 'G5K'. (OPT-170)
  Allocating blocks in 'DW_ifp_addsub_sig_widthi28_exp_widthi9_sig_widtho51_exp_widtho10_use_denormal0_use_1scmpl0'
Information: Changed wire load model for 'alt1' from '(none)' to 'G5K'. (OPT-170)
Information: Changed wire load model for 'astr' from '(none)' to 'G5K'. (OPT-170)
Information: Changed wire load model for 'alt1' from '(none)' to 'G5K'. (OPT-170)
Information: Changed wire load model for 'astr' from '(none)' to 'G5K'. (OPT-170)
Information: Changed wire load model for 'alt1' from '(none)' to 'G5K'. (OPT-170)
Information: Changed wire load model for 'apparch' from '(none)' to 'G5K'. (OPT-170)
Information: Changed wire load model for 'alt1' from '(none)' to 'G5K'. (OPT-170)
Information: Changed wire load model for 'apparch' from '(none)' to 'G5K'. (OPT-170)
Information: Changed wire load model for 'alt1' from '(none)' to 'G5K'. (OPT-170)
Information: Changed wire load model for 'astr' from '(none)' to 'G5K'. (OPT-170)
  Allocating blocks in 'DW_ifp_addsub_sig_widthi25_exp_widthi8_sig_widtho28_exp_widtho9_use_denormal0_use_1scmpl0'
Information: Changed wire load model for 'alt1' from '(none)' to 'G5K'. (OPT-170)
Information: Changed wire load model for 'astr' from '(none)' to 'G5K'. (OPT-170)
Information: Changed wire load model for 'alt1' from '(none)' to 'G5K'. (OPT-170)
Information: Changed wire load model for 'astr' from '(none)' to 'G5K'. (OPT-170)
Information: Changed wire load model for 'alt1' from '(none)' to 'G5K'. (OPT-170)
Information: Changed wire load model for 'apparch' from '(none)' to 'G5K'. (OPT-170)
Information: Changed wire load model for 'alt1' from '(none)' to 'G5K'. (OPT-170)
Information: Changed wire load model for 'apparch' from '(none)' to 'G5K'. (OPT-170)
Information: Changed wire load model for 'alt1' from '(none)' to 'G5K'. (OPT-170)
Information: Changed wire load model for 'astr' from '(none)' to 'G5K'. (OPT-170)
Information: Changed wire load model for 'alt1' from '(none)' to 'G5K'. (OPT-170)
Information: Changed wire load model for 'apparch' from '(none)' to 'G5K'. (OPT-170)
Information: Changed wire load model for 'alt1' from '(none)' to 'G5K'. (OPT-170)
Information: Changed wire load model for 'astr' from '(none)' to 'G5K'. (OPT-170)
  Allocating blocks in 'DW_fp_ifp_conv_sig_widthi23_exp_widthi8_sig_widtho25_exp_widtho8_use_denormal0_use_1scmpl0'
Information: Changed wire load model for 'alt1' from '(none)' to 'G5K'. (OPT-170)
Information: Changed wire load model for 'astr' from '(none)' to 'G5K'. (OPT-170)
  Allocating blocks in 'DW_lzd_a_width53'
Information: Changed wire load model for 'alt1' from '(none)' to 'G5K'. (OPT-170)
Information: Changed wire load model for 'astr' from '(none)' to 'G5K'. (OPT-170)
Information: Changed wire load model for 'alt1' from '(none)' to 'G5K'. (OPT-170)
Information: Changed wire load model for 'astr' from '(none)' to 'G5K'. (OPT-170)
Information: Changed wire load model for 'alt1' from '(none)' to 'G5K'. (OPT-170)
Information: Changed wire load model for 'apparch' from '(none)' to 'G5K'. (OPT-170)
Information: Changed wire load model for 'alt1' from '(none)' to 'G5K'. (OPT-170)
Information: Changed wire load model for 'astr' from '(none)' to 'G5K'. (OPT-170)
Information: Changed wire load model for 'alt1' from '(none)' to 'G5K'. (OPT-170)
Information: Changed wire load model for 'astr' from '(none)' to 'G5K'. (OPT-170)
Information: Changed wire load model for 'alt1' from '(none)' to 'G5K'. (OPT-170)
Information: Changed wire load model for 'apparch' from '(none)' to 'G5K'. (OPT-170)
Information: Changed wire load model for 'alt1' from '(none)' to 'G5K'. (OPT-170)
Information: Changed wire load model for 'apparch' from '(none)' to 'G5K'. (OPT-170)
Information: Changed wire load model for 'alt1' from '(none)' to 'G5K'. (OPT-170)
Information: Changed wire load model for 'astr' from '(none)' to 'G5K'. (OPT-170)
Information: Changed wire load model for 'alt1' from '(none)' to 'G5K'. (OPT-170)
Information: Changed wire load model for 'astr' from '(none)' to 'G5K'. (OPT-170)
Information: Changed wire load model for 'alt1' from '(none)' to 'G5K'. (OPT-170)
Information: Changed wire load model for 'apparch' from '(none)' to 'G5K'. (OPT-170)
Information: Changed wire load model for 'alt1' from '(none)' to 'G5K'. (OPT-170)
Information: Changed wire load model for 'apparch' from '(none)' to 'G5K'. (OPT-170)
Information: Changed wire load model for 'alt1' from '(none)' to 'G5K'. (OPT-170)
Information: Changed wire load model for 'apparch' from '(none)' to 'G5K'. (OPT-170)
Information: Changed wire load model for 'alt1' from '(none)' to 'G5K'. (OPT-170)
Information: Changed wire load model for 'apparch' from '(none)' to 'G5K'. (OPT-170)
Information: Changed wire load model for 'alt1' from '(none)' to 'G5K'. (OPT-170)
Information: Changed wire load model for 'apparch' from '(none)' to 'G5K'. (OPT-170)
Information: Changed wire load model for 'alt1' from '(none)' to 'G5K'. (OPT-170)
Information: Changed wire load model for 'apparch' from '(none)' to 'G5K'. (OPT-170)
Information: Changed wire load model for 'alt1' from '(none)' to 'G5K'. (OPT-170)
Information: Changed wire load model for 'apparch' from '(none)' to 'G5K'. (OPT-170)
  Allocating blocks in 'DW_lzd_a_width29'
  Allocating blocks in 'DW_lzod_a_width29_detect_10'
  Allocating blocks in 'DW_fp_cmp_sig_width23_exp_width8_ieee_compliance0'
Information: Changed wire load model for 'alt1' from '(none)' to 'G5K'. (OPT-170)
Information: Changed wire load model for 'apparch' from '(none)' to 'G5K'. (OPT-170)
Information: Changed wire load model for 'alt1' from '(none)' to 'G5K'. (OPT-170)
Information: Changed wire load model for 'apparch' from '(none)' to 'G5K'. (OPT-170)
Information: Changed wire load model for 'alt1' from '(none)' to 'G5K'. (OPT-170)
Information: Changed wire load model for 'apparch' from '(none)' to 'G5K'. (OPT-170)
Information: Changed wire load model for 'alt1' from '(none)' to 'G5K'. (OPT-170)
Information: Changed wire load model for 'apparch' from '(none)' to 'G5K'. (OPT-170)
  Allocating blocks in 'DW_fp_exp_sig_width23_exp_width8_ieee_compliance0_arch0'
Information: Changed wire load model for 'alt1' from '(none)' to 'G5K'. (OPT-170)
Information: Changed wire load model for 'pparch' from '(none)' to 'G5K'. (OPT-170)
Information: Changed wire load model for 'alt1' from '(none)' to 'G5K'. (OPT-170)
Information: Changed wire load model for 'apparch' from '(none)' to 'G5K'. (OPT-170)
Information: Changed wire load model for 'alt1' from '(none)' to 'G5K'. (OPT-170)
Information: Changed wire load model for 'astr' from '(none)' to 'G5K'. (OPT-170)
  Allocating blocks in 'DW01_ash_A_width41_SH_width9'
Information: Changed wire load model for 'alt1' from '(none)' to 'G5K'. (OPT-170)
Information: Changed wire load model for 'astr' from '(none)' to 'G5K'. (OPT-170)
  Allocating blocks in 'DW_exp2_op_width26_arch0_err_range1'
Information: Changed wire load model for 'alt1' from '(none)' to 'G5K'. (OPT-170)
Information: Changed wire load model for 'pparch' from '(none)' to 'G5K'. (OPT-170)
Information: Changed wire load model for 'alt1' from '(none)' to 'G5K'. (OPT-170)
Information: Changed wire load model for 'apparch' from '(none)' to 'G5K'. (OPT-170)
Information: Changed wire load model for 'alt1' from '(none)' to 'G5K'. (OPT-170)
Information: Changed wire load model for 'pparch' from '(none)' to 'G5K'. (OPT-170)
Information: Changed wire load model for 'alt1' from '(none)' to 'G5K'. (OPT-170)
Information: Changed wire load model for 'apparch' from '(none)' to 'G5K'. (OPT-170)
Information: Changed wire load model for 'alt1' from '(none)' to 'G5K'. (OPT-170)
Information: Changed wire load model for 'apparch' from '(none)' to 'G5K'. (OPT-170)
Information: Changed wire load model for 'alt1' from '(none)' to 'G5K'. (OPT-170)
Information: Changed wire load model for 'apparch' from '(none)' to 'G5K'. (OPT-170)
Information: Changed wire load model for 'alt1' from '(none)' to 'G5K'. (OPT-170)
Information: Changed wire load model for 'astr' from '(none)' to 'G5K'. (OPT-170)
Information: Changed wire load model for 'alt1' from '(none)' to 'G5K'. (OPT-170)
Information: Changed wire load model for 'apparch' from '(none)' to 'G5K'. (OPT-170)
Information: Changed wire load model for 'alt1' from '(none)' to 'G5K'. (OPT-170)
Information: Changed wire load model for 'apparch' from '(none)' to 'G5K'. (OPT-170)
Information: Changed wire load model for 'alt1' from '(none)' to 'G5K'. (OPT-170)
Information: Changed wire load model for 'astr' from '(none)' to 'G5K'. (OPT-170)
Information: Changed wire load model for 'alt1' from '(none)' to 'G5K'. (OPT-170)
Information: Changed wire load model for 'apparch' from '(none)' to 'G5K'. (OPT-170)
Information: Changed wire load model for 'alt1' from '(none)' to 'G5K'. (OPT-170)
Information: Changed wire load model for 'apparch' from '(none)' to 'G5K'. (OPT-170)
Information: Changed wire load model for 'alt1' from '(none)' to 'G5K'. (OPT-170)
Information: Changed wire load model for 'apparch' from '(none)' to 'G5K'. (OPT-170)
Information: Changed wire load model for 'alt1' from '(none)' to 'G5K'. (OPT-170)
Information: Changed wire load model for 'astr' from '(none)' to 'G5K'. (OPT-170)
  Allocating blocks in 'DW_exp2_op_width26_arch0_err_range1'
Information: Changed wire load model for 'alt1' from '(none)' to 'G5K'. (OPT-170)
Information: Changed wire load model for 'apparch' from '(none)' to 'G5K'. (OPT-170)
Information: Changed wire load model for 'alt1' from '(none)' to 'G5K'. (OPT-170)
Information: Changed wire load model for 'apparch' from '(none)' to 'G5K'. (OPT-170)
Information: Changed wire load model for 'alt1' from '(none)' to 'G5K'. (OPT-170)
Information: Changed wire load model for 'apparch' from '(none)' to 'G5K'. (OPT-170)
Information: Changed wire load model for 'alt1' from '(none)' to 'G5K'. (OPT-170)
Information: Changed wire load model for 'apparch' from '(none)' to 'G5K'. (OPT-170)
Information: Changed wire load model for 'alt1' from '(none)' to 'G5K'. (OPT-170)
Information: Changed wire load model for 'astr' from '(none)' to 'G5K'. (OPT-170)
  Allocating blocks in 'DW_fp_exp_sig_width23_exp_width8_ieee_compliance0_arch0'
Information: Changed wire load model for 'alt1' from '(none)' to 'G5K'. (OPT-170)
Information: Changed wire load model for 'astr' from '(none)' to 'G5K'. (OPT-170)
  Allocating blocks in 'DW_exp2_op_width26_arch0_err_range1'
Information: Changed wire load model for 'alt1' from '(none)' to 'G5K'. (OPT-170)
Information: Changed wire load model for 'apparch' from '(none)' to 'G5K'. (OPT-170)
Information: Changed wire load model for 'alt1' from '(none)' to 'G5K'. (OPT-170)
Information: Changed wire load model for 'apparch' from '(none)' to 'G5K'. (OPT-170)
Information: Changed wire load model for 'alt1' from '(none)' to 'G5K'. (OPT-170)
Information: Changed wire load model for 'apparch' from '(none)' to 'G5K'. (OPT-170)
Information: Changed wire load model for 'alt1' from '(none)' to 'G5K'. (OPT-170)
Information: Changed wire load model for 'apparch' from '(none)' to 'G5K'. (OPT-170)
Information: Changed wire load model for 'alt1' from '(none)' to 'G5K'. (OPT-170)
Information: Changed wire load model for 'astr' from '(none)' to 'G5K'. (OPT-170)
Information: Changed wire load model for 'alt1' from '(none)' to 'G5K'. (OPT-170)
Information: Changed wire load model for 'apparch' from '(none)' to 'G5K'. (OPT-170)
Information: Changed wire load model for 'alt1' from '(none)' to 'G5K'. (OPT-170)
Information: Changed wire load model for 'apparch' from '(none)' to 'G5K'. (OPT-170)
  Allocating blocks in 'DW_fp_add_sig_width23_exp_width8_ieee_compliance0'
Warning: Dont_touch on net '*cell*6/*Logic0*' may be overridden by compile because it
        is connected to generic logic. Use all_connected to see net
        connections. (OPT-461)
  Allocating blocks in 'DW_fp_addsub_sig_width23_exp_width8_ieee_compliance0'
Information: Changed wire load model for 'alt1' from '(none)' to 'G5K'. (OPT-170)
Information: Changed wire load model for 'astr' from '(none)' to 'G5K'. (OPT-170)
  Allocating blocks in 'DW_lzd_a_width27'
  Allocating blocks in 'DW_lzod_a_width27_detect_10'
Information: Changed wire load model for 'alt1' from '(none)' to 'G5K'. (OPT-170)
Information: Changed wire load model for 'astr' from '(none)' to 'G5K'. (OPT-170)
Information: Changed wire load model for 'alt1' from '(none)' to 'G5K'. (OPT-170)
Information: Changed wire load model for 'astr' from '(none)' to 'G5K'. (OPT-170)
Information: Changed wire load model for 'alt1' from '(none)' to 'G5K'. (OPT-170)
Information: Changed wire load model for 'apparch' from '(none)' to 'G5K'. (OPT-170)
Information: Changed wire load model for 'alt1' from '(none)' to 'G5K'. (OPT-170)
Information: Changed wire load model for 'apparch' from '(none)' to 'G5K'. (OPT-170)
Information: Changed wire load model for 'alt1' from '(none)' to 'G5K'. (OPT-170)
Information: Changed wire load model for 'astr' from '(none)' to 'G5K'. (OPT-170)
Information: Changed wire load model for 'alt1' from '(none)' to 'G5K'. (OPT-170)
Information: Changed wire load model for 'astr' from '(none)' to 'G5K'. (OPT-170)
  Allocating blocks in 'DW_fp_add_sig_width23_exp_width8_ieee_compliance0'
Warning: Dont_touch on net '*cell*6/*Logic0*' may be overridden by compile because it
        is connected to generic logic. Use all_connected to see net
        connections. (OPT-461)
  Allocating blocks in 'DW_fp_addsub_sig_width23_exp_width8_ieee_compliance0'
Information: Changed wire load model for 'alt1' from '(none)' to 'G5K'. (OPT-170)
Information: Changed wire load model for 'astr' from '(none)' to 'G5K'. (OPT-170)
  Allocating blocks in 'DW_lzd_a_width27'
  Allocating blocks in 'DW_lzod_a_width27_detect_10'
Information: Changed wire load model for 'alt1' from '(none)' to 'G5K'. (OPT-170)
Information: Changed wire load model for 'astr' from '(none)' to 'G5K'. (OPT-170)
Information: Changed wire load model for 'alt1' from '(none)' to 'G5K'. (OPT-170)
Information: Changed wire load model for 'astr' from '(none)' to 'G5K'. (OPT-170)
Information: Changed wire load model for 'alt1' from '(none)' to 'G5K'. (OPT-170)
Information: Changed wire load model for 'apparch' from '(none)' to 'G5K'. (OPT-170)
Information: Changed wire load model for 'alt1' from '(none)' to 'G5K'. (OPT-170)
Information: Changed wire load model for 'apparch' from '(none)' to 'G5K'. (OPT-170)
Information: Changed wire load model for 'alt1' from '(none)' to 'G5K'. (OPT-170)
Information: Changed wire load model for 'astr' from '(none)' to 'G5K'. (OPT-170)
Information: Changed wire load model for 'alt1' from '(none)' to 'G5K'. (OPT-170)
Information: Changed wire load model for 'astr' from '(none)' to 'G5K'. (OPT-170)
  Allocating blocks in 'DW_fp_recip_sig_width23_exp_width8_ieee_compliance0_faithful_round0'
  Allocating blocks in 'DW_lzd_a_width3'
  Allocating blocks in 'DW_lzod_a_width3_detect_10'
Information: Changed wire load model for 'alt1' from '(none)' to 'G5K'. (OPT-170)
Information: Changed wire load model for 'apparch' from '(none)' to 'G5K'. (OPT-170)
Information: Changed wire load model for 'alt1' from '(none)' to 'G5K'. (OPT-170)
Information: Changed wire load model for 'apparch' from '(none)' to 'G5K'. (OPT-170)
Information: Changed wire load model for 'alt1' from '(none)' to 'G5K'. (OPT-170)
Information: Changed wire load model for 'apparch' from '(none)' to 'G5K'. (OPT-170)
Information: Changed wire load model for 'alt1' from '(none)' to 'G5K'. (OPT-170)
Information: Changed wire load model for 'apparch' from '(none)' to 'G5K'. (OPT-170)
Information: Changed wire load model for 'alt1' from '(none)' to 'G5K'. (OPT-170)
Information: Changed wire load model for 'apparch' from '(none)' to 'G5K'. (OPT-170)
Information: Changed wire load model for 'alt1' from '(none)' to 'G5K'. (OPT-170)
Information: Changed wire load model for 'apparch' from '(none)' to 'G5K'. (OPT-170)
Information: Changed wire load model for 'alt1' from '(none)' to 'G5K'. (OPT-170)
Information: Changed wire load model for 'apparch' from '(none)' to 'G5K'. (OPT-170)
  Allocating blocks in 'DW_fp_sub_sig_width23_exp_width8_ieee_compliance0'
Warning: Dont_touch on net '*cell*6/*Logic0*' may be overridden by compile because it
        is connected to generic logic. Use all_connected to see net
        connections. (OPT-461)
  Allocating blocks in 'DW_fp_addsub_sig_width23_exp_width8_ieee_compliance0'
Information: Changed wire load model for 'alt1' from '(none)' to 'G5K'. (OPT-170)
Information: Changed wire load model for 'astr' from '(none)' to 'G5K'. (OPT-170)
  Allocating blocks in 'DW_lzd_a_width27'
  Allocating blocks in 'DW_lzod_a_width27_detect_10'
Information: Changed wire load model for 'alt1' from '(none)' to 'G5K'. (OPT-170)
Information: Changed wire load model for 'astr' from '(none)' to 'G5K'. (OPT-170)
Information: Changed wire load model for 'alt1' from '(none)' to 'G5K'. (OPT-170)
Information: Changed wire load model for 'astr' from '(none)' to 'G5K'. (OPT-170)
Information: Changed wire load model for 'alt1' from '(none)' to 'G5K'. (OPT-170)
Information: Changed wire load model for 'apparch' from '(none)' to 'G5K'. (OPT-170)
Information: Changed wire load model for 'alt1' from '(none)' to 'G5K'. (OPT-170)
Information: Changed wire load model for 'apparch' from '(none)' to 'G5K'. (OPT-170)
Information: Changed wire load model for 'alt1' from '(none)' to 'G5K'. (OPT-170)
Information: Changed wire load model for 'astr' from '(none)' to 'G5K'. (OPT-170)
Information: Changed wire load model for 'alt1' from '(none)' to 'G5K'. (OPT-170)
Information: Changed wire load model for 'astr' from '(none)' to 'G5K'. (OPT-170)
Information: Changed wire load model for 'alt1' from '(none)' to 'G5K'. (OPT-170)
Information: Changed wire load model for 'apparch' from '(none)' to 'G5K'. (OPT-170)
Information: Changed wire load model for 'alt1' from '(none)' to 'G5K'. (OPT-170)
Information: Changed wire load model for 'apparch' from '(none)' to 'G5K'. (OPT-170)
  Allocating blocks in 'DW_fp_mult_sig_width23_exp_width8_ieee_compliance0'
  Allocating blocks in 'DW_lzd_a_width24'
  Allocating blocks in 'DW_lzod_a_width24_detect_10'
Information: Changed wire load model for 'alt1' from '(none)' to 'G5K'. (OPT-170)
Information: Changed wire load model for 'apparch' from '(none)' to 'G5K'. (OPT-170)
Information: Changed wire load model for 'alt1' from '(none)' to 'G5K'. (OPT-170)
Information: Changed wire load model for 'apparch' from '(none)' to 'G5K'. (OPT-170)
Information: Changed wire load model for 'alt1' from '(none)' to 'G5K'. (OPT-170)
Information: Changed wire load model for 'apparch' from '(none)' to 'G5K'. (OPT-170)
Information: Changed wire load model for 'alt1' from '(none)' to 'G5K'. (OPT-170)
Information: Changed wire load model for 'apparch' from '(none)' to 'G5K'. (OPT-170)
Information: Changed wire load model for 'alt1' from '(none)' to 'G5K'. (OPT-170)
Information: Changed wire load model for 'apparch' from '(none)' to 'G5K'. (OPT-170)
Information: Changed wire load model for 'alt1' from '(none)' to 'G5K'. (OPT-170)
Information: Changed wire load model for 'apparch' from '(none)' to 'G5K'. (OPT-170)
Information: Changed wire load model for 'alt1' from '(none)' to 'G5K'. (OPT-170)
Information: Changed wire load model for 'apparch' from '(none)' to 'G5K'. (OPT-170)
Information: Changed wire load model for 'alt1' from '(none)' to 'G5K'. (OPT-170)
Information: Changed wire load model for 'apparch' from '(none)' to 'G5K'. (OPT-170)
Information: Changed wire load model for 'alt1' from '(none)' to 'G5K'. (OPT-170)
Information: Changed wire load model for 'apparch' from '(none)' to 'G5K'. (OPT-170)
  Allocating blocks in 'DW_fp_mult_sig_width23_exp_width8_ieee_compliance0'
  Allocating blocks in 'DW_lzd_a_width24'
  Allocating blocks in 'DW_lzod_a_width24_detect_10'
Information: Changed wire load model for 'alt1' from '(none)' to 'G5K'. (OPT-170)
Information: Changed wire load model for 'apparch' from '(none)' to 'G5K'. (OPT-170)
Information: Changed wire load model for 'alt1' from '(none)' to 'G5K'. (OPT-170)
Information: Changed wire load model for 'apparch' from '(none)' to 'G5K'. (OPT-170)
Information: Changed wire load model for 'alt1' from '(none)' to 'G5K'. (OPT-170)
Information: Changed wire load model for 'apparch' from '(none)' to 'G5K'. (OPT-170)
Information: Changed wire load model for 'alt1' from '(none)' to 'G5K'. (OPT-170)
Information: Changed wire load model for 'apparch' from '(none)' to 'G5K'. (OPT-170)
Information: Changed wire load model for 'alt1' from '(none)' to 'G5K'. (OPT-170)
Information: Changed wire load model for 'apparch' from '(none)' to 'G5K'. (OPT-170)
Information: Changed wire load model for 'alt1' from '(none)' to 'G5K'. (OPT-170)
Information: Changed wire load model for 'apparch' from '(none)' to 'G5K'. (OPT-170)
Information: Changed wire load model for 'alt1' from '(none)' to 'G5K'. (OPT-170)
Information: Changed wire load model for 'apparch' from '(none)' to 'G5K'. (OPT-170)
Information: Changed wire load model for 'alt1' from '(none)' to 'G5K'. (OPT-170)
Information: Changed wire load model for 'apparch' from '(none)' to 'G5K'. (OPT-170)
Information: Changed wire load model for 'alt1' from '(none)' to 'G5K'. (OPT-170)
Information: Changed wire load model for 'apparch' from '(none)' to 'G5K'. (OPT-170)
  Allocating blocks in 'DW_fp_mult_sig_width23_exp_width8_ieee_compliance0'
  Allocating blocks in 'DW_lzd_a_width24'
  Allocating blocks in 'DW_lzod_a_width24_detect_10'
Information: Changed wire load model for 'alt1' from '(none)' to 'G5K'. (OPT-170)
Information: Changed wire load model for 'apparch' from '(none)' to 'G5K'. (OPT-170)
Information: Changed wire load model for 'alt1' from '(none)' to 'G5K'. (OPT-170)
Information: Changed wire load model for 'apparch' from '(none)' to 'G5K'. (OPT-170)
Information: Changed wire load model for 'alt1' from '(none)' to 'G5K'. (OPT-170)
Information: Changed wire load model for 'apparch' from '(none)' to 'G5K'. (OPT-170)
Information: Changed wire load model for 'alt1' from '(none)' to 'G5K'. (OPT-170)
Information: Changed wire load model for 'apparch' from '(none)' to 'G5K'. (OPT-170)
Information: Changed wire load model for 'alt1' from '(none)' to 'G5K'. (OPT-170)
Information: Changed wire load model for 'apparch' from '(none)' to 'G5K'. (OPT-170)
Information: Changed wire load model for 'alt1' from '(none)' to 'G5K'. (OPT-170)
Information: Changed wire load model for 'apparch' from '(none)' to 'G5K'. (OPT-170)
Information: Changed wire load model for 'alt1' from '(none)' to 'G5K'. (OPT-170)
Information: Changed wire load model for 'apparch' from '(none)' to 'G5K'. (OPT-170)
Information: Changed wire load model for 'alt1' from '(none)' to 'G5K'. (OPT-170)
Information: Changed wire load model for 'apparch' from '(none)' to 'G5K'. (OPT-170)
Information: Changed wire load model for 'alt1' from '(none)' to 'G5K'. (OPT-170)
Information: Changed wire load model for 'apparch' from '(none)' to 'G5K'. (OPT-170)
  Allocating blocks in 'DW_fp_mult_sig_width23_exp_width8_ieee_compliance0'
  Allocating blocks in 'DW_lzd_a_width24'
  Allocating blocks in 'DW_lzod_a_width24_detect_10'
Information: Changed wire load model for 'alt1' from '(none)' to 'G5K'. (OPT-170)
Information: Changed wire load model for 'apparch' from '(none)' to 'G5K'. (OPT-170)
Information: Changed wire load model for 'alt1' from '(none)' to 'G5K'. (OPT-170)
Information: Changed wire load model for 'apparch' from '(none)' to 'G5K'. (OPT-170)
Information: Changed wire load model for 'alt1' from '(none)' to 'G5K'. (OPT-170)
Information: Changed wire load model for 'apparch' from '(none)' to 'G5K'. (OPT-170)
Information: Changed wire load model for 'alt1' from '(none)' to 'G5K'. (OPT-170)
Information: Changed wire load model for 'apparch' from '(none)' to 'G5K'. (OPT-170)
Information: Changed wire load model for 'alt1' from '(none)' to 'G5K'. (OPT-170)
Information: Changed wire load model for 'apparch' from '(none)' to 'G5K'. (OPT-170)
Information: Changed wire load model for 'alt1' from '(none)' to 'G5K'. (OPT-170)
Information: Changed wire load model for 'apparch' from '(none)' to 'G5K'. (OPT-170)
Information: Changed wire load model for 'alt1' from '(none)' to 'G5K'. (OPT-170)
Information: Changed wire load model for 'apparch' from '(none)' to 'G5K'. (OPT-170)
Information: Changed wire load model for 'alt1' from '(none)' to 'G5K'. (OPT-170)
Information: Changed wire load model for 'apparch' from '(none)' to 'G5K'. (OPT-170)
Information: Changed wire load model for 'alt1' from '(none)' to 'G5K'. (OPT-170)
Information: Changed wire load model for 'apparch' from '(none)' to 'G5K'. (OPT-170)
  Allocating blocks in 'DW_fp_mult_sig_width23_exp_width8_ieee_compliance0'
  Allocating blocks in 'DW_lzd_a_width24'
  Allocating blocks in 'DW_lzod_a_width24_detect_10'
Information: Changed wire load model for 'alt1' from '(none)' to 'G5K'. (OPT-170)
Information: Changed wire load model for 'apparch' from '(none)' to 'G5K'. (OPT-170)
Information: Changed wire load model for 'alt1' from '(none)' to 'G5K'. (OPT-170)
Information: Changed wire load model for 'apparch' from '(none)' to 'G5K'. (OPT-170)
Information: Changed wire load model for 'alt1' from '(none)' to 'G5K'. (OPT-170)
Information: Changed wire load model for 'apparch' from '(none)' to 'G5K'. (OPT-170)
Information: Changed wire load model for 'alt1' from '(none)' to 'G5K'. (OPT-170)
Information: Changed wire load model for 'apparch' from '(none)' to 'G5K'. (OPT-170)
Information: Changed wire load model for 'alt1' from '(none)' to 'G5K'. (OPT-170)
Information: Changed wire load model for 'apparch' from '(none)' to 'G5K'. (OPT-170)
Information: Changed wire load model for 'alt1' from '(none)' to 'G5K'. (OPT-170)
Information: Changed wire load model for 'apparch' from '(none)' to 'G5K'. (OPT-170)
Information: Changed wire load model for 'alt1' from '(none)' to 'G5K'. (OPT-170)
Information: Changed wire load model for 'apparch' from '(none)' to 'G5K'. (OPT-170)
Information: Changed wire load model for 'alt1' from '(none)' to 'G5K'. (OPT-170)
Information: Changed wire load model for 'apparch' from '(none)' to 'G5K'. (OPT-170)
Information: Changed wire load model for 'alt1' from '(none)' to 'G5K'. (OPT-170)
Information: Changed wire load model for 'apparch' from '(none)' to 'G5K'. (OPT-170)
  Allocating blocks in 'DW_fp_mult_sig_width23_exp_width8_ieee_compliance0'
  Allocating blocks in 'DW_lzd_a_width24'
  Allocating blocks in 'DW_lzod_a_width24_detect_10'
Information: Changed wire load model for 'alt1' from '(none)' to 'G5K'. (OPT-170)
Information: Changed wire load model for 'apparch' from '(none)' to 'G5K'. (OPT-170)
Information: Changed wire load model for 'alt1' from '(none)' to 'G5K'. (OPT-170)
Information: Changed wire load model for 'apparch' from '(none)' to 'G5K'. (OPT-170)
Information: Changed wire load model for 'alt1' from '(none)' to 'G5K'. (OPT-170)
Information: Changed wire load model for 'apparch' from '(none)' to 'G5K'. (OPT-170)
Information: Changed wire load model for 'alt1' from '(none)' to 'G5K'. (OPT-170)
Information: Changed wire load model for 'apparch' from '(none)' to 'G5K'. (OPT-170)
Information: Changed wire load model for 'alt1' from '(none)' to 'G5K'. (OPT-170)
Information: Changed wire load model for 'apparch' from '(none)' to 'G5K'. (OPT-170)
Information: Changed wire load model for 'alt1' from '(none)' to 'G5K'. (OPT-170)
Information: Changed wire load model for 'apparch' from '(none)' to 'G5K'. (OPT-170)
Information: Changed wire load model for 'alt1' from '(none)' to 'G5K'. (OPT-170)
Information: Changed wire load model for 'apparch' from '(none)' to 'G5K'. (OPT-170)
Information: Changed wire load model for 'alt1' from '(none)' to 'G5K'. (OPT-170)
Information: Changed wire load model for 'apparch' from '(none)' to 'G5K'. (OPT-170)
Information: Changed wire load model for 'alt1' from '(none)' to 'G5K'. (OPT-170)
Information: Changed wire load model for 'apparch' from '(none)' to 'G5K'. (OPT-170)
  Allocating blocks in 'DW_fp_mult_sig_width23_exp_width8_ieee_compliance0'
  Allocating blocks in 'DW_lzd_a_width24'
  Allocating blocks in 'DW_lzod_a_width24_detect_10'
Information: Changed wire load model for 'alt1' from '(none)' to 'G5K'. (OPT-170)
Information: Changed wire load model for 'apparch' from '(none)' to 'G5K'. (OPT-170)
Information: Changed wire load model for 'alt1' from '(none)' to 'G5K'. (OPT-170)
Information: Changed wire load model for 'apparch' from '(none)' to 'G5K'. (OPT-170)
Information: Changed wire load model for 'alt1' from '(none)' to 'G5K'. (OPT-170)
Information: Changed wire load model for 'apparch' from '(none)' to 'G5K'. (OPT-170)
Information: Changed wire load model for 'alt1' from '(none)' to 'G5K'. (OPT-170)
Information: Changed wire load model for 'apparch' from '(none)' to 'G5K'. (OPT-170)
Information: Changed wire load model for 'alt1' from '(none)' to 'G5K'. (OPT-170)
Information: Changed wire load model for 'apparch' from '(none)' to 'G5K'. (OPT-170)
Information: Changed wire load model for 'alt1' from '(none)' to 'G5K'. (OPT-170)
Information: Changed wire load model for 'apparch' from '(none)' to 'G5K'. (OPT-170)
Information: Changed wire load model for 'alt1' from '(none)' to 'G5K'. (OPT-170)
Information: Changed wire load model for 'apparch' from '(none)' to 'G5K'. (OPT-170)
Information: Changed wire load model for 'alt1' from '(none)' to 'G5K'. (OPT-170)
Information: Changed wire load model for 'apparch' from '(none)' to 'G5K'. (OPT-170)
Information: Changed wire load model for 'alt1' from '(none)' to 'G5K'. (OPT-170)
Information: Changed wire load model for 'apparch' from '(none)' to 'G5K'. (OPT-170)
  Allocating blocks in 'DW_fp_mult_sig_width23_exp_width8_ieee_compliance0'
  Allocating blocks in 'DW_lzd_a_width24'
  Allocating blocks in 'DW_lzod_a_width24_detect_10'
Information: Changed wire load model for 'alt1' from '(none)' to 'G5K'. (OPT-170)
Information: Changed wire load model for 'apparch' from '(none)' to 'G5K'. (OPT-170)
Information: Changed wire load model for 'alt1' from '(none)' to 'G5K'. (OPT-170)
Information: Changed wire load model for 'apparch' from '(none)' to 'G5K'. (OPT-170)
Information: Changed wire load model for 'alt1' from '(none)' to 'G5K'. (OPT-170)
Information: Changed wire load model for 'apparch' from '(none)' to 'G5K'. (OPT-170)
Information: Changed wire load model for 'alt1' from '(none)' to 'G5K'. (OPT-170)
Information: Changed wire load model for 'apparch' from '(none)' to 'G5K'. (OPT-170)
Information: Changed wire load model for 'alt1' from '(none)' to 'G5K'. (OPT-170)
Information: Changed wire load model for 'apparch' from '(none)' to 'G5K'. (OPT-170)
Information: Changed wire load model for 'alt1' from '(none)' to 'G5K'. (OPT-170)
Information: Changed wire load model for 'apparch' from '(none)' to 'G5K'. (OPT-170)
Information: Changed wire load model for 'alt1' from '(none)' to 'G5K'. (OPT-170)
Information: Changed wire load model for 'apparch' from '(none)' to 'G5K'. (OPT-170)
Information: Changed wire load model for 'alt1' from '(none)' to 'G5K'. (OPT-170)
Information: Changed wire load model for 'apparch' from '(none)' to 'G5K'. (OPT-170)
Information: Changed wire load model for 'alt1' from '(none)' to 'G5K'. (OPT-170)
Information: Changed wire load model for 'apparch' from '(none)' to 'G5K'. (OPT-170)
  Allocating blocks in 'DW_fp_mult_sig_width23_exp_width8_ieee_compliance0'
  Allocating blocks in 'DW_lzd_a_width24'
  Allocating blocks in 'DW_lzod_a_width24_detect_10'
Information: Changed wire load model for 'alt1' from '(none)' to 'G5K'. (OPT-170)
Information: Changed wire load model for 'apparch' from '(none)' to 'G5K'. (OPT-170)
Information: Changed wire load model for 'alt1' from '(none)' to 'G5K'. (OPT-170)
Information: Changed wire load model for 'apparch' from '(none)' to 'G5K'. (OPT-170)
Information: Changed wire load model for 'alt1' from '(none)' to 'G5K'. (OPT-170)
Information: Changed wire load model for 'apparch' from '(none)' to 'G5K'. (OPT-170)
Information: Changed wire load model for 'alt1' from '(none)' to 'G5K'. (OPT-170)
Information: Changed wire load model for 'apparch' from '(none)' to 'G5K'. (OPT-170)
Information: Changed wire load model for 'alt1' from '(none)' to 'G5K'. (OPT-170)
Information: Changed wire load model for 'apparch' from '(none)' to 'G5K'. (OPT-170)
Information: Changed wire load model for 'alt1' from '(none)' to 'G5K'. (OPT-170)
Information: Changed wire load model for 'apparch' from '(none)' to 'G5K'. (OPT-170)
Information: Changed wire load model for 'alt1' from '(none)' to 'G5K'. (OPT-170)
Information: Changed wire load model for 'apparch' from '(none)' to 'G5K'. (OPT-170)
Information: Changed wire load model for 'alt1' from '(none)' to 'G5K'. (OPT-170)
Information: Changed wire load model for 'apparch' from '(none)' to 'G5K'. (OPT-170)
Information: Changed wire load model for 'alt1' from '(none)' to 'G5K'. (OPT-170)
Information: Changed wire load model for 'apparch' from '(none)' to 'G5K'. (OPT-170)
  Allocating blocks in 'DW_fp_mult_sig_width23_exp_width8_ieee_compliance0'
  Allocating blocks in 'DW_lzd_a_width24'
  Allocating blocks in 'DW_lzod_a_width24_detect_10'
Information: Changed wire load model for 'alt1' from '(none)' to 'G5K'. (OPT-170)
Information: Changed wire load model for 'apparch' from '(none)' to 'G5K'. (OPT-170)
Information: Changed wire load model for 'alt1' from '(none)' to 'G5K'. (OPT-170)
Information: Changed wire load model for 'apparch' from '(none)' to 'G5K'. (OPT-170)
Information: Changed wire load model for 'alt1' from '(none)' to 'G5K'. (OPT-170)
Information: Changed wire load model for 'apparch' from '(none)' to 'G5K'. (OPT-170)
Information: Changed wire load model for 'alt1' from '(none)' to 'G5K'. (OPT-170)
Information: Changed wire load model for 'apparch' from '(none)' to 'G5K'. (OPT-170)
Information: Changed wire load model for 'alt1' from '(none)' to 'G5K'. (OPT-170)
Information: Changed wire load model for 'apparch' from '(none)' to 'G5K'. (OPT-170)
Information: Changed wire load model for 'alt1' from '(none)' to 'G5K'. (OPT-170)
Information: Changed wire load model for 'apparch' from '(none)' to 'G5K'. (OPT-170)
Information: Changed wire load model for 'alt1' from '(none)' to 'G5K'. (OPT-170)
Information: Changed wire load model for 'apparch' from '(none)' to 'G5K'. (OPT-170)
Information: Changed wire load model for 'alt1' from '(none)' to 'G5K'. (OPT-170)
Information: Changed wire load model for 'apparch' from '(none)' to 'G5K'. (OPT-170)
Information: Changed wire load model for 'alt1' from '(none)' to 'G5K'. (OPT-170)
Information: Changed wire load model for 'apparch' from '(none)' to 'G5K'. (OPT-170)
  Allocating blocks in 'DW_fp_mult_sig_width23_exp_width8_ieee_compliance0'
  Allocating blocks in 'DW_lzd_a_width24'
  Allocating blocks in 'DW_lzod_a_width24_detect_10'
Information: Changed wire load model for 'alt1' from '(none)' to 'G5K'. (OPT-170)
Information: Changed wire load model for 'apparch' from '(none)' to 'G5K'. (OPT-170)
Information: Changed wire load model for 'alt1' from '(none)' to 'G5K'. (OPT-170)
Information: Changed wire load model for 'apparch' from '(none)' to 'G5K'. (OPT-170)
Information: Changed wire load model for 'alt1' from '(none)' to 'G5K'. (OPT-170)
Information: Changed wire load model for 'apparch' from '(none)' to 'G5K'. (OPT-170)
Information: Changed wire load model for 'alt1' from '(none)' to 'G5K'. (OPT-170)
Information: Changed wire load model for 'apparch' from '(none)' to 'G5K'. (OPT-170)
Information: Changed wire load model for 'alt1' from '(none)' to 'G5K'. (OPT-170)
Information: Changed wire load model for 'apparch' from '(none)' to 'G5K'. (OPT-170)
Information: Changed wire load model for 'alt1' from '(none)' to 'G5K'. (OPT-170)
Information: Changed wire load model for 'apparch' from '(none)' to 'G5K'. (OPT-170)
Information: Changed wire load model for 'alt1' from '(none)' to 'G5K'. (OPT-170)
Information: Changed wire load model for 'apparch' from '(none)' to 'G5K'. (OPT-170)
Information: Changed wire load model for 'alt1' from '(none)' to 'G5K'. (OPT-170)
Information: Changed wire load model for 'apparch' from '(none)' to 'G5K'. (OPT-170)
Information: Changed wire load model for 'alt1' from '(none)' to 'G5K'. (OPT-170)
Information: Changed wire load model for 'apparch' from '(none)' to 'G5K'. (OPT-170)
  Allocating blocks in 'DW_fp_mult_sig_width23_exp_width8_ieee_compliance0'
  Allocating blocks in 'DW_lzd_a_width24'
  Allocating blocks in 'DW_lzod_a_width24_detect_10'
Information: Changed wire load model for 'alt1' from '(none)' to 'G5K'. (OPT-170)
Information: Changed wire load model for 'apparch' from '(none)' to 'G5K'. (OPT-170)
Information: Changed wire load model for 'alt1' from '(none)' to 'G5K'. (OPT-170)
Information: Changed wire load model for 'apparch' from '(none)' to 'G5K'. (OPT-170)
Information: Changed wire load model for 'alt1' from '(none)' to 'G5K'. (OPT-170)
Information: Changed wire load model for 'apparch' from '(none)' to 'G5K'. (OPT-170)
Information: Changed wire load model for 'alt1' from '(none)' to 'G5K'. (OPT-170)
Information: Changed wire load model for 'apparch' from '(none)' to 'G5K'. (OPT-170)
Information: Changed wire load model for 'alt1' from '(none)' to 'G5K'. (OPT-170)
Information: Changed wire load model for 'apparch' from '(none)' to 'G5K'. (OPT-170)
Information: Changed wire load model for 'alt1' from '(none)' to 'G5K'. (OPT-170)
Information: Changed wire load model for 'apparch' from '(none)' to 'G5K'. (OPT-170)
Information: Changed wire load model for 'alt1' from '(none)' to 'G5K'. (OPT-170)
Information: Changed wire load model for 'apparch' from '(none)' to 'G5K'. (OPT-170)
Information: Changed wire load model for 'alt1' from '(none)' to 'G5K'. (OPT-170)
Information: Changed wire load model for 'apparch' from '(none)' to 'G5K'. (OPT-170)
Information: Changed wire load model for 'alt1' from '(none)' to 'G5K'. (OPT-170)
Information: Changed wire load model for 'apparch' from '(none)' to 'G5K'. (OPT-170)
  Allocating blocks in 'DW_fp_mult_sig_width23_exp_width8_ieee_compliance0'
  Allocating blocks in 'DW_lzd_a_width24'
  Allocating blocks in 'DW_lzod_a_width24_detect_10'
Information: Changed wire load model for 'alt1' from '(none)' to 'G5K'. (OPT-170)
Information: Changed wire load model for 'apparch' from '(none)' to 'G5K'. (OPT-170)
Information: Changed wire load model for 'alt1' from '(none)' to 'G5K'. (OPT-170)
Information: Changed wire load model for 'apparch' from '(none)' to 'G5K'. (OPT-170)
Information: Changed wire load model for 'alt1' from '(none)' to 'G5K'. (OPT-170)
Information: Changed wire load model for 'apparch' from '(none)' to 'G5K'. (OPT-170)
Information: Changed wire load model for 'alt1' from '(none)' to 'G5K'. (OPT-170)
Information: Changed wire load model for 'apparch' from '(none)' to 'G5K'. (OPT-170)
Information: Changed wire load model for 'alt1' from '(none)' to 'G5K'. (OPT-170)
Information: Changed wire load model for 'apparch' from '(none)' to 'G5K'. (OPT-170)
Information: Changed wire load model for 'alt1' from '(none)' to 'G5K'. (OPT-170)
Information: Changed wire load model for 'apparch' from '(none)' to 'G5K'. (OPT-170)
Information: Changed wire load model for 'alt1' from '(none)' to 'G5K'. (OPT-170)
Information: Changed wire load model for 'apparch' from '(none)' to 'G5K'. (OPT-170)
Information: Changed wire load model for 'alt1' from '(none)' to 'G5K'. (OPT-170)
Information: Changed wire load model for 'apparch' from '(none)' to 'G5K'. (OPT-170)
Information: Changed wire load model for 'alt1' from '(none)' to 'G5K'. (OPT-170)
Information: Changed wire load model for 'apparch' from '(none)' to 'G5K'. (OPT-170)
  Allocating blocks in 'DW_fp_mult_sig_width23_exp_width8_ieee_compliance0'
  Allocating blocks in 'DW_lzd_a_width24'
  Allocating blocks in 'DW_lzod_a_width24_detect_10'
Information: Changed wire load model for 'alt1' from '(none)' to 'G5K'. (OPT-170)
Information: Changed wire load model for 'apparch' from '(none)' to 'G5K'. (OPT-170)
Information: Changed wire load model for 'alt1' from '(none)' to 'G5K'. (OPT-170)
Information: Changed wire load model for 'apparch' from '(none)' to 'G5K'. (OPT-170)
Information: Changed wire load model for 'alt1' from '(none)' to 'G5K'. (OPT-170)
Information: Changed wire load model for 'apparch' from '(none)' to 'G5K'. (OPT-170)
Information: Changed wire load model for 'alt1' from '(none)' to 'G5K'. (OPT-170)
Information: Changed wire load model for 'apparch' from '(none)' to 'G5K'. (OPT-170)
Information: Changed wire load model for 'alt1' from '(none)' to 'G5K'. (OPT-170)
Information: Changed wire load model for 'apparch' from '(none)' to 'G5K'. (OPT-170)
Information: Changed wire load model for 'alt1' from '(none)' to 'G5K'. (OPT-170)
Information: Changed wire load model for 'apparch' from '(none)' to 'G5K'. (OPT-170)
Information: Changed wire load model for 'alt1' from '(none)' to 'G5K'. (OPT-170)
Information: Changed wire load model for 'apparch' from '(none)' to 'G5K'. (OPT-170)
Information: Changed wire load model for 'alt1' from '(none)' to 'G5K'. (OPT-170)
Information: Changed wire load model for 'apparch' from '(none)' to 'G5K'. (OPT-170)
Information: Changed wire load model for 'alt1' from '(none)' to 'G5K'. (OPT-170)
Information: Changed wire load model for 'apparch' from '(none)' to 'G5K'. (OPT-170)
  Allocating blocks in 'DW_fp_mult_sig_width23_exp_width8_ieee_compliance0'
  Allocating blocks in 'DW_lzd_a_width24'
  Allocating blocks in 'DW_lzod_a_width24_detect_10'
Information: Changed wire load model for 'alt1' from '(none)' to 'G5K'. (OPT-170)
Information: Changed wire load model for 'apparch' from '(none)' to 'G5K'. (OPT-170)
Information: Changed wire load model for 'alt1' from '(none)' to 'G5K'. (OPT-170)
Information: Changed wire load model for 'apparch' from '(none)' to 'G5K'. (OPT-170)
Information: Changed wire load model for 'alt1' from '(none)' to 'G5K'. (OPT-170)
Information: Changed wire load model for 'apparch' from '(none)' to 'G5K'. (OPT-170)
Information: Changed wire load model for 'alt1' from '(none)' to 'G5K'. (OPT-170)
Information: Changed wire load model for 'apparch' from '(none)' to 'G5K'. (OPT-170)
Information: Changed wire load model for 'alt1' from '(none)' to 'G5K'. (OPT-170)
Information: Changed wire load model for 'apparch' from '(none)' to 'G5K'. (OPT-170)
Information: Changed wire load model for 'alt1' from '(none)' to 'G5K'. (OPT-170)
Information: Changed wire load model for 'apparch' from '(none)' to 'G5K'. (OPT-170)
Information: Changed wire load model for 'alt1' from '(none)' to 'G5K'. (OPT-170)
Information: Changed wire load model for 'apparch' from '(none)' to 'G5K'. (OPT-170)
Information: Changed wire load model for 'alt1' from '(none)' to 'G5K'. (OPT-170)
Information: Changed wire load model for 'apparch' from '(none)' to 'G5K'. (OPT-170)
Information: Changed wire load model for 'alt1' from '(none)' to 'G5K'. (OPT-170)
Information: Changed wire load model for 'apparch' from '(none)' to 'G5K'. (OPT-170)
  Allocating blocks in 'DW_fp_mult_sig_width23_exp_width8_ieee_compliance0'
  Allocating blocks in 'DW_lzd_a_width24'
  Allocating blocks in 'DW_lzod_a_width24_detect_10'
Information: Changed wire load model for 'alt1' from '(none)' to 'G5K'. (OPT-170)
Information: Changed wire load model for 'apparch' from '(none)' to 'G5K'. (OPT-170)
Information: Changed wire load model for 'alt1' from '(none)' to 'G5K'. (OPT-170)
Information: Changed wire load model for 'apparch' from '(none)' to 'G5K'. (OPT-170)
Information: Changed wire load model for 'alt1' from '(none)' to 'G5K'. (OPT-170)
Information: Changed wire load model for 'apparch' from '(none)' to 'G5K'. (OPT-170)
Information: Changed wire load model for 'alt1' from '(none)' to 'G5K'. (OPT-170)
Information: Changed wire load model for 'apparch' from '(none)' to 'G5K'. (OPT-170)
Information: Changed wire load model for 'alt1' from '(none)' to 'G5K'. (OPT-170)
Information: Changed wire load model for 'apparch' from '(none)' to 'G5K'. (OPT-170)
Information: Changed wire load model for 'alt1' from '(none)' to 'G5K'. (OPT-170)
Information: Changed wire load model for 'apparch' from '(none)' to 'G5K'. (OPT-170)
Information: Changed wire load model for 'alt1' from '(none)' to 'G5K'. (OPT-170)
Information: Changed wire load model for 'apparch' from '(none)' to 'G5K'. (OPT-170)
Information: Changed wire load model for 'alt1' from '(none)' to 'G5K'. (OPT-170)
Information: Changed wire load model for 'apparch' from '(none)' to 'G5K'. (OPT-170)
Information: Changed wire load model for 'alt1' from '(none)' to 'G5K'. (OPT-170)
Information: Changed wire load model for 'apparch' from '(none)' to 'G5K'. (OPT-170)
  Allocating blocks in 'DW_fp_mult_sig_width23_exp_width8_ieee_compliance0'
  Allocating blocks in 'DW_lzd_a_width24'
  Allocating blocks in 'DW_lzod_a_width24_detect_10'
Information: Changed wire load model for 'alt1' from '(none)' to 'G5K'. (OPT-170)
Information: Changed wire load model for 'apparch' from '(none)' to 'G5K'. (OPT-170)
Information: Changed wire load model for 'alt1' from '(none)' to 'G5K'. (OPT-170)
Information: Changed wire load model for 'apparch' from '(none)' to 'G5K'. (OPT-170)
Information: Changed wire load model for 'alt1' from '(none)' to 'G5K'. (OPT-170)
Information: Changed wire load model for 'apparch' from '(none)' to 'G5K'. (OPT-170)
Information: Changed wire load model for 'alt1' from '(none)' to 'G5K'. (OPT-170)
Information: Changed wire load model for 'apparch' from '(none)' to 'G5K'. (OPT-170)
Information: Changed wire load model for 'alt1' from '(none)' to 'G5K'. (OPT-170)
Information: Changed wire load model for 'apparch' from '(none)' to 'G5K'. (OPT-170)
Information: Changed wire load model for 'alt1' from '(none)' to 'G5K'. (OPT-170)
Information: Changed wire load model for 'apparch' from '(none)' to 'G5K'. (OPT-170)
Information: Changed wire load model for 'alt1' from '(none)' to 'G5K'. (OPT-170)
Information: Changed wire load model for 'apparch' from '(none)' to 'G5K'. (OPT-170)
Information: Changed wire load model for 'alt1' from '(none)' to 'G5K'. (OPT-170)
Information: Changed wire load model for 'apparch' from '(none)' to 'G5K'. (OPT-170)
Information: Changed wire load model for 'alt1' from '(none)' to 'G5K'. (OPT-170)
Information: Changed wire load model for 'apparch' from '(none)' to 'G5K'. (OPT-170)
  Allocating blocks in 'DW_fp_mult_sig_width23_exp_width8_ieee_compliance0'
  Allocating blocks in 'DW_lzd_a_width24'
  Allocating blocks in 'DW_lzod_a_width24_detect_10'
Information: Changed wire load model for 'alt1' from '(none)' to 'G5K'. (OPT-170)
Information: Changed wire load model for 'apparch' from '(none)' to 'G5K'. (OPT-170)
Information: Changed wire load model for 'alt1' from '(none)' to 'G5K'. (OPT-170)
Information: Changed wire load model for 'apparch' from '(none)' to 'G5K'. (OPT-170)
Information: Changed wire load model for 'alt1' from '(none)' to 'G5K'. (OPT-170)
Information: Changed wire load model for 'apparch' from '(none)' to 'G5K'. (OPT-170)
Information: Changed wire load model for 'alt1' from '(none)' to 'G5K'. (OPT-170)
Information: Changed wire load model for 'apparch' from '(none)' to 'G5K'. (OPT-170)
Information: Changed wire load model for 'alt1' from '(none)' to 'G5K'. (OPT-170)
Information: Changed wire load model for 'apparch' from '(none)' to 'G5K'. (OPT-170)
Information: Changed wire load model for 'alt1' from '(none)' to 'G5K'. (OPT-170)
Information: Changed wire load model for 'apparch' from '(none)' to 'G5K'. (OPT-170)
Information: Changed wire load model for 'alt1' from '(none)' to 'G5K'. (OPT-170)
Information: Changed wire load model for 'apparch' from '(none)' to 'G5K'. (OPT-170)
Information: Changed wire load model for 'alt1' from '(none)' to 'G5K'. (OPT-170)
Information: Changed wire load model for 'apparch' from '(none)' to 'G5K'. (OPT-170)
Information: Changed wire load model for 'alt1' from '(none)' to 'G5K'. (OPT-170)
Information: Changed wire load model for 'apparch' from '(none)' to 'G5K'. (OPT-170)
  Allocating blocks in 'DW_fp_sum3_sig_width23_exp_width8_ieee_compliance0_arch_type0'
Warning: Dont_touch on net '*cell*85/M_2scompl[0]' may be overridden by compile because it
        is connected to generic logic. Use all_connected to see net
        connections. (OPT-461)
Warning: Dont_touch on net '*cell*85/M_2scompl[1]' may be overridden by compile because it
        is connected to generic logic. Use all_connected to see net
        connections. (OPT-461)
Warning: Dont_touch on net '*cell*85/M_2scompl[2]' may be overridden by compile because it
        is connected to generic logic. Use all_connected to see net
        connections. (OPT-461)
Warning: Dont_touch on net '*cell*85/M_2scompl[3]' may be overridden by compile because it
        is connected to generic logic. Use all_connected to see net
        connections. (OPT-461)
Warning: Dont_touch on net '*cell*85/M_2scompl[4]' may be overridden by compile because it
        is connected to generic logic. Use all_connected to see net
        connections. (OPT-461)
Warning: Dont_touch on net '*cell*85/M_2scompl[5]' may be overridden by compile because it
        is connected to generic logic. Use all_connected to see net
        connections. (OPT-461)
Warning: Dont_touch on net '*cell*85/M_2scompl[6]' may be overridden by compile because it
        is connected to generic logic. Use all_connected to see net
        connections. (OPT-461)
Warning: Dont_touch on net '*cell*85/M_2scompl[7]' may be overridden by compile because it
        is connected to generic logic. Use all_connected to see net
        connections. (OPT-461)
Warning: Dont_touch on net '*cell*85/M_2scompl[8]' may be overridden by compile because it
        is connected to generic logic. Use all_connected to see net
        connections. (OPT-461)
Warning: Dont_touch on net '*cell*85/M_2scompl[9]' may be overridden by compile because it
        is connected to generic logic. Use all_connected to see net
        connections. (OPT-461)
Warning: Dont_touch on net '*cell*85/M_2scompl[10]' may be overridden by compile because it
        is connected to generic logic. Use all_connected to see net
        connections. (OPT-461)
Warning: Dont_touch on net '*cell*85/M_2scompl[11]' may be overridden by compile because it
        is connected to generic logic. Use all_connected to see net
        connections. (OPT-461)
Warning: Dont_touch on net '*cell*85/M_2scompl[12]' may be overridden by compile because it
        is connected to generic logic. Use all_connected to see net
        connections. (OPT-461)
Warning: Dont_touch on net '*cell*85/M_2scompl[13]' may be overridden by compile because it
        is connected to generic logic. Use all_connected to see net
        connections. (OPT-461)
Warning: Dont_touch on net '*cell*85/M_2scompl[14]' may be overridden by compile because it
        is connected to generic logic. Use all_connected to see net
        connections. (OPT-461)
Warning: Dont_touch on net '*cell*85/M_2scompl[15]' may be overridden by compile because it
        is connected to generic logic. Use all_connected to see net
        connections. (OPT-461)
Warning: Dont_touch on net '*cell*85/M_2scompl[16]' may be overridden by compile because it
        is connected to generic logic. Use all_connected to see net
        connections. (OPT-461)
Warning: Dont_touch on net '*cell*85/M_2scompl[17]' may be overridden by compile because it
        is connected to generic logic. Use all_connected to see net
        connections. (OPT-461)
Warning: Dont_touch on net '*cell*85/M_2scompl[18]' may be overridden by compile because it
        is connected to generic logic. Use all_connected to see net
        connections. (OPT-461)
Warning: Dont_touch on net '*cell*85/M_2scompl[19]' may be overridden by compile because it
        is connected to generic logic. Use all_connected to see net
        connections. (OPT-461)
Warning: Dont_touch on net '*cell*85/M_2scompl[20]' may be overridden by compile because it
        is connected to generic logic. Use all_connected to see net
        connections. (OPT-461)
Warning: Dont_touch on net '*cell*85/M_2scompl[21]' may be overridden by compile because it
        is connected to generic logic. Use all_connected to see net
        connections. (OPT-461)
Warning: Dont_touch on net '*cell*85/M_2scompl[22]' may be overridden by compile because it
        is connected to generic logic. Use all_connected to see net
        connections. (OPT-461)
Warning: Dont_touch on net '*cell*85/M_2scompl[23]' may be overridden by compile because it
        is connected to generic logic. Use all_connected to see net
        connections. (OPT-461)
Warning: Dont_touch on net '*cell*85/M_2scompl[24]' may be overridden by compile because it
        is connected to generic logic. Use all_connected to see net
        connections. (OPT-461)
Warning: Dont_touch on net '*cell*85/a[0]' may be overridden by compile because it
        is connected to generic logic. Use all_connected to see net
        connections. (OPT-461)
Warning: Dont_touch on net '*cell*85/a[1]' may be overridden by compile because it
        is connected to generic logic. Use all_connected to see net
        connections. (OPT-461)
Warning: Dont_touch on net '*cell*85/a[2]' may be overridden by compile because it
        is connected to generic logic. Use all_connected to see net
        connections. (OPT-461)
Warning: Dont_touch on net '*cell*85/a[3]' may be overridden by compile because it
        is connected to generic logic. Use all_connected to see net
        connections. (OPT-461)
Warning: Dont_touch on net '*cell*85/a[4]' may be overridden by compile because it
        is connected to generic logic. Use all_connected to see net
        connections. (OPT-461)
Warning: Dont_touch on net '*cell*85/a[5]' may be overridden by compile because it
        is connected to generic logic. Use all_connected to see net
        connections. (OPT-461)
Warning: Dont_touch on net '*cell*85/a[6]' may be overridden by compile because it
        is connected to generic logic. Use all_connected to see net
        connections. (OPT-461)
Warning: Dont_touch on net '*cell*85/a[7]' may be overridden by compile because it
        is connected to generic logic. Use all_connected to see net
        connections. (OPT-461)
Warning: Dont_touch on net '*cell*85/a[8]' may be overridden by compile because it
        is connected to generic logic. Use all_connected to see net
        connections. (OPT-461)
Warning: Dont_touch on net '*cell*85/a[9]' may be overridden by compile because it
        is connected to generic logic. Use all_connected to see net
        connections. (OPT-461)
Warning: Dont_touch on net '*cell*85/a[10]' may be overridden by compile because it
        is connected to generic logic. Use all_connected to see net
        connections. (OPT-461)
Warning: Dont_touch on net '*cell*85/a[11]' may be overridden by compile because it
        is connected to generic logic. Use all_connected to see net
        connections. (OPT-461)
Warning: Dont_touch on net '*cell*85/a[12]' may be overridden by compile because it
        is connected to generic logic. Use all_connected to see net
        connections. (OPT-461)
Warning: Dont_touch on net '*cell*85/a[13]' may be overridden by compile because it
        is connected to generic logic. Use all_connected to see net
        connections. (OPT-461)
Warning: Dont_touch on net '*cell*85/a[14]' may be overridden by compile because it
        is connected to generic logic. Use all_connected to see net
        connections. (OPT-461)
Warning: Dont_touch on net '*cell*85/a[15]' may be overridden by compile because it
        is connected to generic logic. Use all_connected to see net
        connections. (OPT-461)
Warning: Dont_touch on net '*cell*85/a[16]' may be overridden by compile because it
        is connected to generic logic. Use all_connected to see net
        connections. (OPT-461)
Warning: Dont_touch on net '*cell*85/a[17]' may be overridden by compile because it
        is connected to generic logic. Use all_connected to see net
        connections. (OPT-461)
Warning: Dont_touch on net '*cell*85/a[18]' may be overridden by compile because it
        is connected to generic logic. Use all_connected to see net
        connections. (OPT-461)
Warning: Dont_touch on net '*cell*85/a[19]' may be overridden by compile because it
        is connected to generic logic. Use all_connected to see net
        connections. (OPT-461)
Warning: Dont_touch on net '*cell*85/a[20]' may be overridden by compile because it
        is connected to generic logic. Use all_connected to see net
        connections. (OPT-461)
Warning: Dont_touch on net '*cell*85/a[21]' may be overridden by compile because it
        is connected to generic logic. Use all_connected to see net
        connections. (OPT-461)
Warning: Dont_touch on net '*cell*85/a[22]' may be overridden by compile because it
        is connected to generic logic. Use all_connected to see net
        connections. (OPT-461)
Warning: Dont_touch on net '*cell*85/*Logic0*' may be overridden by compile because it
        is connected to generic logic. Use all_connected to see net
        connections. (OPT-461)
Warning: Dont_touch on net '*cell*89/M_2scompl[0]' may be overridden by compile because it
        is connected to generic logic. Use all_connected to see net
        connections. (OPT-461)
Warning: Dont_touch on net '*cell*89/M_2scompl[1]' may be overridden by compile because it
        is connected to generic logic. Use all_connected to see net
        connections. (OPT-461)
Warning: Dont_touch on net '*cell*89/M_2scompl[2]' may be overridden by compile because it
        is connected to generic logic. Use all_connected to see net
        connections. (OPT-461)
Warning: Dont_touch on net '*cell*89/M_2scompl[3]' may be overridden by compile because it
        is connected to generic logic. Use all_connected to see net
        connections. (OPT-461)
Warning: Dont_touch on net '*cell*89/M_2scompl[4]' may be overridden by compile because it
        is connected to generic logic. Use all_connected to see net
        connections. (OPT-461)
Warning: Dont_touch on net '*cell*89/M_2scompl[5]' may be overridden by compile because it
        is connected to generic logic. Use all_connected to see net
        connections. (OPT-461)
Warning: Dont_touch on net '*cell*89/M_2scompl[6]' may be overridden by compile because it
        is connected to generic logic. Use all_connected to see net
        connections. (OPT-461)
Warning: Dont_touch on net '*cell*89/M_2scompl[7]' may be overridden by compile because it
        is connected to generic logic. Use all_connected to see net
        connections. (OPT-461)
Warning: Dont_touch on net '*cell*89/M_2scompl[8]' may be overridden by compile because it
        is connected to generic logic. Use all_connected to see net
        connections. (OPT-461)
Warning: Dont_touch on net '*cell*89/M_2scompl[9]' may be overridden by compile because it
        is connected to generic logic. Use all_connected to see net
        connections. (OPT-461)
Warning: Dont_touch on net '*cell*89/M_2scompl[10]' may be overridden by compile because it
        is connected to generic logic. Use all_connected to see net
        connections. (OPT-461)
Warning: Dont_touch on net '*cell*89/M_2scompl[11]' may be overridden by compile because it
        is connected to generic logic. Use all_connected to see net
        connections. (OPT-461)
Warning: Dont_touch on net '*cell*89/M_2scompl[12]' may be overridden by compile because it
        is connected to generic logic. Use all_connected to see net
        connections. (OPT-461)
Warning: Dont_touch on net '*cell*89/M_2scompl[13]' may be overridden by compile because it
        is connected to generic logic. Use all_connected to see net
        connections. (OPT-461)
Warning: Dont_touch on net '*cell*89/M_2scompl[14]' may be overridden by compile because it
        is connected to generic logic. Use all_connected to see net
        connections. (OPT-461)
Warning: Dont_touch on net '*cell*89/M_2scompl[15]' may be overridden by compile because it
        is connected to generic logic. Use all_connected to see net
        connections. (OPT-461)
Warning: Dont_touch on net '*cell*89/M_2scompl[16]' may be overridden by compile because it
        is connected to generic logic. Use all_connected to see net
        connections. (OPT-461)
Warning: Dont_touch on net '*cell*89/M_2scompl[17]' may be overridden by compile because it
        is connected to generic logic. Use all_connected to see net
        connections. (OPT-461)
Warning: Dont_touch on net '*cell*89/M_2scompl[18]' may be overridden by compile because it
        is connected to generic logic. Use all_connected to see net
        connections. (OPT-461)
Warning: Dont_touch on net '*cell*89/M_2scompl[19]' may be overridden by compile because it
        is connected to generic logic. Use all_connected to see net
        connections. (OPT-461)
Warning: Dont_touch on net '*cell*89/M_2scompl[20]' may be overridden by compile because it
        is connected to generic logic. Use all_connected to see net
        connections. (OPT-461)
Warning: Dont_touch on net '*cell*89/M_2scompl[21]' may be overridden by compile because it
        is connected to generic logic. Use all_connected to see net
        connections. (OPT-461)
Warning: Dont_touch on net '*cell*89/M_2scompl[22]' may be overridden by compile because it
        is connected to generic logic. Use all_connected to see net
        connections. (OPT-461)
Warning: Dont_touch on net '*cell*89/M_2scompl[23]' may be overridden by compile because it
        is connected to generic logic. Use all_connected to see net
        connections. (OPT-461)
Warning: Dont_touch on net '*cell*89/M_2scompl[24]' may be overridden by compile because it
        is connected to generic logic. Use all_connected to see net
        connections. (OPT-461)
Warning: Dont_touch on net '*cell*89/a[0]' may be overridden by compile because it
        is connected to generic logic. Use all_connected to see net
        connections. (OPT-461)
Warning: Dont_touch on net '*cell*89/a[1]' may be overridden by compile because it
        is connected to generic logic. Use all_connected to see net
        connections. (OPT-461)
Warning: Dont_touch on net '*cell*89/a[2]' may be overridden by compile because it
        is connected to generic logic. Use all_connected to see net
        connections. (OPT-461)
Warning: Dont_touch on net '*cell*89/a[3]' may be overridden by compile because it
        is connected to generic logic. Use all_connected to see net
        connections. (OPT-461)
Warning: Dont_touch on net '*cell*89/a[4]' may be overridden by compile because it
        is connected to generic logic. Use all_connected to see net
        connections. (OPT-461)
Warning: Dont_touch on net '*cell*89/a[5]' may be overridden by compile because it
        is connected to generic logic. Use all_connected to see net
        connections. (OPT-461)
Warning: Dont_touch on net '*cell*89/a[6]' may be overridden by compile because it
        is connected to generic logic. Use all_connected to see net
        connections. (OPT-461)
Warning: Dont_touch on net '*cell*89/a[7]' may be overridden by compile because it
        is connected to generic logic. Use all_connected to see net
        connections. (OPT-461)
Warning: Dont_touch on net '*cell*89/a[8]' may be overridden by compile because it
        is connected to generic logic. Use all_connected to see net
        connections. (OPT-461)
Warning: Dont_touch on net '*cell*89/a[9]' may be overridden by compile because it
        is connected to generic logic. Use all_connected to see net
        connections. (OPT-461)
Warning: Dont_touch on net '*cell*89/a[10]' may be overridden by compile because it
        is connected to generic logic. Use all_connected to see net
        connections. (OPT-461)
Warning: Dont_touch on net '*cell*89/a[11]' may be overridden by compile because it
        is connected to generic logic. Use all_connected to see net
        connections. (OPT-461)
Warning: Dont_touch on net '*cell*89/a[12]' may be overridden by compile because it
        is connected to generic logic. Use all_connected to see net
        connections. (OPT-461)
Warning: Dont_touch on net '*cell*89/a[13]' may be overridden by compile because it
        is connected to generic logic. Use all_connected to see net
        connections. (OPT-461)
Warning: Dont_touch on net '*cell*89/a[14]' may be overridden by compile because it
        is connected to generic logic. Use all_connected to see net
        connections. (OPT-461)
Warning: Dont_touch on net '*cell*89/a[15]' may be overridden by compile because it
        is connected to generic logic. Use all_connected to see net
        connections. (OPT-461)
Warning: Dont_touch on net '*cell*89/a[16]' may be overridden by compile because it
        is connected to generic logic. Use all_connected to see net
        connections. (OPT-461)
Warning: Dont_touch on net '*cell*89/a[17]' may be overridden by compile because it
        is connected to generic logic. Use all_connected to see net
        connections. (OPT-461)
Warning: Dont_touch on net '*cell*89/a[18]' may be overridden by compile because it
        is connected to generic logic. Use all_connected to see net
        connections. (OPT-461)
Warning: Dont_touch on net '*cell*89/a[19]' may be overridden by compile because it
        is connected to generic logic. Use all_connected to see net
        connections. (OPT-461)
Warning: Dont_touch on net '*cell*89/a[20]' may be overridden by compile because it
        is connected to generic logic. Use all_connected to see net
        connections. (OPT-461)
Warning: Dont_touch on net '*cell*89/a[21]' may be overridden by compile because it
        is connected to generic logic. Use all_connected to see net
        connections. (OPT-461)
Warning: Dont_touch on net '*cell*89/a[22]' may be overridden by compile because it
        is connected to generic logic. Use all_connected to see net
        connections. (OPT-461)
Warning: Dont_touch on net '*cell*89/*Logic0*' may be overridden by compile because it
        is connected to generic logic. Use all_connected to see net
        connections. (OPT-461)
Warning: Dont_touch on net '*cell*91/N96' may be overridden by compile because it
        is connected to generic logic. Use all_connected to see net
        connections. (OPT-461)
Warning: Dont_touch on net '*cell*91/N95' may be overridden by compile because it
        is connected to generic logic. Use all_connected to see net
        connections. (OPT-461)
Warning: Dont_touch on net '*cell*91/N94' may be overridden by compile because it
        is connected to generic logic. Use all_connected to see net
        connections. (OPT-461)
Warning: Dont_touch on net '*cell*91/N93' may be overridden by compile because it
        is connected to generic logic. Use all_connected to see net
        connections. (OPT-461)
Warning: Dont_touch on net '*cell*91/N92' may be overridden by compile because it
        is connected to generic logic. Use all_connected to see net
        connections. (OPT-461)
Warning: Dont_touch on net '*cell*91/N91' may be overridden by compile because it
        is connected to generic logic. Use all_connected to see net
        connections. (OPT-461)
Warning: Dont_touch on net '*cell*91/N90' may be overridden by compile because it
        is connected to generic logic. Use all_connected to see net
        connections. (OPT-461)
Warning: Dont_touch on net '*cell*91/N89' may be overridden by compile because it
        is connected to generic logic. Use all_connected to see net
        connections. (OPT-461)
Warning: Dont_touch on net '*cell*91/*Logic0*' may be overridden by compile because it
        is connected to generic logic. Use all_connected to see net
        connections. (OPT-461)
Warning: Dont_touch on net '*cell*93/N104' may be overridden by compile because it
        is connected to generic logic. Use all_connected to see net
        connections. (OPT-461)
Warning: Dont_touch on net '*cell*93/N103' may be overridden by compile because it
        is connected to generic logic. Use all_connected to see net
        connections. (OPT-461)
Warning: Dont_touch on net '*cell*93/N102' may be overridden by compile because it
        is connected to generic logic. Use all_connected to see net
        connections. (OPT-461)
Warning: Dont_touch on net '*cell*93/N101' may be overridden by compile because it
        is connected to generic logic. Use all_connected to see net
        connections. (OPT-461)
Warning: Dont_touch on net '*cell*93/N100' may be overridden by compile because it
        is connected to generic logic. Use all_connected to see net
        connections. (OPT-461)
Warning: Dont_touch on net '*cell*93/N99' may be overridden by compile because it
        is connected to generic logic. Use all_connected to see net
        connections. (OPT-461)
Warning: Dont_touch on net '*cell*93/N98' may be overridden by compile because it
        is connected to generic logic. Use all_connected to see net
        connections. (OPT-461)
Warning: Dont_touch on net '*cell*93/N97' may be overridden by compile because it
        is connected to generic logic. Use all_connected to see net
        connections. (OPT-461)
Warning: Dont_touch on net '*cell*93/N96' may be overridden by compile because it
        is connected to generic logic. Use all_connected to see net
        connections. (OPT-461)
Warning: Dont_touch on net '*cell*93/*Logic0*' may be overridden by compile because it
        is connected to generic logic. Use all_connected to see net
        connections. (OPT-461)
Warning: Dont_touch on net '*cell*95/*Logic0*' may be overridden by compile because it
        is connected to generic logic. Use all_connected to see net
        connections. (OPT-461)
  Allocating blocks in 'DW_ifp_fp_conv_sig_widthi51_exp_widthi10_sig_width23_exp_width8_use_denormal0'
Information: Changed wire load model for 'alt1' from '(none)' to 'G5K'. (OPT-170)
Information: Changed wire load model for 'apparch' from '(none)' to 'G5K'. (OPT-170)
Information: Changed wire load model for 'alt1' from '(none)' to 'G5K'. (OPT-170)
Information: Changed wire load model for 'apparch' from '(none)' to 'G5K'. (OPT-170)
Information: Changed wire load model for 'alt1' from '(none)' to 'G5K'. (OPT-170)
Information: Changed wire load model for 'astr' from '(none)' to 'G5K'. (OPT-170)
  Allocating blocks in 'DW_lzd_a_width52'
  Allocating blocks in 'DW_lzod_a_width52_detect_10'
Information: Changed wire load model for 'alt1' from '(none)' to 'G5K'. (OPT-170)
Information: Changed wire load model for 'astr' from '(none)' to 'G5K'. (OPT-170)
Information: Changed wire load model for 'alt1' from '(none)' to 'G5K'. (OPT-170)
Information: Changed wire load model for 'apparch' from '(none)' to 'G5K'. (OPT-170)
Information: Changed wire load model for 'alt1' from '(none)' to 'G5K'. (OPT-170)
Information: Changed wire load model for 'apparch' from '(none)' to 'G5K'. (OPT-170)
  Allocating blocks in 'DW_ifp_addsub_sig_widthi28_exp_widthi9_sig_widtho51_exp_widtho10_use_denormal0_use_1scmpl0'
Information: Changed wire load model for 'alt1' from '(none)' to 'G5K'. (OPT-170)
Information: Changed wire load model for 'astr' from '(none)' to 'G5K'. (OPT-170)
Information: Changed wire load model for 'alt1' from '(none)' to 'G5K'. (OPT-170)
Information: Changed wire load model for 'astr' from '(none)' to 'G5K'. (OPT-170)
Information: Changed wire load model for 'alt1' from '(none)' to 'G5K'. (OPT-170)
Information: Changed wire load model for 'apparch' from '(none)' to 'G5K'. (OPT-170)
Information: Changed wire load model for 'alt1' from '(none)' to 'G5K'. (OPT-170)
Information: Changed wire load model for 'apparch' from '(none)' to 'G5K'. (OPT-170)
Information: Changed wire load model for 'alt1' from '(none)' to 'G5K'. (OPT-170)
Information: Changed wire load model for 'astr' from '(none)' to 'G5K'. (OPT-170)
  Allocating blocks in 'DW_ifp_addsub_sig_widthi25_exp_widthi8_sig_widtho28_exp_widtho9_use_denormal0_use_1scmpl0'
Information: Changed wire load model for 'alt1' from '(none)' to 'G5K'. (OPT-170)
Information: Changed wire load model for 'astr' from '(none)' to 'G5K'. (OPT-170)
Information: Changed wire load model for 'alt1' from '(none)' to 'G5K'. (OPT-170)
Information: Changed wire load model for 'astr' from '(none)' to 'G5K'. (OPT-170)
Information: Changed wire load model for 'alt1' from '(none)' to 'G5K'. (OPT-170)
Information: Changed wire load model for 'apparch' from '(none)' to 'G5K'. (OPT-170)
Information: Changed wire load model for 'alt1' from '(none)' to 'G5K'. (OPT-170)
Information: Changed wire load model for 'apparch' from '(none)' to 'G5K'. (OPT-170)
Information: Changed wire load model for 'alt1' from '(none)' to 'G5K'. (OPT-170)
Information: Changed wire load model for 'astr' from '(none)' to 'G5K'. (OPT-170)
  Allocating blocks in 'DW_fp_ifp_conv_sig_widthi23_exp_widthi8_sig_widtho28_exp_widtho9_use_denormal0_use_1scmpl0'
  Allocating blocks in 'DW_fp_ifp_conv_sig_widthi23_exp_widthi8_sig_widtho25_exp_widtho8_use_denormal0_use_1scmpl0'
Information: Changed wire load model for 'alt1' from '(none)' to 'G5K'. (OPT-170)
Information: Changed wire load model for 'astr' from '(none)' to 'G5K'. (OPT-170)
Information: Changed wire load model for 'alt1' from '(none)' to 'G5K'. (OPT-170)
Information: Changed wire load model for 'apparch' from '(none)' to 'G5K'. (OPT-170)
Information: Changed wire load model for 'alt1' from '(none)' to 'G5K'. (OPT-170)
Information: Changed wire load model for 'apparch' from '(none)' to 'G5K'. (OPT-170)
Information: Changed wire load model for 'alt1' from '(none)' to 'G5K'. (OPT-170)
Information: Changed wire load model for 'apparch' from '(none)' to 'G5K'. (OPT-170)
  Allocating blocks in 'DW_lzd_a_width53'
  Allocating blocks in 'DW_lzod_a_width53_detect_10'
Information: Changed wire load model for 'alt1' from '(none)' to 'G5K'. (OPT-170)
Information: Changed wire load model for 'apparch' from '(none)' to 'G5K'. (OPT-170)
Information: Changed wire load model for 'alt1' from '(none)' to 'G5K'. (OPT-170)
Information: Changed wire load model for 'apparch' from '(none)' to 'G5K'. (OPT-170)
Information: Changed wire load model for 'alt1' from '(none)' to 'G5K'. (OPT-170)
Information: Changed wire load model for 'astr' from '(none)' to 'G5K'. (OPT-170)
Information: Changed wire load model for 'alt1' from '(none)' to 'G5K'. (OPT-170)
Information: Changed wire load model for 'astr' from '(none)' to 'G5K'. (OPT-170)
Information: Changed wire load model for 'alt1' from '(none)' to 'G5K'. (OPT-170)
Information: Changed wire load model for 'apparch' from '(none)' to 'G5K'. (OPT-170)
Information: Changed wire load model for 'alt1' from '(none)' to 'G5K'. (OPT-170)
Information: Changed wire load model for 'astr' from '(none)' to 'G5K'. (OPT-170)
Information: Changed wire load model for 'alt1' from '(none)' to 'G5K'. (OPT-170)
Information: Changed wire load model for 'astr' from '(none)' to 'G5K'. (OPT-170)
Information: Changed wire load model for 'alt1' from '(none)' to 'G5K'. (OPT-170)
Information: Changed wire load model for 'astr' from '(none)' to 'G5K'. (OPT-170)
Information: Changed wire load model for 'alt1' from '(none)' to 'G5K'. (OPT-170)
Information: Changed wire load model for 'astr' from '(none)' to 'G5K'. (OPT-170)
Information: Changed wire load model for 'alt1' from '(none)' to 'G5K'. (OPT-170)
Information: Changed wire load model for 'apparch' from '(none)' to 'G5K'. (OPT-170)
Information: Changed wire load model for 'alt1' from '(none)' to 'G5K'. (OPT-170)
Information: Changed wire load model for 'apparch' from '(none)' to 'G5K'. (OPT-170)
Information: Changed wire load model for 'alt1' from '(none)' to 'G5K'. (OPT-170)
Information: Changed wire load model for 'apparch' from '(none)' to 'G5K'. (OPT-170)
Information: Changed wire load model for 'alt1' from '(none)' to 'G5K'. (OPT-170)
Information: Changed wire load model for 'apparch' from '(none)' to 'G5K'. (OPT-170)
  Allocating blocks in 'DW_fp_sum3_sig_width23_exp_width8_ieee_compliance0_arch_type0'
Warning: Dont_touch on net '*cell*85/M_2scompl[0]' may be overridden by compile because it
        is connected to generic logic. Use all_connected to see net
        connections. (OPT-461)
Warning: Dont_touch on net '*cell*85/M_2scompl[1]' may be overridden by compile because it
        is connected to generic logic. Use all_connected to see net
        connections. (OPT-461)
Warning: Dont_touch on net '*cell*85/M_2scompl[2]' may be overridden by compile because it
        is connected to generic logic. Use all_connected to see net
        connections. (OPT-461)
Warning: Dont_touch on net '*cell*85/M_2scompl[3]' may be overridden by compile because it
        is connected to generic logic. Use all_connected to see net
        connections. (OPT-461)
Warning: Dont_touch on net '*cell*85/M_2scompl[4]' may be overridden by compile because it
        is connected to generic logic. Use all_connected to see net
        connections. (OPT-461)
Warning: Dont_touch on net '*cell*85/M_2scompl[5]' may be overridden by compile because it
        is connected to generic logic. Use all_connected to see net
        connections. (OPT-461)
Warning: Dont_touch on net '*cell*85/M_2scompl[6]' may be overridden by compile because it
        is connected to generic logic. Use all_connected to see net
        connections. (OPT-461)
Warning: Dont_touch on net '*cell*85/M_2scompl[7]' may be overridden by compile because it
        is connected to generic logic. Use all_connected to see net
        connections. (OPT-461)
Warning: Dont_touch on net '*cell*85/M_2scompl[8]' may be overridden by compile because it
        is connected to generic logic. Use all_connected to see net
        connections. (OPT-461)
Warning: Dont_touch on net '*cell*85/M_2scompl[9]' may be overridden by compile because it
        is connected to generic logic. Use all_connected to see net
        connections. (OPT-461)
Warning: Dont_touch on net '*cell*85/M_2scompl[10]' may be overridden by compile because it
        is connected to generic logic. Use all_connected to see net
        connections. (OPT-461)
Warning: Dont_touch on net '*cell*85/M_2scompl[11]' may be overridden by compile because it
        is connected to generic logic. Use all_connected to see net
        connections. (OPT-461)
Warning: Dont_touch on net '*cell*85/M_2scompl[12]' may be overridden by compile because it
        is connected to generic logic. Use all_connected to see net
        connections. (OPT-461)
Warning: Dont_touch on net '*cell*85/M_2scompl[13]' may be overridden by compile because it
        is connected to generic logic. Use all_connected to see net
        connections. (OPT-461)
Warning: Dont_touch on net '*cell*85/M_2scompl[14]' may be overridden by compile because it
        is connected to generic logic. Use all_connected to see net
        connections. (OPT-461)
Warning: Dont_touch on net '*cell*85/M_2scompl[15]' may be overridden by compile because it
        is connected to generic logic. Use all_connected to see net
        connections. (OPT-461)
Warning: Dont_touch on net '*cell*85/M_2scompl[16]' may be overridden by compile because it
        is connected to generic logic. Use all_connected to see net
        connections. (OPT-461)
Warning: Dont_touch on net '*cell*85/M_2scompl[17]' may be overridden by compile because it
        is connected to generic logic. Use all_connected to see net
        connections. (OPT-461)
Warning: Dont_touch on net '*cell*85/M_2scompl[18]' may be overridden by compile because it
        is connected to generic logic. Use all_connected to see net
        connections. (OPT-461)
Warning: Dont_touch on net '*cell*85/M_2scompl[19]' may be overridden by compile because it
        is connected to generic logic. Use all_connected to see net
        connections. (OPT-461)
Warning: Dont_touch on net '*cell*85/M_2scompl[20]' may be overridden by compile because it
        is connected to generic logic. Use all_connected to see net
        connections. (OPT-461)
Warning: Dont_touch on net '*cell*85/M_2scompl[21]' may be overridden by compile because it
        is connected to generic logic. Use all_connected to see net
        connections. (OPT-461)
Warning: Dont_touch on net '*cell*85/M_2scompl[22]' may be overridden by compile because it
        is connected to generic logic. Use all_connected to see net
        connections. (OPT-461)
Warning: Dont_touch on net '*cell*85/M_2scompl[23]' may be overridden by compile because it
        is connected to generic logic. Use all_connected to see net
        connections. (OPT-461)
Warning: Dont_touch on net '*cell*85/M_2scompl[24]' may be overridden by compile because it
        is connected to generic logic. Use all_connected to see net
        connections. (OPT-461)
Warning: Dont_touch on net '*cell*85/a[0]' may be overridden by compile because it
        is connected to generic logic. Use all_connected to see net
        connections. (OPT-461)
Warning: Dont_touch on net '*cell*85/a[1]' may be overridden by compile because it
        is connected to generic logic. Use all_connected to see net
        connections. (OPT-461)
Warning: Dont_touch on net '*cell*85/a[2]' may be overridden by compile because it
        is connected to generic logic. Use all_connected to see net
        connections. (OPT-461)
Warning: Dont_touch on net '*cell*85/a[3]' may be overridden by compile because it
        is connected to generic logic. Use all_connected to see net
        connections. (OPT-461)
Warning: Dont_touch on net '*cell*85/a[4]' may be overridden by compile because it
        is connected to generic logic. Use all_connected to see net
        connections. (OPT-461)
Warning: Dont_touch on net '*cell*85/a[5]' may be overridden by compile because it
        is connected to generic logic. Use all_connected to see net
        connections. (OPT-461)
Warning: Dont_touch on net '*cell*85/a[6]' may be overridden by compile because it
        is connected to generic logic. Use all_connected to see net
        connections. (OPT-461)
Warning: Dont_touch on net '*cell*85/a[7]' may be overridden by compile because it
        is connected to generic logic. Use all_connected to see net
        connections. (OPT-461)
Warning: Dont_touch on net '*cell*85/a[8]' may be overridden by compile because it
        is connected to generic logic. Use all_connected to see net
        connections. (OPT-461)
Warning: Dont_touch on net '*cell*85/a[9]' may be overridden by compile because it
        is connected to generic logic. Use all_connected to see net
        connections. (OPT-461)
Warning: Dont_touch on net '*cell*85/a[10]' may be overridden by compile because it
        is connected to generic logic. Use all_connected to see net
        connections. (OPT-461)
Warning: Dont_touch on net '*cell*85/a[11]' may be overridden by compile because it
        is connected to generic logic. Use all_connected to see net
        connections. (OPT-461)
Warning: Dont_touch on net '*cell*85/a[12]' may be overridden by compile because it
        is connected to generic logic. Use all_connected to see net
        connections. (OPT-461)
Warning: Dont_touch on net '*cell*85/a[13]' may be overridden by compile because it
        is connected to generic logic. Use all_connected to see net
        connections. (OPT-461)
Warning: Dont_touch on net '*cell*85/a[14]' may be overridden by compile because it
        is connected to generic logic. Use all_connected to see net
        connections. (OPT-461)
Warning: Dont_touch on net '*cell*85/a[15]' may be overridden by compile because it
        is connected to generic logic. Use all_connected to see net
        connections. (OPT-461)
Warning: Dont_touch on net '*cell*85/a[16]' may be overridden by compile because it
        is connected to generic logic. Use all_connected to see net
        connections. (OPT-461)
Warning: Dont_touch on net '*cell*85/a[17]' may be overridden by compile because it
        is connected to generic logic. Use all_connected to see net
        connections. (OPT-461)
Warning: Dont_touch on net '*cell*85/a[18]' may be overridden by compile because it
        is connected to generic logic. Use all_connected to see net
        connections. (OPT-461)
Warning: Dont_touch on net '*cell*85/a[19]' may be overridden by compile because it
        is connected to generic logic. Use all_connected to see net
        connections. (OPT-461)
Warning: Dont_touch on net '*cell*85/a[20]' may be overridden by compile because it
        is connected to generic logic. Use all_connected to see net
        connections. (OPT-461)
Warning: Dont_touch on net '*cell*85/a[21]' may be overridden by compile because it
        is connected to generic logic. Use all_connected to see net
        connections. (OPT-461)
Warning: Dont_touch on net '*cell*85/a[22]' may be overridden by compile because it
        is connected to generic logic. Use all_connected to see net
        connections. (OPT-461)
Warning: Dont_touch on net '*cell*85/*Logic0*' may be overridden by compile because it
        is connected to generic logic. Use all_connected to see net
        connections. (OPT-461)
Warning: Dont_touch on net '*cell*89/M_2scompl[0]' may be overridden by compile because it
        is connected to generic logic. Use all_connected to see net
        connections. (OPT-461)
Warning: Dont_touch on net '*cell*89/M_2scompl[1]' may be overridden by compile because it
        is connected to generic logic. Use all_connected to see net
        connections. (OPT-461)
Warning: Dont_touch on net '*cell*89/M_2scompl[2]' may be overridden by compile because it
        is connected to generic logic. Use all_connected to see net
        connections. (OPT-461)
Warning: Dont_touch on net '*cell*89/M_2scompl[3]' may be overridden by compile because it
        is connected to generic logic. Use all_connected to see net
        connections. (OPT-461)
Warning: Dont_touch on net '*cell*89/M_2scompl[4]' may be overridden by compile because it
        is connected to generic logic. Use all_connected to see net
        connections. (OPT-461)
Warning: Dont_touch on net '*cell*89/M_2scompl[5]' may be overridden by compile because it
        is connected to generic logic. Use all_connected to see net
        connections. (OPT-461)
Warning: Dont_touch on net '*cell*89/M_2scompl[6]' may be overridden by compile because it
        is connected to generic logic. Use all_connected to see net
        connections. (OPT-461)
Warning: Dont_touch on net '*cell*89/M_2scompl[7]' may be overridden by compile because it
        is connected to generic logic. Use all_connected to see net
        connections. (OPT-461)
Warning: Dont_touch on net '*cell*89/M_2scompl[8]' may be overridden by compile because it
        is connected to generic logic. Use all_connected to see net
        connections. (OPT-461)
Warning: Dont_touch on net '*cell*89/M_2scompl[9]' may be overridden by compile because it
        is connected to generic logic. Use all_connected to see net
        connections. (OPT-461)
Warning: Dont_touch on net '*cell*89/M_2scompl[10]' may be overridden by compile because it
        is connected to generic logic. Use all_connected to see net
        connections. (OPT-461)
Warning: Dont_touch on net '*cell*89/M_2scompl[11]' may be overridden by compile because it
        is connected to generic logic. Use all_connected to see net
        connections. (OPT-461)
Warning: Dont_touch on net '*cell*89/M_2scompl[12]' may be overridden by compile because it
        is connected to generic logic. Use all_connected to see net
        connections. (OPT-461)
Warning: Dont_touch on net '*cell*89/M_2scompl[13]' may be overridden by compile because it
        is connected to generic logic. Use all_connected to see net
        connections. (OPT-461)
Warning: Dont_touch on net '*cell*89/M_2scompl[14]' may be overridden by compile because it
        is connected to generic logic. Use all_connected to see net
        connections. (OPT-461)
Warning: Dont_touch on net '*cell*89/M_2scompl[15]' may be overridden by compile because it
        is connected to generic logic. Use all_connected to see net
        connections. (OPT-461)
Warning: Dont_touch on net '*cell*89/M_2scompl[16]' may be overridden by compile because it
        is connected to generic logic. Use all_connected to see net
        connections. (OPT-461)
Warning: Dont_touch on net '*cell*89/M_2scompl[17]' may be overridden by compile because it
        is connected to generic logic. Use all_connected to see net
        connections. (OPT-461)
Warning: Dont_touch on net '*cell*89/M_2scompl[18]' may be overridden by compile because it
        is connected to generic logic. Use all_connected to see net
        connections. (OPT-461)
Warning: Dont_touch on net '*cell*89/M_2scompl[19]' may be overridden by compile because it
        is connected to generic logic. Use all_connected to see net
        connections. (OPT-461)
Warning: Dont_touch on net '*cell*89/M_2scompl[20]' may be overridden by compile because it
        is connected to generic logic. Use all_connected to see net
        connections. (OPT-461)
Warning: Dont_touch on net '*cell*89/M_2scompl[21]' may be overridden by compile because it
        is connected to generic logic. Use all_connected to see net
        connections. (OPT-461)
Warning: Dont_touch on net '*cell*89/M_2scompl[22]' may be overridden by compile because it
        is connected to generic logic. Use all_connected to see net
        connections. (OPT-461)
Warning: Dont_touch on net '*cell*89/M_2scompl[23]' may be overridden by compile because it
        is connected to generic logic. Use all_connected to see net
        connections. (OPT-461)
Warning: Dont_touch on net '*cell*89/M_2scompl[24]' may be overridden by compile because it
        is connected to generic logic. Use all_connected to see net
        connections. (OPT-461)
Warning: Dont_touch on net '*cell*89/a[0]' may be overridden by compile because it
        is connected to generic logic. Use all_connected to see net
        connections. (OPT-461)
Warning: Dont_touch on net '*cell*89/a[1]' may be overridden by compile because it
        is connected to generic logic. Use all_connected to see net
        connections. (OPT-461)
Warning: Dont_touch on net '*cell*89/a[2]' may be overridden by compile because it
        is connected to generic logic. Use all_connected to see net
        connections. (OPT-461)
Warning: Dont_touch on net '*cell*89/a[3]' may be overridden by compile because it
        is connected to generic logic. Use all_connected to see net
        connections. (OPT-461)
Warning: Dont_touch on net '*cell*89/a[4]' may be overridden by compile because it
        is connected to generic logic. Use all_connected to see net
        connections. (OPT-461)
Warning: Dont_touch on net '*cell*89/a[5]' may be overridden by compile because it
        is connected to generic logic. Use all_connected to see net
        connections. (OPT-461)
Warning: Dont_touch on net '*cell*89/a[6]' may be overridden by compile because it
        is connected to generic logic. Use all_connected to see net
        connections. (OPT-461)
Warning: Dont_touch on net '*cell*89/a[7]' may be overridden by compile because it
        is connected to generic logic. Use all_connected to see net
        connections. (OPT-461)
Warning: Dont_touch on net '*cell*89/a[8]' may be overridden by compile because it
        is connected to generic logic. Use all_connected to see net
        connections. (OPT-461)
Warning: Dont_touch on net '*cell*89/a[9]' may be overridden by compile because it
        is connected to generic logic. Use all_connected to see net
        connections. (OPT-461)
Warning: Dont_touch on net '*cell*89/a[10]' may be overridden by compile because it
        is connected to generic logic. Use all_connected to see net
        connections. (OPT-461)
Warning: Dont_touch on net '*cell*89/a[11]' may be overridden by compile because it
        is connected to generic logic. Use all_connected to see net
        connections. (OPT-461)
Warning: Dont_touch on net '*cell*89/a[12]' may be overridden by compile because it
        is connected to generic logic. Use all_connected to see net
        connections. (OPT-461)
Warning: Dont_touch on net '*cell*89/a[13]' may be overridden by compile because it
        is connected to generic logic. Use all_connected to see net
        connections. (OPT-461)
Warning: Dont_touch on net '*cell*89/a[14]' may be overridden by compile because it
        is connected to generic logic. Use all_connected to see net
        connections. (OPT-461)
Warning: Dont_touch on net '*cell*89/a[15]' may be overridden by compile because it
        is connected to generic logic. Use all_connected to see net
        connections. (OPT-461)
Warning: Dont_touch on net '*cell*89/a[16]' may be overridden by compile because it
        is connected to generic logic. Use all_connected to see net
        connections. (OPT-461)
Warning: Dont_touch on net '*cell*89/a[17]' may be overridden by compile because it
        is connected to generic logic. Use all_connected to see net
        connections. (OPT-461)
Warning: Dont_touch on net '*cell*89/a[18]' may be overridden by compile because it
        is connected to generic logic. Use all_connected to see net
        connections. (OPT-461)
Warning: Dont_touch on net '*cell*89/a[19]' may be overridden by compile because it
        is connected to generic logic. Use all_connected to see net
        connections. (OPT-461)
Warning: Dont_touch on net '*cell*89/a[20]' may be overridden by compile because it
        is connected to generic logic. Use all_connected to see net
        connections. (OPT-461)
Warning: Dont_touch on net '*cell*89/a[21]' may be overridden by compile because it
        is connected to generic logic. Use all_connected to see net
        connections. (OPT-461)
Warning: Dont_touch on net '*cell*89/a[22]' may be overridden by compile because it
        is connected to generic logic. Use all_connected to see net
        connections. (OPT-461)
Warning: Dont_touch on net '*cell*89/*Logic0*' may be overridden by compile because it
        is connected to generic logic. Use all_connected to see net
        connections. (OPT-461)
Warning: Dont_touch on net '*cell*91/N96' may be overridden by compile because it
        is connected to generic logic. Use all_connected to see net
        connections. (OPT-461)
Warning: Dont_touch on net '*cell*91/N95' may be overridden by compile because it
        is connected to generic logic. Use all_connected to see net
        connections. (OPT-461)
Warning: Dont_touch on net '*cell*91/N94' may be overridden by compile because it
        is connected to generic logic. Use all_connected to see net
        connections. (OPT-461)
Warning: Dont_touch on net '*cell*91/N93' may be overridden by compile because it
        is connected to generic logic. Use all_connected to see net
        connections. (OPT-461)
Warning: Dont_touch on net '*cell*91/N92' may be overridden by compile because it
        is connected to generic logic. Use all_connected to see net
        connections. (OPT-461)
Warning: Dont_touch on net '*cell*91/N91' may be overridden by compile because it
        is connected to generic logic. Use all_connected to see net
        connections. (OPT-461)
Warning: Dont_touch on net '*cell*91/N90' may be overridden by compile because it
        is connected to generic logic. Use all_connected to see net
        connections. (OPT-461)
Warning: Dont_touch on net '*cell*91/N89' may be overridden by compile because it
        is connected to generic logic. Use all_connected to see net
        connections. (OPT-461)
Warning: Dont_touch on net '*cell*91/*Logic0*' may be overridden by compile because it
        is connected to generic logic. Use all_connected to see net
        connections. (OPT-461)
Warning: Dont_touch on net '*cell*93/N104' may be overridden by compile because it
        is connected to generic logic. Use all_connected to see net
        connections. (OPT-461)
Warning: Dont_touch on net '*cell*93/N103' may be overridden by compile because it
        is connected to generic logic. Use all_connected to see net
        connections. (OPT-461)
Warning: Dont_touch on net '*cell*93/N102' may be overridden by compile because it
        is connected to generic logic. Use all_connected to see net
        connections. (OPT-461)
Warning: Dont_touch on net '*cell*93/N101' may be overridden by compile because it
        is connected to generic logic. Use all_connected to see net
        connections. (OPT-461)
Warning: Dont_touch on net '*cell*93/N100' may be overridden by compile because it
        is connected to generic logic. Use all_connected to see net
        connections. (OPT-461)
Warning: Dont_touch on net '*cell*93/N99' may be overridden by compile because it
        is connected to generic logic. Use all_connected to see net
        connections. (OPT-461)
Warning: Dont_touch on net '*cell*93/N98' may be overridden by compile because it
        is connected to generic logic. Use all_connected to see net
        connections. (OPT-461)
Warning: Dont_touch on net '*cell*93/N97' may be overridden by compile because it
        is connected to generic logic. Use all_connected to see net
        connections. (OPT-461)
Warning: Dont_touch on net '*cell*93/N96' may be overridden by compile because it
        is connected to generic logic. Use all_connected to see net
        connections. (OPT-461)
Warning: Dont_touch on net '*cell*93/*Logic0*' may be overridden by compile because it
        is connected to generic logic. Use all_connected to see net
        connections. (OPT-461)
Warning: Dont_touch on net '*cell*95/*Logic0*' may be overridden by compile because it
        is connected to generic logic. Use all_connected to see net
        connections. (OPT-461)
  Allocating blocks in 'DW_ifp_fp_conv_sig_widthi51_exp_widthi10_sig_width23_exp_width8_use_denormal0'
Information: Changed wire load model for 'alt1' from '(none)' to 'G5K'. (OPT-170)
Information: Changed wire load model for 'apparch' from '(none)' to 'G5K'. (OPT-170)
Information: Changed wire load model for 'alt1' from '(none)' to 'G5K'. (OPT-170)
Information: Changed wire load model for 'apparch' from '(none)' to 'G5K'. (OPT-170)
Information: Changed wire load model for 'alt1' from '(none)' to 'G5K'. (OPT-170)
Information: Changed wire load model for 'astr' from '(none)' to 'G5K'. (OPT-170)
  Allocating blocks in 'DW_lzd_a_width52'
  Allocating blocks in 'DW_lzod_a_width52_detect_10'
Information: Changed wire load model for 'alt1' from '(none)' to 'G5K'. (OPT-170)
Information: Changed wire load model for 'astr' from '(none)' to 'G5K'. (OPT-170)
Information: Changed wire load model for 'alt1' from '(none)' to 'G5K'. (OPT-170)
Information: Changed wire load model for 'apparch' from '(none)' to 'G5K'. (OPT-170)
Information: Changed wire load model for 'alt1' from '(none)' to 'G5K'. (OPT-170)
Information: Changed wire load model for 'apparch' from '(none)' to 'G5K'. (OPT-170)
  Allocating blocks in 'DW_ifp_addsub_sig_widthi28_exp_widthi9_sig_widtho51_exp_widtho10_use_denormal0_use_1scmpl0'
Information: Changed wire load model for 'alt1' from '(none)' to 'G5K'. (OPT-170)
Information: Changed wire load model for 'astr' from '(none)' to 'G5K'. (OPT-170)
Information: Changed wire load model for 'alt1' from '(none)' to 'G5K'. (OPT-170)
Information: Changed wire load model for 'astr' from '(none)' to 'G5K'. (OPT-170)
Information: Changed wire load model for 'alt1' from '(none)' to 'G5K'. (OPT-170)
Information: Changed wire load model for 'apparch' from '(none)' to 'G5K'. (OPT-170)
Information: Changed wire load model for 'alt1' from '(none)' to 'G5K'. (OPT-170)
Information: Changed wire load model for 'apparch' from '(none)' to 'G5K'. (OPT-170)
Information: Changed wire load model for 'alt1' from '(none)' to 'G5K'. (OPT-170)
Information: Changed wire load model for 'astr' from '(none)' to 'G5K'. (OPT-170)
  Allocating blocks in 'DW_ifp_addsub_sig_widthi25_exp_widthi8_sig_widtho28_exp_widtho9_use_denormal0_use_1scmpl0'
Information: Changed wire load model for 'alt1' from '(none)' to 'G5K'. (OPT-170)
Information: Changed wire load model for 'astr' from '(none)' to 'G5K'. (OPT-170)
Information: Changed wire load model for 'alt1' from '(none)' to 'G5K'. (OPT-170)
Information: Changed wire load model for 'astr' from '(none)' to 'G5K'. (OPT-170)
Information: Changed wire load model for 'alt1' from '(none)' to 'G5K'. (OPT-170)
Information: Changed wire load model for 'apparch' from '(none)' to 'G5K'. (OPT-170)
Information: Changed wire load model for 'alt1' from '(none)' to 'G5K'. (OPT-170)
Information: Changed wire load model for 'apparch' from '(none)' to 'G5K'. (OPT-170)
Information: Changed wire load model for 'alt1' from '(none)' to 'G5K'. (OPT-170)
Information: Changed wire load model for 'astr' from '(none)' to 'G5K'. (OPT-170)
  Allocating blocks in 'DW_fp_ifp_conv_sig_widthi23_exp_widthi8_sig_widtho28_exp_widtho9_use_denormal0_use_1scmpl0'
  Allocating blocks in 'DW_fp_ifp_conv_sig_widthi23_exp_widthi8_sig_widtho25_exp_widtho8_use_denormal0_use_1scmpl0'
Information: Changed wire load model for 'alt1' from '(none)' to 'G5K'. (OPT-170)
Information: Changed wire load model for 'astr' from '(none)' to 'G5K'. (OPT-170)
Information: Changed wire load model for 'alt1' from '(none)' to 'G5K'. (OPT-170)
Information: Changed wire load model for 'apparch' from '(none)' to 'G5K'. (OPT-170)
Information: Changed wire load model for 'alt1' from '(none)' to 'G5K'. (OPT-170)
Information: Changed wire load model for 'apparch' from '(none)' to 'G5K'. (OPT-170)
Information: Changed wire load model for 'alt1' from '(none)' to 'G5K'. (OPT-170)
Information: Changed wire load model for 'apparch' from '(none)' to 'G5K'. (OPT-170)
  Allocating blocks in 'DW_lzd_a_width53'
  Allocating blocks in 'DW_lzod_a_width53_detect_10'
Information: Changed wire load model for 'alt1' from '(none)' to 'G5K'. (OPT-170)
Information: Changed wire load model for 'apparch' from '(none)' to 'G5K'. (OPT-170)
Information: Changed wire load model for 'alt1' from '(none)' to 'G5K'. (OPT-170)
Information: Changed wire load model for 'apparch' from '(none)' to 'G5K'. (OPT-170)
Information: Changed wire load model for 'alt1' from '(none)' to 'G5K'. (OPT-170)
Information: Changed wire load model for 'astr' from '(none)' to 'G5K'. (OPT-170)
Information: Changed wire load model for 'alt1' from '(none)' to 'G5K'. (OPT-170)
Information: Changed wire load model for 'astr' from '(none)' to 'G5K'. (OPT-170)
Information: Changed wire load model for 'alt1' from '(none)' to 'G5K'. (OPT-170)
Information: Changed wire load model for 'apparch' from '(none)' to 'G5K'. (OPT-170)
Information: Changed wire load model for 'alt1' from '(none)' to 'G5K'. (OPT-170)
Information: Changed wire load model for 'astr' from '(none)' to 'G5K'. (OPT-170)
Information: Changed wire load model for 'alt1' from '(none)' to 'G5K'. (OPT-170)
Information: Changed wire load model for 'astr' from '(none)' to 'G5K'. (OPT-170)
Information: Changed wire load model for 'alt1' from '(none)' to 'G5K'. (OPT-170)
Information: Changed wire load model for 'astr' from '(none)' to 'G5K'. (OPT-170)
Information: Changed wire load model for 'alt1' from '(none)' to 'G5K'. (OPT-170)
Information: Changed wire load model for 'astr' from '(none)' to 'G5K'. (OPT-170)
Information: Changed wire load model for 'alt1' from '(none)' to 'G5K'. (OPT-170)
Information: Changed wire load model for 'apparch' from '(none)' to 'G5K'. (OPT-170)
Information: Changed wire load model for 'alt1' from '(none)' to 'G5K'. (OPT-170)
Information: Changed wire load model for 'apparch' from '(none)' to 'G5K'. (OPT-170)
Information: Changed wire load model for 'alt1' from '(none)' to 'G5K'. (OPT-170)
Information: Changed wire load model for 'apparch' from '(none)' to 'G5K'. (OPT-170)
Information: Changed wire load model for 'alt1' from '(none)' to 'G5K'. (OPT-170)
Information: Changed wire load model for 'apparch' from '(none)' to 'G5K'. (OPT-170)
  Allocating blocks in 'DW_fp_sum3_sig_width23_exp_width8_ieee_compliance0_arch_type0'
Warning: Dont_touch on net '*cell*85/M_2scompl[0]' may be overridden by compile because it
        is connected to generic logic. Use all_connected to see net
        connections. (OPT-461)
Warning: Dont_touch on net '*cell*85/M_2scompl[1]' may be overridden by compile because it
        is connected to generic logic. Use all_connected to see net
        connections. (OPT-461)
Warning: Dont_touch on net '*cell*85/M_2scompl[2]' may be overridden by compile because it
        is connected to generic logic. Use all_connected to see net
        connections. (OPT-461)
Warning: Dont_touch on net '*cell*85/M_2scompl[3]' may be overridden by compile because it
        is connected to generic logic. Use all_connected to see net
        connections. (OPT-461)
Warning: Dont_touch on net '*cell*85/M_2scompl[4]' may be overridden by compile because it
        is connected to generic logic. Use all_connected to see net
        connections. (OPT-461)
Warning: Dont_touch on net '*cell*85/M_2scompl[5]' may be overridden by compile because it
        is connected to generic logic. Use all_connected to see net
        connections. (OPT-461)
Warning: Dont_touch on net '*cell*85/M_2scompl[6]' may be overridden by compile because it
        is connected to generic logic. Use all_connected to see net
        connections. (OPT-461)
Warning: Dont_touch on net '*cell*85/M_2scompl[7]' may be overridden by compile because it
        is connected to generic logic. Use all_connected to see net
        connections. (OPT-461)
Warning: Dont_touch on net '*cell*85/M_2scompl[8]' may be overridden by compile because it
        is connected to generic logic. Use all_connected to see net
        connections. (OPT-461)
Warning: Dont_touch on net '*cell*85/M_2scompl[9]' may be overridden by compile because it
        is connected to generic logic. Use all_connected to see net
        connections. (OPT-461)
Warning: Dont_touch on net '*cell*85/M_2scompl[10]' may be overridden by compile because it
        is connected to generic logic. Use all_connected to see net
        connections. (OPT-461)
Warning: Dont_touch on net '*cell*85/M_2scompl[11]' may be overridden by compile because it
        is connected to generic logic. Use all_connected to see net
        connections. (OPT-461)
Warning: Dont_touch on net '*cell*85/M_2scompl[12]' may be overridden by compile because it
        is connected to generic logic. Use all_connected to see net
        connections. (OPT-461)
Warning: Dont_touch on net '*cell*85/M_2scompl[13]' may be overridden by compile because it
        is connected to generic logic. Use all_connected to see net
        connections. (OPT-461)
Warning: Dont_touch on net '*cell*85/M_2scompl[14]' may be overridden by compile because it
        is connected to generic logic. Use all_connected to see net
        connections. (OPT-461)
Warning: Dont_touch on net '*cell*85/M_2scompl[15]' may be overridden by compile because it
        is connected to generic logic. Use all_connected to see net
        connections. (OPT-461)
Warning: Dont_touch on net '*cell*85/M_2scompl[16]' may be overridden by compile because it
        is connected to generic logic. Use all_connected to see net
        connections. (OPT-461)
Warning: Dont_touch on net '*cell*85/M_2scompl[17]' may be overridden by compile because it
        is connected to generic logic. Use all_connected to see net
        connections. (OPT-461)
Warning: Dont_touch on net '*cell*85/M_2scompl[18]' may be overridden by compile because it
        is connected to generic logic. Use all_connected to see net
        connections. (OPT-461)
Warning: Dont_touch on net '*cell*85/M_2scompl[19]' may be overridden by compile because it
        is connected to generic logic. Use all_connected to see net
        connections. (OPT-461)
Warning: Dont_touch on net '*cell*85/M_2scompl[20]' may be overridden by compile because it
        is connected to generic logic. Use all_connected to see net
        connections. (OPT-461)
Warning: Dont_touch on net '*cell*85/M_2scompl[21]' may be overridden by compile because it
        is connected to generic logic. Use all_connected to see net
        connections. (OPT-461)
Warning: Dont_touch on net '*cell*85/M_2scompl[22]' may be overridden by compile because it
        is connected to generic logic. Use all_connected to see net
        connections. (OPT-461)
Warning: Dont_touch on net '*cell*85/M_2scompl[23]' may be overridden by compile because it
        is connected to generic logic. Use all_connected to see net
        connections. (OPT-461)
Warning: Dont_touch on net '*cell*85/M_2scompl[24]' may be overridden by compile because it
        is connected to generic logic. Use all_connected to see net
        connections. (OPT-461)
Warning: Dont_touch on net '*cell*85/a[0]' may be overridden by compile because it
        is connected to generic logic. Use all_connected to see net
        connections. (OPT-461)
Warning: Dont_touch on net '*cell*85/a[1]' may be overridden by compile because it
        is connected to generic logic. Use all_connected to see net
        connections. (OPT-461)
Warning: Dont_touch on net '*cell*85/a[2]' may be overridden by compile because it
        is connected to generic logic. Use all_connected to see net
        connections. (OPT-461)
Warning: Dont_touch on net '*cell*85/a[3]' may be overridden by compile because it
        is connected to generic logic. Use all_connected to see net
        connections. (OPT-461)
Warning: Dont_touch on net '*cell*85/a[4]' may be overridden by compile because it
        is connected to generic logic. Use all_connected to see net
        connections. (OPT-461)
Warning: Dont_touch on net '*cell*85/a[5]' may be overridden by compile because it
        is connected to generic logic. Use all_connected to see net
        connections. (OPT-461)
Warning: Dont_touch on net '*cell*85/a[6]' may be overridden by compile because it
        is connected to generic logic. Use all_connected to see net
        connections. (OPT-461)
Warning: Dont_touch on net '*cell*85/a[7]' may be overridden by compile because it
        is connected to generic logic. Use all_connected to see net
        connections. (OPT-461)
Warning: Dont_touch on net '*cell*85/a[8]' may be overridden by compile because it
        is connected to generic logic. Use all_connected to see net
        connections. (OPT-461)
Warning: Dont_touch on net '*cell*85/a[9]' may be overridden by compile because it
        is connected to generic logic. Use all_connected to see net
        connections. (OPT-461)
Warning: Dont_touch on net '*cell*85/a[10]' may be overridden by compile because it
        is connected to generic logic. Use all_connected to see net
        connections. (OPT-461)
Warning: Dont_touch on net '*cell*85/a[11]' may be overridden by compile because it
        is connected to generic logic. Use all_connected to see net
        connections. (OPT-461)
Warning: Dont_touch on net '*cell*85/a[12]' may be overridden by compile because it
        is connected to generic logic. Use all_connected to see net
        connections. (OPT-461)
Warning: Dont_touch on net '*cell*85/a[13]' may be overridden by compile because it
        is connected to generic logic. Use all_connected to see net
        connections. (OPT-461)
Warning: Dont_touch on net '*cell*85/a[14]' may be overridden by compile because it
        is connected to generic logic. Use all_connected to see net
        connections. (OPT-461)
Warning: Dont_touch on net '*cell*85/a[15]' may be overridden by compile because it
        is connected to generic logic. Use all_connected to see net
        connections. (OPT-461)
Warning: Dont_touch on net '*cell*85/a[16]' may be overridden by compile because it
        is connected to generic logic. Use all_connected to see net
        connections. (OPT-461)
Warning: Dont_touch on net '*cell*85/a[17]' may be overridden by compile because it
        is connected to generic logic. Use all_connected to see net
        connections. (OPT-461)
Warning: Dont_touch on net '*cell*85/a[18]' may be overridden by compile because it
        is connected to generic logic. Use all_connected to see net
        connections. (OPT-461)
Warning: Dont_touch on net '*cell*85/a[19]' may be overridden by compile because it
        is connected to generic logic. Use all_connected to see net
        connections. (OPT-461)
Warning: Dont_touch on net '*cell*85/a[20]' may be overridden by compile because it
        is connected to generic logic. Use all_connected to see net
        connections. (OPT-461)
Warning: Dont_touch on net '*cell*85/a[21]' may be overridden by compile because it
        is connected to generic logic. Use all_connected to see net
        connections. (OPT-461)
Warning: Dont_touch on net '*cell*85/a[22]' may be overridden by compile because it
        is connected to generic logic. Use all_connected to see net
        connections. (OPT-461)
Warning: Dont_touch on net '*cell*85/*Logic0*' may be overridden by compile because it
        is connected to generic logic. Use all_connected to see net
        connections. (OPT-461)
Warning: Dont_touch on net '*cell*89/M_2scompl[0]' may be overridden by compile because it
        is connected to generic logic. Use all_connected to see net
        connections. (OPT-461)
Warning: Dont_touch on net '*cell*89/M_2scompl[1]' may be overridden by compile because it
        is connected to generic logic. Use all_connected to see net
        connections. (OPT-461)
Warning: Dont_touch on net '*cell*89/M_2scompl[2]' may be overridden by compile because it
        is connected to generic logic. Use all_connected to see net
        connections. (OPT-461)
Warning: Dont_touch on net '*cell*89/M_2scompl[3]' may be overridden by compile because it
        is connected to generic logic. Use all_connected to see net
        connections. (OPT-461)
Warning: Dont_touch on net '*cell*89/M_2scompl[4]' may be overridden by compile because it
        is connected to generic logic. Use all_connected to see net
        connections. (OPT-461)
Warning: Dont_touch on net '*cell*89/M_2scompl[5]' may be overridden by compile because it
        is connected to generic logic. Use all_connected to see net
        connections. (OPT-461)
Warning: Dont_touch on net '*cell*89/M_2scompl[6]' may be overridden by compile because it
        is connected to generic logic. Use all_connected to see net
        connections. (OPT-461)
Warning: Dont_touch on net '*cell*89/M_2scompl[7]' may be overridden by compile because it
        is connected to generic logic. Use all_connected to see net
        connections. (OPT-461)
Warning: Dont_touch on net '*cell*89/M_2scompl[8]' may be overridden by compile because it
        is connected to generic logic. Use all_connected to see net
        connections. (OPT-461)
Warning: Dont_touch on net '*cell*89/M_2scompl[9]' may be overridden by compile because it
        is connected to generic logic. Use all_connected to see net
        connections. (OPT-461)
Warning: Dont_touch on net '*cell*89/M_2scompl[10]' may be overridden by compile because it
        is connected to generic logic. Use all_connected to see net
        connections. (OPT-461)
Warning: Dont_touch on net '*cell*89/M_2scompl[11]' may be overridden by compile because it
        is connected to generic logic. Use all_connected to see net
        connections. (OPT-461)
Warning: Dont_touch on net '*cell*89/M_2scompl[12]' may be overridden by compile because it
        is connected to generic logic. Use all_connected to see net
        connections. (OPT-461)
Warning: Dont_touch on net '*cell*89/M_2scompl[13]' may be overridden by compile because it
        is connected to generic logic. Use all_connected to see net
        connections. (OPT-461)
Warning: Dont_touch on net '*cell*89/M_2scompl[14]' may be overridden by compile because it
        is connected to generic logic. Use all_connected to see net
        connections. (OPT-461)
Warning: Dont_touch on net '*cell*89/M_2scompl[15]' may be overridden by compile because it
        is connected to generic logic. Use all_connected to see net
        connections. (OPT-461)
Warning: Dont_touch on net '*cell*89/M_2scompl[16]' may be overridden by compile because it
        is connected to generic logic. Use all_connected to see net
        connections. (OPT-461)
Warning: Dont_touch on net '*cell*89/M_2scompl[17]' may be overridden by compile because it
        is connected to generic logic. Use all_connected to see net
        connections. (OPT-461)
Warning: Dont_touch on net '*cell*89/M_2scompl[18]' may be overridden by compile because it
        is connected to generic logic. Use all_connected to see net
        connections. (OPT-461)
Warning: Dont_touch on net '*cell*89/M_2scompl[19]' may be overridden by compile because it
        is connected to generic logic. Use all_connected to see net
        connections. (OPT-461)
Warning: Dont_touch on net '*cell*89/M_2scompl[20]' may be overridden by compile because it
        is connected to generic logic. Use all_connected to see net
        connections. (OPT-461)
Warning: Dont_touch on net '*cell*89/M_2scompl[21]' may be overridden by compile because it
        is connected to generic logic. Use all_connected to see net
        connections. (OPT-461)
Warning: Dont_touch on net '*cell*89/M_2scompl[22]' may be overridden by compile because it
        is connected to generic logic. Use all_connected to see net
        connections. (OPT-461)
Warning: Dont_touch on net '*cell*89/M_2scompl[23]' may be overridden by compile because it
        is connected to generic logic. Use all_connected to see net
        connections. (OPT-461)
Warning: Dont_touch on net '*cell*89/M_2scompl[24]' may be overridden by compile because it
        is connected to generic logic. Use all_connected to see net
        connections. (OPT-461)
Warning: Dont_touch on net '*cell*89/a[0]' may be overridden by compile because it
        is connected to generic logic. Use all_connected to see net
        connections. (OPT-461)
Warning: Dont_touch on net '*cell*89/a[1]' may be overridden by compile because it
        is connected to generic logic. Use all_connected to see net
        connections. (OPT-461)
Warning: Dont_touch on net '*cell*89/a[2]' may be overridden by compile because it
        is connected to generic logic. Use all_connected to see net
        connections. (OPT-461)
Warning: Dont_touch on net '*cell*89/a[3]' may be overridden by compile because it
        is connected to generic logic. Use all_connected to see net
        connections. (OPT-461)
Warning: Dont_touch on net '*cell*89/a[4]' may be overridden by compile because it
        is connected to generic logic. Use all_connected to see net
        connections. (OPT-461)
Warning: Dont_touch on net '*cell*89/a[5]' may be overridden by compile because it
        is connected to generic logic. Use all_connected to see net
        connections. (OPT-461)
Warning: Dont_touch on net '*cell*89/a[6]' may be overridden by compile because it
        is connected to generic logic. Use all_connected to see net
        connections. (OPT-461)
Warning: Dont_touch on net '*cell*89/a[7]' may be overridden by compile because it
        is connected to generic logic. Use all_connected to see net
        connections. (OPT-461)
Warning: Dont_touch on net '*cell*89/a[8]' may be overridden by compile because it
        is connected to generic logic. Use all_connected to see net
        connections. (OPT-461)
Warning: Dont_touch on net '*cell*89/a[9]' may be overridden by compile because it
        is connected to generic logic. Use all_connected to see net
        connections. (OPT-461)
Warning: Dont_touch on net '*cell*89/a[10]' may be overridden by compile because it
        is connected to generic logic. Use all_connected to see net
        connections. (OPT-461)
Warning: Dont_touch on net '*cell*89/a[11]' may be overridden by compile because it
        is connected to generic logic. Use all_connected to see net
        connections. (OPT-461)
Warning: Dont_touch on net '*cell*89/a[12]' may be overridden by compile because it
        is connected to generic logic. Use all_connected to see net
        connections. (OPT-461)
Warning: Dont_touch on net '*cell*89/a[13]' may be overridden by compile because it
        is connected to generic logic. Use all_connected to see net
        connections. (OPT-461)
Warning: Dont_touch on net '*cell*89/a[14]' may be overridden by compile because it
        is connected to generic logic. Use all_connected to see net
        connections. (OPT-461)
Warning: Dont_touch on net '*cell*89/a[15]' may be overridden by compile because it
        is connected to generic logic. Use all_connected to see net
        connections. (OPT-461)
Warning: Dont_touch on net '*cell*89/a[16]' may be overridden by compile because it
        is connected to generic logic. Use all_connected to see net
        connections. (OPT-461)
Warning: Dont_touch on net '*cell*89/a[17]' may be overridden by compile because it
        is connected to generic logic. Use all_connected to see net
        connections. (OPT-461)
Warning: Dont_touch on net '*cell*89/a[18]' may be overridden by compile because it
        is connected to generic logic. Use all_connected to see net
        connections. (OPT-461)
Warning: Dont_touch on net '*cell*89/a[19]' may be overridden by compile because it
        is connected to generic logic. Use all_connected to see net
        connections. (OPT-461)
Warning: Dont_touch on net '*cell*89/a[20]' may be overridden by compile because it
        is connected to generic logic. Use all_connected to see net
        connections. (OPT-461)
Warning: Dont_touch on net '*cell*89/a[21]' may be overridden by compile because it
        is connected to generic logic. Use all_connected to see net
        connections. (OPT-461)
Warning: Dont_touch on net '*cell*89/a[22]' may be overridden by compile because it
        is connected to generic logic. Use all_connected to see net
        connections. (OPT-461)
Warning: Dont_touch on net '*cell*89/*Logic0*' may be overridden by compile because it
        is connected to generic logic. Use all_connected to see net
        connections. (OPT-461)
Warning: Dont_touch on net '*cell*91/N96' may be overridden by compile because it
        is connected to generic logic. Use all_connected to see net
        connections. (OPT-461)
Warning: Dont_touch on net '*cell*91/N95' may be overridden by compile because it
        is connected to generic logic. Use all_connected to see net
        connections. (OPT-461)
Warning: Dont_touch on net '*cell*91/N94' may be overridden by compile because it
        is connected to generic logic. Use all_connected to see net
        connections. (OPT-461)
Warning: Dont_touch on net '*cell*91/N93' may be overridden by compile because it
        is connected to generic logic. Use all_connected to see net
        connections. (OPT-461)
Warning: Dont_touch on net '*cell*91/N92' may be overridden by compile because it
        is connected to generic logic. Use all_connected to see net
        connections. (OPT-461)
Warning: Dont_touch on net '*cell*91/N91' may be overridden by compile because it
        is connected to generic logic. Use all_connected to see net
        connections. (OPT-461)
Warning: Dont_touch on net '*cell*91/N90' may be overridden by compile because it
        is connected to generic logic. Use all_connected to see net
        connections. (OPT-461)
Warning: Dont_touch on net '*cell*91/N89' may be overridden by compile because it
        is connected to generic logic. Use all_connected to see net
        connections. (OPT-461)
Warning: Dont_touch on net '*cell*91/*Logic0*' may be overridden by compile because it
        is connected to generic logic. Use all_connected to see net
        connections. (OPT-461)
Warning: Dont_touch on net '*cell*93/N104' may be overridden by compile because it
        is connected to generic logic. Use all_connected to see net
        connections. (OPT-461)
Warning: Dont_touch on net '*cell*93/N103' may be overridden by compile because it
        is connected to generic logic. Use all_connected to see net
        connections. (OPT-461)
Warning: Dont_touch on net '*cell*93/N102' may be overridden by compile because it
        is connected to generic logic. Use all_connected to see net
        connections. (OPT-461)
Warning: Dont_touch on net '*cell*93/N101' may be overridden by compile because it
        is connected to generic logic. Use all_connected to see net
        connections. (OPT-461)
Warning: Dont_touch on net '*cell*93/N100' may be overridden by compile because it
        is connected to generic logic. Use all_connected to see net
        connections. (OPT-461)
Warning: Dont_touch on net '*cell*93/N99' may be overridden by compile because it
        is connected to generic logic. Use all_connected to see net
        connections. (OPT-461)
Warning: Dont_touch on net '*cell*93/N98' may be overridden by compile because it
        is connected to generic logic. Use all_connected to see net
        connections. (OPT-461)
Warning: Dont_touch on net '*cell*93/N97' may be overridden by compile because it
        is connected to generic logic. Use all_connected to see net
        connections. (OPT-461)
Warning: Dont_touch on net '*cell*93/N96' may be overridden by compile because it
        is connected to generic logic. Use all_connected to see net
        connections. (OPT-461)
Warning: Dont_touch on net '*cell*93/*Logic0*' may be overridden by compile because it
        is connected to generic logic. Use all_connected to see net
        connections. (OPT-461)
Warning: Dont_touch on net '*cell*95/*Logic0*' may be overridden by compile because it
        is connected to generic logic. Use all_connected to see net
        connections. (OPT-461)
  Allocating blocks in 'DW_ifp_fp_conv_sig_widthi51_exp_widthi10_sig_width23_exp_width8_use_denormal0'
Information: Changed wire load model for 'alt1' from '(none)' to 'G5K'. (OPT-170)
Information: Changed wire load model for 'apparch' from '(none)' to 'G5K'. (OPT-170)
Information: Changed wire load model for 'alt1' from '(none)' to 'G5K'. (OPT-170)
Information: Changed wire load model for 'apparch' from '(none)' to 'G5K'. (OPT-170)
Information: Changed wire load model for 'alt1' from '(none)' to 'G5K'. (OPT-170)
Information: Changed wire load model for 'astr' from '(none)' to 'G5K'. (OPT-170)
  Allocating blocks in 'DW_lzd_a_width52'
  Allocating blocks in 'DW_lzod_a_width52_detect_10'
Information: Changed wire load model for 'alt1' from '(none)' to 'G5K'. (OPT-170)
Information: Changed wire load model for 'astr' from '(none)' to 'G5K'. (OPT-170)
Information: Changed wire load model for 'alt1' from '(none)' to 'G5K'. (OPT-170)
Information: Changed wire load model for 'apparch' from '(none)' to 'G5K'. (OPT-170)
Information: Changed wire load model for 'alt1' from '(none)' to 'G5K'. (OPT-170)
Information: Changed wire load model for 'apparch' from '(none)' to 'G5K'. (OPT-170)
  Allocating blocks in 'DW_ifp_addsub_sig_widthi28_exp_widthi9_sig_widtho51_exp_widtho10_use_denormal0_use_1scmpl0'
Information: Changed wire load model for 'alt1' from '(none)' to 'G5K'. (OPT-170)
Information: Changed wire load model for 'astr' from '(none)' to 'G5K'. (OPT-170)
Information: Changed wire load model for 'alt1' from '(none)' to 'G5K'. (OPT-170)
Information: Changed wire load model for 'astr' from '(none)' to 'G5K'. (OPT-170)
Information: Changed wire load model for 'alt1' from '(none)' to 'G5K'. (OPT-170)
Information: Changed wire load model for 'apparch' from '(none)' to 'G5K'. (OPT-170)
Information: Changed wire load model for 'alt1' from '(none)' to 'G5K'. (OPT-170)
Information: Changed wire load model for 'apparch' from '(none)' to 'G5K'. (OPT-170)
Information: Changed wire load model for 'alt1' from '(none)' to 'G5K'. (OPT-170)
Information: Changed wire load model for 'astr' from '(none)' to 'G5K'. (OPT-170)
  Allocating blocks in 'DW_ifp_addsub_sig_widthi25_exp_widthi8_sig_widtho28_exp_widtho9_use_denormal0_use_1scmpl0'
Information: Changed wire load model for 'alt1' from '(none)' to 'G5K'. (OPT-170)
Information: Changed wire load model for 'astr' from '(none)' to 'G5K'. (OPT-170)
Information: Changed wire load model for 'alt1' from '(none)' to 'G5K'. (OPT-170)
Information: Changed wire load model for 'astr' from '(none)' to 'G5K'. (OPT-170)
Information: Changed wire load model for 'alt1' from '(none)' to 'G5K'. (OPT-170)
Information: Changed wire load model for 'apparch' from '(none)' to 'G5K'. (OPT-170)
Information: Changed wire load model for 'alt1' from '(none)' to 'G5K'. (OPT-170)
Information: Changed wire load model for 'apparch' from '(none)' to 'G5K'. (OPT-170)
Information: Changed wire load model for 'alt1' from '(none)' to 'G5K'. (OPT-170)
Information: Changed wire load model for 'astr' from '(none)' to 'G5K'. (OPT-170)
  Allocating blocks in 'DW_fp_ifp_conv_sig_widthi23_exp_widthi8_sig_widtho28_exp_widtho9_use_denormal0_use_1scmpl0'
  Allocating blocks in 'DW_fp_ifp_conv_sig_widthi23_exp_widthi8_sig_widtho25_exp_widtho8_use_denormal0_use_1scmpl0'
Information: Changed wire load model for 'alt1' from '(none)' to 'G5K'. (OPT-170)
Information: Changed wire load model for 'astr' from '(none)' to 'G5K'. (OPT-170)
Information: Changed wire load model for 'alt1' from '(none)' to 'G5K'. (OPT-170)
Information: Changed wire load model for 'apparch' from '(none)' to 'G5K'. (OPT-170)
Information: Changed wire load model for 'alt1' from '(none)' to 'G5K'. (OPT-170)
Information: Changed wire load model for 'apparch' from '(none)' to 'G5K'. (OPT-170)
Information: Changed wire load model for 'alt1' from '(none)' to 'G5K'. (OPT-170)
Information: Changed wire load model for 'apparch' from '(none)' to 'G5K'. (OPT-170)
  Allocating blocks in 'DW_lzd_a_width53'
  Allocating blocks in 'DW_lzod_a_width53_detect_10'
Information: Changed wire load model for 'alt1' from '(none)' to 'G5K'. (OPT-170)
Information: Changed wire load model for 'apparch' from '(none)' to 'G5K'. (OPT-170)
Information: Changed wire load model for 'alt1' from '(none)' to 'G5K'. (OPT-170)
Information: Changed wire load model for 'apparch' from '(none)' to 'G5K'. (OPT-170)
Information: Changed wire load model for 'alt1' from '(none)' to 'G5K'. (OPT-170)
Information: Changed wire load model for 'astr' from '(none)' to 'G5K'. (OPT-170)
Information: Changed wire load model for 'alt1' from '(none)' to 'G5K'. (OPT-170)
Information: Changed wire load model for 'astr' from '(none)' to 'G5K'. (OPT-170)
Information: Changed wire load model for 'alt1' from '(none)' to 'G5K'. (OPT-170)
Information: Changed wire load model for 'apparch' from '(none)' to 'G5K'. (OPT-170)
Information: Changed wire load model for 'alt1' from '(none)' to 'G5K'. (OPT-170)
Information: Changed wire load model for 'astr' from '(none)' to 'G5K'. (OPT-170)
Information: Changed wire load model for 'alt1' from '(none)' to 'G5K'. (OPT-170)
Information: Changed wire load model for 'astr' from '(none)' to 'G5K'. (OPT-170)
Information: Changed wire load model for 'alt1' from '(none)' to 'G5K'. (OPT-170)
Information: Changed wire load model for 'astr' from '(none)' to 'G5K'. (OPT-170)
Information: Changed wire load model for 'alt1' from '(none)' to 'G5K'. (OPT-170)
Information: Changed wire load model for 'astr' from '(none)' to 'G5K'. (OPT-170)
Information: Changed wire load model for 'alt1' from '(none)' to 'G5K'. (OPT-170)
Information: Changed wire load model for 'apparch' from '(none)' to 'G5K'. (OPT-170)
Information: Changed wire load model for 'alt1' from '(none)' to 'G5K'. (OPT-170)
Information: Changed wire load model for 'apparch' from '(none)' to 'G5K'. (OPT-170)
Information: Changed wire load model for 'alt1' from '(none)' to 'G5K'. (OPT-170)
Information: Changed wire load model for 'apparch' from '(none)' to 'G5K'. (OPT-170)
Information: Changed wire load model for 'alt1' from '(none)' to 'G5K'. (OPT-170)
Information: Changed wire load model for 'apparch' from '(none)' to 'G5K'. (OPT-170)
  Allocating blocks in 'DW_fp_sum3_sig_width23_exp_width8_ieee_compliance0_arch_type0'
Warning: Dont_touch on net '*cell*85/M_2scompl[0]' may be overridden by compile because it
        is connected to generic logic. Use all_connected to see net
        connections. (OPT-461)
Warning: Dont_touch on net '*cell*85/M_2scompl[1]' may be overridden by compile because it
        is connected to generic logic. Use all_connected to see net
        connections. (OPT-461)
Warning: Dont_touch on net '*cell*85/M_2scompl[2]' may be overridden by compile because it
        is connected to generic logic. Use all_connected to see net
        connections. (OPT-461)
Warning: Dont_touch on net '*cell*85/M_2scompl[3]' may be overridden by compile because it
        is connected to generic logic. Use all_connected to see net
        connections. (OPT-461)
Warning: Dont_touch on net '*cell*85/M_2scompl[4]' may be overridden by compile because it
        is connected to generic logic. Use all_connected to see net
        connections. (OPT-461)
Warning: Dont_touch on net '*cell*85/M_2scompl[5]' may be overridden by compile because it
        is connected to generic logic. Use all_connected to see net
        connections. (OPT-461)
Warning: Dont_touch on net '*cell*85/M_2scompl[6]' may be overridden by compile because it
        is connected to generic logic. Use all_connected to see net
        connections. (OPT-461)
Warning: Dont_touch on net '*cell*85/M_2scompl[7]' may be overridden by compile because it
        is connected to generic logic. Use all_connected to see net
        connections. (OPT-461)
Warning: Dont_touch on net '*cell*85/M_2scompl[8]' may be overridden by compile because it
        is connected to generic logic. Use all_connected to see net
        connections. (OPT-461)
Warning: Dont_touch on net '*cell*85/M_2scompl[9]' may be overridden by compile because it
        is connected to generic logic. Use all_connected to see net
        connections. (OPT-461)
Warning: Dont_touch on net '*cell*85/M_2scompl[10]' may be overridden by compile because it
        is connected to generic logic. Use all_connected to see net
        connections. (OPT-461)
Warning: Dont_touch on net '*cell*85/M_2scompl[11]' may be overridden by compile because it
        is connected to generic logic. Use all_connected to see net
        connections. (OPT-461)
Warning: Dont_touch on net '*cell*85/M_2scompl[12]' may be overridden by compile because it
        is connected to generic logic. Use all_connected to see net
        connections. (OPT-461)
Warning: Dont_touch on net '*cell*85/M_2scompl[13]' may be overridden by compile because it
        is connected to generic logic. Use all_connected to see net
        connections. (OPT-461)
Warning: Dont_touch on net '*cell*85/M_2scompl[14]' may be overridden by compile because it
        is connected to generic logic. Use all_connected to see net
        connections. (OPT-461)
Warning: Dont_touch on net '*cell*85/M_2scompl[15]' may be overridden by compile because it
        is connected to generic logic. Use all_connected to see net
        connections. (OPT-461)
Warning: Dont_touch on net '*cell*85/M_2scompl[16]' may be overridden by compile because it
        is connected to generic logic. Use all_connected to see net
        connections. (OPT-461)
Warning: Dont_touch on net '*cell*85/M_2scompl[17]' may be overridden by compile because it
        is connected to generic logic. Use all_connected to see net
        connections. (OPT-461)
Warning: Dont_touch on net '*cell*85/M_2scompl[18]' may be overridden by compile because it
        is connected to generic logic. Use all_connected to see net
        connections. (OPT-461)
Warning: Dont_touch on net '*cell*85/M_2scompl[19]' may be overridden by compile because it
        is connected to generic logic. Use all_connected to see net
        connections. (OPT-461)
Warning: Dont_touch on net '*cell*85/M_2scompl[20]' may be overridden by compile because it
        is connected to generic logic. Use all_connected to see net
        connections. (OPT-461)
Warning: Dont_touch on net '*cell*85/M_2scompl[21]' may be overridden by compile because it
        is connected to generic logic. Use all_connected to see net
        connections. (OPT-461)
Warning: Dont_touch on net '*cell*85/M_2scompl[22]' may be overridden by compile because it
        is connected to generic logic. Use all_connected to see net
        connections. (OPT-461)
Warning: Dont_touch on net '*cell*85/M_2scompl[23]' may be overridden by compile because it
        is connected to generic logic. Use all_connected to see net
        connections. (OPT-461)
Warning: Dont_touch on net '*cell*85/M_2scompl[24]' may be overridden by compile because it
        is connected to generic logic. Use all_connected to see net
        connections. (OPT-461)
Warning: Dont_touch on net '*cell*85/a[0]' may be overridden by compile because it
        is connected to generic logic. Use all_connected to see net
        connections. (OPT-461)
Warning: Dont_touch on net '*cell*85/a[1]' may be overridden by compile because it
        is connected to generic logic. Use all_connected to see net
        connections. (OPT-461)
Warning: Dont_touch on net '*cell*85/a[2]' may be overridden by compile because it
        is connected to generic logic. Use all_connected to see net
        connections. (OPT-461)
Warning: Dont_touch on net '*cell*85/a[3]' may be overridden by compile because it
        is connected to generic logic. Use all_connected to see net
        connections. (OPT-461)
Warning: Dont_touch on net '*cell*85/a[4]' may be overridden by compile because it
        is connected to generic logic. Use all_connected to see net
        connections. (OPT-461)
Warning: Dont_touch on net '*cell*85/a[5]' may be overridden by compile because it
        is connected to generic logic. Use all_connected to see net
        connections. (OPT-461)
Warning: Dont_touch on net '*cell*85/a[6]' may be overridden by compile because it
        is connected to generic logic. Use all_connected to see net
        connections. (OPT-461)
Warning: Dont_touch on net '*cell*85/a[7]' may be overridden by compile because it
        is connected to generic logic. Use all_connected to see net
        connections. (OPT-461)
Warning: Dont_touch on net '*cell*85/a[8]' may be overridden by compile because it
        is connected to generic logic. Use all_connected to see net
        connections. (OPT-461)
Warning: Dont_touch on net '*cell*85/a[9]' may be overridden by compile because it
        is connected to generic logic. Use all_connected to see net
        connections. (OPT-461)
Warning: Dont_touch on net '*cell*85/a[10]' may be overridden by compile because it
        is connected to generic logic. Use all_connected to see net
        connections. (OPT-461)
Warning: Dont_touch on net '*cell*85/a[11]' may be overridden by compile because it
        is connected to generic logic. Use all_connected to see net
        connections. (OPT-461)
Warning: Dont_touch on net '*cell*85/a[12]' may be overridden by compile because it
        is connected to generic logic. Use all_connected to see net
        connections. (OPT-461)
Warning: Dont_touch on net '*cell*85/a[13]' may be overridden by compile because it
        is connected to generic logic. Use all_connected to see net
        connections. (OPT-461)
Warning: Dont_touch on net '*cell*85/a[14]' may be overridden by compile because it
        is connected to generic logic. Use all_connected to see net
        connections. (OPT-461)
Warning: Dont_touch on net '*cell*85/a[15]' may be overridden by compile because it
        is connected to generic logic. Use all_connected to see net
        connections. (OPT-461)
Warning: Dont_touch on net '*cell*85/a[16]' may be overridden by compile because it
        is connected to generic logic. Use all_connected to see net
        connections. (OPT-461)
Warning: Dont_touch on net '*cell*85/a[17]' may be overridden by compile because it
        is connected to generic logic. Use all_connected to see net
        connections. (OPT-461)
Warning: Dont_touch on net '*cell*85/a[18]' may be overridden by compile because it
        is connected to generic logic. Use all_connected to see net
        connections. (OPT-461)
Warning: Dont_touch on net '*cell*85/a[19]' may be overridden by compile because it
        is connected to generic logic. Use all_connected to see net
        connections. (OPT-461)
Warning: Dont_touch on net '*cell*85/a[20]' may be overridden by compile because it
        is connected to generic logic. Use all_connected to see net
        connections. (OPT-461)
Warning: Dont_touch on net '*cell*85/a[21]' may be overridden by compile because it
        is connected to generic logic. Use all_connected to see net
        connections. (OPT-461)
Warning: Dont_touch on net '*cell*85/a[22]' may be overridden by compile because it
        is connected to generic logic. Use all_connected to see net
        connections. (OPT-461)
Warning: Dont_touch on net '*cell*85/*Logic0*' may be overridden by compile because it
        is connected to generic logic. Use all_connected to see net
        connections. (OPT-461)
Warning: Dont_touch on net '*cell*89/M_2scompl[0]' may be overridden by compile because it
        is connected to generic logic. Use all_connected to see net
        connections. (OPT-461)
Warning: Dont_touch on net '*cell*89/M_2scompl[1]' may be overridden by compile because it
        is connected to generic logic. Use all_connected to see net
        connections. (OPT-461)
Warning: Dont_touch on net '*cell*89/M_2scompl[2]' may be overridden by compile because it
        is connected to generic logic. Use all_connected to see net
        connections. (OPT-461)
Warning: Dont_touch on net '*cell*89/M_2scompl[3]' may be overridden by compile because it
        is connected to generic logic. Use all_connected to see net
        connections. (OPT-461)
Warning: Dont_touch on net '*cell*89/M_2scompl[4]' may be overridden by compile because it
        is connected to generic logic. Use all_connected to see net
        connections. (OPT-461)
Warning: Dont_touch on net '*cell*89/M_2scompl[5]' may be overridden by compile because it
        is connected to generic logic. Use all_connected to see net
        connections. (OPT-461)
Warning: Dont_touch on net '*cell*89/M_2scompl[6]' may be overridden by compile because it
        is connected to generic logic. Use all_connected to see net
        connections. (OPT-461)
Warning: Dont_touch on net '*cell*89/M_2scompl[7]' may be overridden by compile because it
        is connected to generic logic. Use all_connected to see net
        connections. (OPT-461)
Warning: Dont_touch on net '*cell*89/M_2scompl[8]' may be overridden by compile because it
        is connected to generic logic. Use all_connected to see net
        connections. (OPT-461)
Warning: Dont_touch on net '*cell*89/M_2scompl[9]' may be overridden by compile because it
        is connected to generic logic. Use all_connected to see net
        connections. (OPT-461)
Warning: Dont_touch on net '*cell*89/M_2scompl[10]' may be overridden by compile because it
        is connected to generic logic. Use all_connected to see net
        connections. (OPT-461)
Warning: Dont_touch on net '*cell*89/M_2scompl[11]' may be overridden by compile because it
        is connected to generic logic. Use all_connected to see net
        connections. (OPT-461)
Warning: Dont_touch on net '*cell*89/M_2scompl[12]' may be overridden by compile because it
        is connected to generic logic. Use all_connected to see net
        connections. (OPT-461)
Warning: Dont_touch on net '*cell*89/M_2scompl[13]' may be overridden by compile because it
        is connected to generic logic. Use all_connected to see net
        connections. (OPT-461)
Warning: Dont_touch on net '*cell*89/M_2scompl[14]' may be overridden by compile because it
        is connected to generic logic. Use all_connected to see net
        connections. (OPT-461)
Warning: Dont_touch on net '*cell*89/M_2scompl[15]' may be overridden by compile because it
        is connected to generic logic. Use all_connected to see net
        connections. (OPT-461)
Warning: Dont_touch on net '*cell*89/M_2scompl[16]' may be overridden by compile because it
        is connected to generic logic. Use all_connected to see net
        connections. (OPT-461)
Warning: Dont_touch on net '*cell*89/M_2scompl[17]' may be overridden by compile because it
        is connected to generic logic. Use all_connected to see net
        connections. (OPT-461)
Warning: Dont_touch on net '*cell*89/M_2scompl[18]' may be overridden by compile because it
        is connected to generic logic. Use all_connected to see net
        connections. (OPT-461)
Warning: Dont_touch on net '*cell*89/M_2scompl[19]' may be overridden by compile because it
        is connected to generic logic. Use all_connected to see net
        connections. (OPT-461)
Warning: Dont_touch on net '*cell*89/M_2scompl[20]' may be overridden by compile because it
        is connected to generic logic. Use all_connected to see net
        connections. (OPT-461)
Warning: Dont_touch on net '*cell*89/M_2scompl[21]' may be overridden by compile because it
        is connected to generic logic. Use all_connected to see net
        connections. (OPT-461)
Warning: Dont_touch on net '*cell*89/M_2scompl[22]' may be overridden by compile because it
        is connected to generic logic. Use all_connected to see net
        connections. (OPT-461)
Warning: Dont_touch on net '*cell*89/M_2scompl[23]' may be overridden by compile because it
        is connected to generic logic. Use all_connected to see net
        connections. (OPT-461)
Warning: Dont_touch on net '*cell*89/M_2scompl[24]' may be overridden by compile because it
        is connected to generic logic. Use all_connected to see net
        connections. (OPT-461)
Warning: Dont_touch on net '*cell*89/a[0]' may be overridden by compile because it
        is connected to generic logic. Use all_connected to see net
        connections. (OPT-461)
Warning: Dont_touch on net '*cell*89/a[1]' may be overridden by compile because it
        is connected to generic logic. Use all_connected to see net
        connections. (OPT-461)
Warning: Dont_touch on net '*cell*89/a[2]' may be overridden by compile because it
        is connected to generic logic. Use all_connected to see net
        connections. (OPT-461)
Warning: Dont_touch on net '*cell*89/a[3]' may be overridden by compile because it
        is connected to generic logic. Use all_connected to see net
        connections. (OPT-461)
Warning: Dont_touch on net '*cell*89/a[4]' may be overridden by compile because it
        is connected to generic logic. Use all_connected to see net
        connections. (OPT-461)
Warning: Dont_touch on net '*cell*89/a[5]' may be overridden by compile because it
        is connected to generic logic. Use all_connected to see net
        connections. (OPT-461)
Warning: Dont_touch on net '*cell*89/a[6]' may be overridden by compile because it
        is connected to generic logic. Use all_connected to see net
        connections. (OPT-461)
Warning: Dont_touch on net '*cell*89/a[7]' may be overridden by compile because it
        is connected to generic logic. Use all_connected to see net
        connections. (OPT-461)
Warning: Dont_touch on net '*cell*89/a[8]' may be overridden by compile because it
        is connected to generic logic. Use all_connected to see net
        connections. (OPT-461)
Warning: Dont_touch on net '*cell*89/a[9]' may be overridden by compile because it
        is connected to generic logic. Use all_connected to see net
        connections. (OPT-461)
Warning: Dont_touch on net '*cell*89/a[10]' may be overridden by compile because it
        is connected to generic logic. Use all_connected to see net
        connections. (OPT-461)
Warning: Dont_touch on net '*cell*89/a[11]' may be overridden by compile because it
        is connected to generic logic. Use all_connected to see net
        connections. (OPT-461)
Warning: Dont_touch on net '*cell*89/a[12]' may be overridden by compile because it
        is connected to generic logic. Use all_connected to see net
        connections. (OPT-461)
Warning: Dont_touch on net '*cell*89/a[13]' may be overridden by compile because it
        is connected to generic logic. Use all_connected to see net
        connections. (OPT-461)
Warning: Dont_touch on net '*cell*89/a[14]' may be overridden by compile because it
        is connected to generic logic. Use all_connected to see net
        connections. (OPT-461)
Warning: Dont_touch on net '*cell*89/a[15]' may be overridden by compile because it
        is connected to generic logic. Use all_connected to see net
        connections. (OPT-461)
Warning: Dont_touch on net '*cell*89/a[16]' may be overridden by compile because it
        is connected to generic logic. Use all_connected to see net
        connections. (OPT-461)
Warning: Dont_touch on net '*cell*89/a[17]' may be overridden by compile because it
        is connected to generic logic. Use all_connected to see net
        connections. (OPT-461)
Warning: Dont_touch on net '*cell*89/a[18]' may be overridden by compile because it
        is connected to generic logic. Use all_connected to see net
        connections. (OPT-461)
Warning: Dont_touch on net '*cell*89/a[19]' may be overridden by compile because it
        is connected to generic logic. Use all_connected to see net
        connections. (OPT-461)
Warning: Dont_touch on net '*cell*89/a[20]' may be overridden by compile because it
        is connected to generic logic. Use all_connected to see net
        connections. (OPT-461)
Warning: Dont_touch on net '*cell*89/a[21]' may be overridden by compile because it
        is connected to generic logic. Use all_connected to see net
        connections. (OPT-461)
Warning: Dont_touch on net '*cell*89/a[22]' may be overridden by compile because it
        is connected to generic logic. Use all_connected to see net
        connections. (OPT-461)
Warning: Dont_touch on net '*cell*89/*Logic0*' may be overridden by compile because it
        is connected to generic logic. Use all_connected to see net
        connections. (OPT-461)
Warning: Dont_touch on net '*cell*91/N96' may be overridden by compile because it
        is connected to generic logic. Use all_connected to see net
        connections. (OPT-461)
Warning: Dont_touch on net '*cell*91/N95' may be overridden by compile because it
        is connected to generic logic. Use all_connected to see net
        connections. (OPT-461)
Warning: Dont_touch on net '*cell*91/N94' may be overridden by compile because it
        is connected to generic logic. Use all_connected to see net
        connections. (OPT-461)
Warning: Dont_touch on net '*cell*91/N93' may be overridden by compile because it
        is connected to generic logic. Use all_connected to see net
        connections. (OPT-461)
Warning: Dont_touch on net '*cell*91/N92' may be overridden by compile because it
        is connected to generic logic. Use all_connected to see net
        connections. (OPT-461)
Warning: Dont_touch on net '*cell*91/N91' may be overridden by compile because it
        is connected to generic logic. Use all_connected to see net
        connections. (OPT-461)
Warning: Dont_touch on net '*cell*91/N90' may be overridden by compile because it
        is connected to generic logic. Use all_connected to see net
        connections. (OPT-461)
Warning: Dont_touch on net '*cell*91/N89' may be overridden by compile because it
        is connected to generic logic. Use all_connected to see net
        connections. (OPT-461)
Warning: Dont_touch on net '*cell*91/*Logic0*' may be overridden by compile because it
        is connected to generic logic. Use all_connected to see net
        connections. (OPT-461)
Warning: Dont_touch on net '*cell*93/N104' may be overridden by compile because it
        is connected to generic logic. Use all_connected to see net
        connections. (OPT-461)
Warning: Dont_touch on net '*cell*93/N103' may be overridden by compile because it
        is connected to generic logic. Use all_connected to see net
        connections. (OPT-461)
Warning: Dont_touch on net '*cell*93/N102' may be overridden by compile because it
        is connected to generic logic. Use all_connected to see net
        connections. (OPT-461)
Warning: Dont_touch on net '*cell*93/N101' may be overridden by compile because it
        is connected to generic logic. Use all_connected to see net
        connections. (OPT-461)
Warning: Dont_touch on net '*cell*93/N100' may be overridden by compile because it
        is connected to generic logic. Use all_connected to see net
        connections. (OPT-461)
Warning: Dont_touch on net '*cell*93/N99' may be overridden by compile because it
        is connected to generic logic. Use all_connected to see net
        connections. (OPT-461)
Warning: Dont_touch on net '*cell*93/N98' may be overridden by compile because it
        is connected to generic logic. Use all_connected to see net
        connections. (OPT-461)
Warning: Dont_touch on net '*cell*93/N97' may be overridden by compile because it
        is connected to generic logic. Use all_connected to see net
        connections. (OPT-461)
Warning: Dont_touch on net '*cell*93/N96' may be overridden by compile because it
        is connected to generic logic. Use all_connected to see net
        connections. (OPT-461)
Warning: Dont_touch on net '*cell*93/*Logic0*' may be overridden by compile because it
        is connected to generic logic. Use all_connected to see net
        connections. (OPT-461)
Warning: Dont_touch on net '*cell*95/*Logic0*' may be overridden by compile because it
        is connected to generic logic. Use all_connected to see net
        connections. (OPT-461)
  Allocating blocks in 'DW_ifp_fp_conv_sig_widthi51_exp_widthi10_sig_width23_exp_width8_use_denormal0'
Information: Changed wire load model for 'alt1' from '(none)' to 'G5K'. (OPT-170)
Information: Changed wire load model for 'apparch' from '(none)' to 'G5K'. (OPT-170)
Information: Changed wire load model for 'alt1' from '(none)' to 'G5K'. (OPT-170)
Information: Changed wire load model for 'apparch' from '(none)' to 'G5K'. (OPT-170)
Information: Changed wire load model for 'alt1' from '(none)' to 'G5K'. (OPT-170)
Information: Changed wire load model for 'astr' from '(none)' to 'G5K'. (OPT-170)
  Allocating blocks in 'DW_lzd_a_width52'
  Allocating blocks in 'DW_lzod_a_width52_detect_10'
Information: Changed wire load model for 'alt1' from '(none)' to 'G5K'. (OPT-170)
Information: Changed wire load model for 'astr' from '(none)' to 'G5K'. (OPT-170)
Information: Changed wire load model for 'alt1' from '(none)' to 'G5K'. (OPT-170)
Information: Changed wire load model for 'apparch' from '(none)' to 'G5K'. (OPT-170)
Information: Changed wire load model for 'alt1' from '(none)' to 'G5K'. (OPT-170)
Information: Changed wire load model for 'apparch' from '(none)' to 'G5K'. (OPT-170)
  Allocating blocks in 'DW_ifp_addsub_sig_widthi28_exp_widthi9_sig_widtho51_exp_widtho10_use_denormal0_use_1scmpl0'
Information: Changed wire load model for 'alt1' from '(none)' to 'G5K'. (OPT-170)
Information: Changed wire load model for 'astr' from '(none)' to 'G5K'. (OPT-170)
Information: Changed wire load model for 'alt1' from '(none)' to 'G5K'. (OPT-170)
Information: Changed wire load model for 'astr' from '(none)' to 'G5K'. (OPT-170)
Information: Changed wire load model for 'alt1' from '(none)' to 'G5K'. (OPT-170)
Information: Changed wire load model for 'apparch' from '(none)' to 'G5K'. (OPT-170)
Information: Changed wire load model for 'alt1' from '(none)' to 'G5K'. (OPT-170)
Information: Changed wire load model for 'apparch' from '(none)' to 'G5K'. (OPT-170)
Information: Changed wire load model for 'alt1' from '(none)' to 'G5K'. (OPT-170)
Information: Changed wire load model for 'astr' from '(none)' to 'G5K'. (OPT-170)
  Allocating blocks in 'DW_ifp_addsub_sig_widthi25_exp_widthi8_sig_widtho28_exp_widtho9_use_denormal0_use_1scmpl0'
Information: Changed wire load model for 'alt1' from '(none)' to 'G5K'. (OPT-170)
Information: Changed wire load model for 'astr' from '(none)' to 'G5K'. (OPT-170)
Information: Changed wire load model for 'alt1' from '(none)' to 'G5K'. (OPT-170)
Information: Changed wire load model for 'astr' from '(none)' to 'G5K'. (OPT-170)
Information: Changed wire load model for 'alt1' from '(none)' to 'G5K'. (OPT-170)
Information: Changed wire load model for 'apparch' from '(none)' to 'G5K'. (OPT-170)
Information: Changed wire load model for 'alt1' from '(none)' to 'G5K'. (OPT-170)
Information: Changed wire load model for 'apparch' from '(none)' to 'G5K'. (OPT-170)
Information: Changed wire load model for 'alt1' from '(none)' to 'G5K'. (OPT-170)
Information: Changed wire load model for 'astr' from '(none)' to 'G5K'. (OPT-170)
  Allocating blocks in 'DW_fp_ifp_conv_sig_widthi23_exp_widthi8_sig_widtho28_exp_widtho9_use_denormal0_use_1scmpl0'
  Allocating blocks in 'DW_fp_ifp_conv_sig_widthi23_exp_widthi8_sig_widtho25_exp_widtho8_use_denormal0_use_1scmpl0'
Information: Changed wire load model for 'alt1' from '(none)' to 'G5K'. (OPT-170)
Information: Changed wire load model for 'astr' from '(none)' to 'G5K'. (OPT-170)
Information: Changed wire load model for 'alt1' from '(none)' to 'G5K'. (OPT-170)
Information: Changed wire load model for 'apparch' from '(none)' to 'G5K'. (OPT-170)
Information: Changed wire load model for 'alt1' from '(none)' to 'G5K'. (OPT-170)
Information: Changed wire load model for 'apparch' from '(none)' to 'G5K'. (OPT-170)
Information: Changed wire load model for 'alt1' from '(none)' to 'G5K'. (OPT-170)
Information: Changed wire load model for 'apparch' from '(none)' to 'G5K'. (OPT-170)
  Allocating blocks in 'DW_lzd_a_width53'
  Allocating blocks in 'DW_lzod_a_width53_detect_10'
Information: Changed wire load model for 'alt1' from '(none)' to 'G5K'. (OPT-170)
Information: Changed wire load model for 'apparch' from '(none)' to 'G5K'. (OPT-170)
Information: Changed wire load model for 'alt1' from '(none)' to 'G5K'. (OPT-170)
Information: Changed wire load model for 'apparch' from '(none)' to 'G5K'. (OPT-170)
Information: Changed wire load model for 'alt1' from '(none)' to 'G5K'. (OPT-170)
Information: Changed wire load model for 'astr' from '(none)' to 'G5K'. (OPT-170)
Information: Changed wire load model for 'alt1' from '(none)' to 'G5K'. (OPT-170)
Information: Changed wire load model for 'astr' from '(none)' to 'G5K'. (OPT-170)
Information: Changed wire load model for 'alt1' from '(none)' to 'G5K'. (OPT-170)
Information: Changed wire load model for 'apparch' from '(none)' to 'G5K'. (OPT-170)
Information: Changed wire load model for 'alt1' from '(none)' to 'G5K'. (OPT-170)
Information: Changed wire load model for 'astr' from '(none)' to 'G5K'. (OPT-170)
Information: Changed wire load model for 'alt1' from '(none)' to 'G5K'. (OPT-170)
Information: Changed wire load model for 'astr' from '(none)' to 'G5K'. (OPT-170)
Information: Changed wire load model for 'alt1' from '(none)' to 'G5K'. (OPT-170)
Information: Changed wire load model for 'astr' from '(none)' to 'G5K'. (OPT-170)
Information: Changed wire load model for 'alt1' from '(none)' to 'G5K'. (OPT-170)
Information: Changed wire load model for 'astr' from '(none)' to 'G5K'. (OPT-170)
Information: Changed wire load model for 'alt1' from '(none)' to 'G5K'. (OPT-170)
Information: Changed wire load model for 'apparch' from '(none)' to 'G5K'. (OPT-170)
Information: Changed wire load model for 'alt1' from '(none)' to 'G5K'. (OPT-170)
Information: Changed wire load model for 'apparch' from '(none)' to 'G5K'. (OPT-170)
Information: Changed wire load model for 'alt1' from '(none)' to 'G5K'. (OPT-170)
Information: Changed wire load model for 'apparch' from '(none)' to 'G5K'. (OPT-170)
Information: Changed wire load model for 'alt1' from '(none)' to 'G5K'. (OPT-170)
Information: Changed wire load model for 'apparch' from '(none)' to 'G5K'. (OPT-170)
  Allocating blocks in 'DW_fp_sum3_sig_width23_exp_width8_ieee_compliance0_arch_type0'
Warning: Dont_touch on net '*cell*85/M_2scompl[0]' may be overridden by compile because it
        is connected to generic logic. Use all_connected to see net
        connections. (OPT-461)
Warning: Dont_touch on net '*cell*85/M_2scompl[1]' may be overridden by compile because it
        is connected to generic logic. Use all_connected to see net
        connections. (OPT-461)
Warning: Dont_touch on net '*cell*85/M_2scompl[2]' may be overridden by compile because it
        is connected to generic logic. Use all_connected to see net
        connections. (OPT-461)
Warning: Dont_touch on net '*cell*85/M_2scompl[3]' may be overridden by compile because it
        is connected to generic logic. Use all_connected to see net
        connections. (OPT-461)
Warning: Dont_touch on net '*cell*85/M_2scompl[4]' may be overridden by compile because it
        is connected to generic logic. Use all_connected to see net
        connections. (OPT-461)
Warning: Dont_touch on net '*cell*85/M_2scompl[5]' may be overridden by compile because it
        is connected to generic logic. Use all_connected to see net
        connections. (OPT-461)
Warning: Dont_touch on net '*cell*85/M_2scompl[6]' may be overridden by compile because it
        is connected to generic logic. Use all_connected to see net
        connections. (OPT-461)
Warning: Dont_touch on net '*cell*85/M_2scompl[7]' may be overridden by compile because it
        is connected to generic logic. Use all_connected to see net
        connections. (OPT-461)
Warning: Dont_touch on net '*cell*85/M_2scompl[8]' may be overridden by compile because it
        is connected to generic logic. Use all_connected to see net
        connections. (OPT-461)
Warning: Dont_touch on net '*cell*85/M_2scompl[9]' may be overridden by compile because it
        is connected to generic logic. Use all_connected to see net
        connections. (OPT-461)
Warning: Dont_touch on net '*cell*85/M_2scompl[10]' may be overridden by compile because it
        is connected to generic logic. Use all_connected to see net
        connections. (OPT-461)
Warning: Dont_touch on net '*cell*85/M_2scompl[11]' may be overridden by compile because it
        is connected to generic logic. Use all_connected to see net
        connections. (OPT-461)
Warning: Dont_touch on net '*cell*85/M_2scompl[12]' may be overridden by compile because it
        is connected to generic logic. Use all_connected to see net
        connections. (OPT-461)
Warning: Dont_touch on net '*cell*85/M_2scompl[13]' may be overridden by compile because it
        is connected to generic logic. Use all_connected to see net
        connections. (OPT-461)
Warning: Dont_touch on net '*cell*85/M_2scompl[14]' may be overridden by compile because it
        is connected to generic logic. Use all_connected to see net
        connections. (OPT-461)
Warning: Dont_touch on net '*cell*85/M_2scompl[15]' may be overridden by compile because it
        is connected to generic logic. Use all_connected to see net
        connections. (OPT-461)
Warning: Dont_touch on net '*cell*85/M_2scompl[16]' may be overridden by compile because it
        is connected to generic logic. Use all_connected to see net
        connections. (OPT-461)
Warning: Dont_touch on net '*cell*85/M_2scompl[17]' may be overridden by compile because it
        is connected to generic logic. Use all_connected to see net
        connections. (OPT-461)
Warning: Dont_touch on net '*cell*85/M_2scompl[18]' may be overridden by compile because it
        is connected to generic logic. Use all_connected to see net
        connections. (OPT-461)
Warning: Dont_touch on net '*cell*85/M_2scompl[19]' may be overridden by compile because it
        is connected to generic logic. Use all_connected to see net
        connections. (OPT-461)
Warning: Dont_touch on net '*cell*85/M_2scompl[20]' may be overridden by compile because it
        is connected to generic logic. Use all_connected to see net
        connections. (OPT-461)
Warning: Dont_touch on net '*cell*85/M_2scompl[21]' may be overridden by compile because it
        is connected to generic logic. Use all_connected to see net
        connections. (OPT-461)
Warning: Dont_touch on net '*cell*85/M_2scompl[22]' may be overridden by compile because it
        is connected to generic logic. Use all_connected to see net
        connections. (OPT-461)
Warning: Dont_touch on net '*cell*85/M_2scompl[23]' may be overridden by compile because it
        is connected to generic logic. Use all_connected to see net
        connections. (OPT-461)
Warning: Dont_touch on net '*cell*85/M_2scompl[24]' may be overridden by compile because it
        is connected to generic logic. Use all_connected to see net
        connections. (OPT-461)
Warning: Dont_touch on net '*cell*85/a[0]' may be overridden by compile because it
        is connected to generic logic. Use all_connected to see net
        connections. (OPT-461)
Warning: Dont_touch on net '*cell*85/a[1]' may be overridden by compile because it
        is connected to generic logic. Use all_connected to see net
        connections. (OPT-461)
Warning: Dont_touch on net '*cell*85/a[2]' may be overridden by compile because it
        is connected to generic logic. Use all_connected to see net
        connections. (OPT-461)
Warning: Dont_touch on net '*cell*85/a[3]' may be overridden by compile because it
        is connected to generic logic. Use all_connected to see net
        connections. (OPT-461)
Warning: Dont_touch on net '*cell*85/a[4]' may be overridden by compile because it
        is connected to generic logic. Use all_connected to see net
        connections. (OPT-461)
Warning: Dont_touch on net '*cell*85/a[5]' may be overridden by compile because it
        is connected to generic logic. Use all_connected to see net
        connections. (OPT-461)
Warning: Dont_touch on net '*cell*85/a[6]' may be overridden by compile because it
        is connected to generic logic. Use all_connected to see net
        connections. (OPT-461)
Warning: Dont_touch on net '*cell*85/a[7]' may be overridden by compile because it
        is connected to generic logic. Use all_connected to see net
        connections. (OPT-461)
Warning: Dont_touch on net '*cell*85/a[8]' may be overridden by compile because it
        is connected to generic logic. Use all_connected to see net
        connections. (OPT-461)
Warning: Dont_touch on net '*cell*85/a[9]' may be overridden by compile because it
        is connected to generic logic. Use all_connected to see net
        connections. (OPT-461)
Warning: Dont_touch on net '*cell*85/a[10]' may be overridden by compile because it
        is connected to generic logic. Use all_connected to see net
        connections. (OPT-461)
Warning: Dont_touch on net '*cell*85/a[11]' may be overridden by compile because it
        is connected to generic logic. Use all_connected to see net
        connections. (OPT-461)
Warning: Dont_touch on net '*cell*85/a[12]' may be overridden by compile because it
        is connected to generic logic. Use all_connected to see net
        connections. (OPT-461)
Warning: Dont_touch on net '*cell*85/a[13]' may be overridden by compile because it
        is connected to generic logic. Use all_connected to see net
        connections. (OPT-461)
Warning: Dont_touch on net '*cell*85/a[14]' may be overridden by compile because it
        is connected to generic logic. Use all_connected to see net
        connections. (OPT-461)
Warning: Dont_touch on net '*cell*85/a[15]' may be overridden by compile because it
        is connected to generic logic. Use all_connected to see net
        connections. (OPT-461)
Warning: Dont_touch on net '*cell*85/a[16]' may be overridden by compile because it
        is connected to generic logic. Use all_connected to see net
        connections. (OPT-461)
Warning: Dont_touch on net '*cell*85/a[17]' may be overridden by compile because it
        is connected to generic logic. Use all_connected to see net
        connections. (OPT-461)
Warning: Dont_touch on net '*cell*85/a[18]' may be overridden by compile because it
        is connected to generic logic. Use all_connected to see net
        connections. (OPT-461)
Warning: Dont_touch on net '*cell*85/a[19]' may be overridden by compile because it
        is connected to generic logic. Use all_connected to see net
        connections. (OPT-461)
Warning: Dont_touch on net '*cell*85/a[20]' may be overridden by compile because it
        is connected to generic logic. Use all_connected to see net
        connections. (OPT-461)
Warning: Dont_touch on net '*cell*85/a[21]' may be overridden by compile because it
        is connected to generic logic. Use all_connected to see net
        connections. (OPT-461)
Warning: Dont_touch on net '*cell*85/a[22]' may be overridden by compile because it
        is connected to generic logic. Use all_connected to see net
        connections. (OPT-461)
Warning: Dont_touch on net '*cell*85/*Logic0*' may be overridden by compile because it
        is connected to generic logic. Use all_connected to see net
        connections. (OPT-461)
Warning: Dont_touch on net '*cell*89/M_2scompl[0]' may be overridden by compile because it
        is connected to generic logic. Use all_connected to see net
        connections. (OPT-461)
Warning: Dont_touch on net '*cell*89/M_2scompl[1]' may be overridden by compile because it
        is connected to generic logic. Use all_connected to see net
        connections. (OPT-461)
Warning: Dont_touch on net '*cell*89/M_2scompl[2]' may be overridden by compile because it
        is connected to generic logic. Use all_connected to see net
        connections. (OPT-461)
Warning: Dont_touch on net '*cell*89/M_2scompl[3]' may be overridden by compile because it
        is connected to generic logic. Use all_connected to see net
        connections. (OPT-461)
Warning: Dont_touch on net '*cell*89/M_2scompl[4]' may be overridden by compile because it
        is connected to generic logic. Use all_connected to see net
        connections. (OPT-461)
Warning: Dont_touch on net '*cell*89/M_2scompl[5]' may be overridden by compile because it
        is connected to generic logic. Use all_connected to see net
        connections. (OPT-461)
Warning: Dont_touch on net '*cell*89/M_2scompl[6]' may be overridden by compile because it
        is connected to generic logic. Use all_connected to see net
        connections. (OPT-461)
Warning: Dont_touch on net '*cell*89/M_2scompl[7]' may be overridden by compile because it
        is connected to generic logic. Use all_connected to see net
        connections. (OPT-461)
Warning: Dont_touch on net '*cell*89/M_2scompl[8]' may be overridden by compile because it
        is connected to generic logic. Use all_connected to see net
        connections. (OPT-461)
Warning: Dont_touch on net '*cell*89/M_2scompl[9]' may be overridden by compile because it
        is connected to generic logic. Use all_connected to see net
        connections. (OPT-461)
Warning: Dont_touch on net '*cell*89/M_2scompl[10]' may be overridden by compile because it
        is connected to generic logic. Use all_connected to see net
        connections. (OPT-461)
Warning: Dont_touch on net '*cell*89/M_2scompl[11]' may be overridden by compile because it
        is connected to generic logic. Use all_connected to see net
        connections. (OPT-461)
Warning: Dont_touch on net '*cell*89/M_2scompl[12]' may be overridden by compile because it
        is connected to generic logic. Use all_connected to see net
        connections. (OPT-461)
Warning: Dont_touch on net '*cell*89/M_2scompl[13]' may be overridden by compile because it
        is connected to generic logic. Use all_connected to see net
        connections. (OPT-461)
Warning: Dont_touch on net '*cell*89/M_2scompl[14]' may be overridden by compile because it
        is connected to generic logic. Use all_connected to see net
        connections. (OPT-461)
Warning: Dont_touch on net '*cell*89/M_2scompl[15]' may be overridden by compile because it
        is connected to generic logic. Use all_connected to see net
        connections. (OPT-461)
Warning: Dont_touch on net '*cell*89/M_2scompl[16]' may be overridden by compile because it
        is connected to generic logic. Use all_connected to see net
        connections. (OPT-461)
Warning: Dont_touch on net '*cell*89/M_2scompl[17]' may be overridden by compile because it
        is connected to generic logic. Use all_connected to see net
        connections. (OPT-461)
Warning: Dont_touch on net '*cell*89/M_2scompl[18]' may be overridden by compile because it
        is connected to generic logic. Use all_connected to see net
        connections. (OPT-461)
Warning: Dont_touch on net '*cell*89/M_2scompl[19]' may be overridden by compile because it
        is connected to generic logic. Use all_connected to see net
        connections. (OPT-461)
Warning: Dont_touch on net '*cell*89/M_2scompl[20]' may be overridden by compile because it
        is connected to generic logic. Use all_connected to see net
        connections. (OPT-461)
Warning: Dont_touch on net '*cell*89/M_2scompl[21]' may be overridden by compile because it
        is connected to generic logic. Use all_connected to see net
        connections. (OPT-461)
Warning: Dont_touch on net '*cell*89/M_2scompl[22]' may be overridden by compile because it
        is connected to generic logic. Use all_connected to see net
        connections. (OPT-461)
Warning: Dont_touch on net '*cell*89/M_2scompl[23]' may be overridden by compile because it
        is connected to generic logic. Use all_connected to see net
        connections. (OPT-461)
Warning: Dont_touch on net '*cell*89/M_2scompl[24]' may be overridden by compile because it
        is connected to generic logic. Use all_connected to see net
        connections. (OPT-461)
Warning: Dont_touch on net '*cell*89/a[0]' may be overridden by compile because it
        is connected to generic logic. Use all_connected to see net
        connections. (OPT-461)
Warning: Dont_touch on net '*cell*89/a[1]' may be overridden by compile because it
        is connected to generic logic. Use all_connected to see net
        connections. (OPT-461)
Warning: Dont_touch on net '*cell*89/a[2]' may be overridden by compile because it
        is connected to generic logic. Use all_connected to see net
        connections. (OPT-461)
Warning: Dont_touch on net '*cell*89/a[3]' may be overridden by compile because it
        is connected to generic logic. Use all_connected to see net
        connections. (OPT-461)
Warning: Dont_touch on net '*cell*89/a[4]' may be overridden by compile because it
        is connected to generic logic. Use all_connected to see net
        connections. (OPT-461)
Warning: Dont_touch on net '*cell*89/a[5]' may be overridden by compile because it
        is connected to generic logic. Use all_connected to see net
        connections. (OPT-461)
Warning: Dont_touch on net '*cell*89/a[6]' may be overridden by compile because it
        is connected to generic logic. Use all_connected to see net
        connections. (OPT-461)
Warning: Dont_touch on net '*cell*89/a[7]' may be overridden by compile because it
        is connected to generic logic. Use all_connected to see net
        connections. (OPT-461)
Warning: Dont_touch on net '*cell*89/a[8]' may be overridden by compile because it
        is connected to generic logic. Use all_connected to see net
        connections. (OPT-461)
Warning: Dont_touch on net '*cell*89/a[9]' may be overridden by compile because it
        is connected to generic logic. Use all_connected to see net
        connections. (OPT-461)
Warning: Dont_touch on net '*cell*89/a[10]' may be overridden by compile because it
        is connected to generic logic. Use all_connected to see net
        connections. (OPT-461)
Warning: Dont_touch on net '*cell*89/a[11]' may be overridden by compile because it
        is connected to generic logic. Use all_connected to see net
        connections. (OPT-461)
Warning: Dont_touch on net '*cell*89/a[12]' may be overridden by compile because it
        is connected to generic logic. Use all_connected to see net
        connections. (OPT-461)
Warning: Dont_touch on net '*cell*89/a[13]' may be overridden by compile because it
        is connected to generic logic. Use all_connected to see net
        connections. (OPT-461)
Warning: Dont_touch on net '*cell*89/a[14]' may be overridden by compile because it
        is connected to generic logic. Use all_connected to see net
        connections. (OPT-461)
Warning: Dont_touch on net '*cell*89/a[15]' may be overridden by compile because it
        is connected to generic logic. Use all_connected to see net
        connections. (OPT-461)
Warning: Dont_touch on net '*cell*89/a[16]' may be overridden by compile because it
        is connected to generic logic. Use all_connected to see net
        connections. (OPT-461)
Warning: Dont_touch on net '*cell*89/a[17]' may be overridden by compile because it
        is connected to generic logic. Use all_connected to see net
        connections. (OPT-461)
Warning: Dont_touch on net '*cell*89/a[18]' may be overridden by compile because it
        is connected to generic logic. Use all_connected to see net
        connections. (OPT-461)
Warning: Dont_touch on net '*cell*89/a[19]' may be overridden by compile because it
        is connected to generic logic. Use all_connected to see net
        connections. (OPT-461)
Warning: Dont_touch on net '*cell*89/a[20]' may be overridden by compile because it
        is connected to generic logic. Use all_connected to see net
        connections. (OPT-461)
Warning: Dont_touch on net '*cell*89/a[21]' may be overridden by compile because it
        is connected to generic logic. Use all_connected to see net
        connections. (OPT-461)
Warning: Dont_touch on net '*cell*89/a[22]' may be overridden by compile because it
        is connected to generic logic. Use all_connected to see net
        connections. (OPT-461)
Warning: Dont_touch on net '*cell*89/*Logic0*' may be overridden by compile because it
        is connected to generic logic. Use all_connected to see net
        connections. (OPT-461)
Warning: Dont_touch on net '*cell*91/N96' may be overridden by compile because it
        is connected to generic logic. Use all_connected to see net
        connections. (OPT-461)
Warning: Dont_touch on net '*cell*91/N95' may be overridden by compile because it
        is connected to generic logic. Use all_connected to see net
        connections. (OPT-461)
Warning: Dont_touch on net '*cell*91/N94' may be overridden by compile because it
        is connected to generic logic. Use all_connected to see net
        connections. (OPT-461)
Warning: Dont_touch on net '*cell*91/N93' may be overridden by compile because it
        is connected to generic logic. Use all_connected to see net
        connections. (OPT-461)
Warning: Dont_touch on net '*cell*91/N92' may be overridden by compile because it
        is connected to generic logic. Use all_connected to see net
        connections. (OPT-461)
Warning: Dont_touch on net '*cell*91/N91' may be overridden by compile because it
        is connected to generic logic. Use all_connected to see net
        connections. (OPT-461)
Warning: Dont_touch on net '*cell*91/N90' may be overridden by compile because it
        is connected to generic logic. Use all_connected to see net
        connections. (OPT-461)
Warning: Dont_touch on net '*cell*91/N89' may be overridden by compile because it
        is connected to generic logic. Use all_connected to see net
        connections. (OPT-461)
Warning: Dont_touch on net '*cell*91/*Logic0*' may be overridden by compile because it
        is connected to generic logic. Use all_connected to see net
        connections. (OPT-461)
Warning: Dont_touch on net '*cell*93/N104' may be overridden by compile because it
        is connected to generic logic. Use all_connected to see net
        connections. (OPT-461)
Warning: Dont_touch on net '*cell*93/N103' may be overridden by compile because it
        is connected to generic logic. Use all_connected to see net
        connections. (OPT-461)
Warning: Dont_touch on net '*cell*93/N102' may be overridden by compile because it
        is connected to generic logic. Use all_connected to see net
        connections. (OPT-461)
Warning: Dont_touch on net '*cell*93/N101' may be overridden by compile because it
        is connected to generic logic. Use all_connected to see net
        connections. (OPT-461)
Warning: Dont_touch on net '*cell*93/N100' may be overridden by compile because it
        is connected to generic logic. Use all_connected to see net
        connections. (OPT-461)
Warning: Dont_touch on net '*cell*93/N99' may be overridden by compile because it
        is connected to generic logic. Use all_connected to see net
        connections. (OPT-461)
Warning: Dont_touch on net '*cell*93/N98' may be overridden by compile because it
        is connected to generic logic. Use all_connected to see net
        connections. (OPT-461)
Warning: Dont_touch on net '*cell*93/N97' may be overridden by compile because it
        is connected to generic logic. Use all_connected to see net
        connections. (OPT-461)
Warning: Dont_touch on net '*cell*93/N96' may be overridden by compile because it
        is connected to generic logic. Use all_connected to see net
        connections. (OPT-461)
Warning: Dont_touch on net '*cell*93/*Logic0*' may be overridden by compile because it
        is connected to generic logic. Use all_connected to see net
        connections. (OPT-461)
Warning: Dont_touch on net '*cell*95/*Logic0*' may be overridden by compile because it
        is connected to generic logic. Use all_connected to see net
        connections. (OPT-461)
  Allocating blocks in 'DW_ifp_fp_conv_sig_widthi51_exp_widthi10_sig_width23_exp_width8_use_denormal0'
Information: Changed wire load model for 'alt1' from '(none)' to 'G5K'. (OPT-170)
Information: Changed wire load model for 'apparch' from '(none)' to 'G5K'. (OPT-170)
Information: Changed wire load model for 'alt1' from '(none)' to 'G5K'. (OPT-170)
Information: Changed wire load model for 'apparch' from '(none)' to 'G5K'. (OPT-170)
Information: Changed wire load model for 'alt1' from '(none)' to 'G5K'. (OPT-170)
Information: Changed wire load model for 'astr' from '(none)' to 'G5K'. (OPT-170)
  Allocating blocks in 'DW_lzd_a_width52'
  Allocating blocks in 'DW_lzod_a_width52_detect_10'
Information: Changed wire load model for 'alt1' from '(none)' to 'G5K'. (OPT-170)
Information: Changed wire load model for 'astr' from '(none)' to 'G5K'. (OPT-170)
Information: Changed wire load model for 'alt1' from '(none)' to 'G5K'. (OPT-170)
Information: Changed wire load model for 'apparch' from '(none)' to 'G5K'. (OPT-170)
Information: Changed wire load model for 'alt1' from '(none)' to 'G5K'. (OPT-170)
Information: Changed wire load model for 'apparch' from '(none)' to 'G5K'. (OPT-170)
  Allocating blocks in 'DW_ifp_addsub_sig_widthi28_exp_widthi9_sig_widtho51_exp_widtho10_use_denormal0_use_1scmpl0'
Information: Changed wire load model for 'alt1' from '(none)' to 'G5K'. (OPT-170)
Information: Changed wire load model for 'astr' from '(none)' to 'G5K'. (OPT-170)
Information: Changed wire load model for 'alt1' from '(none)' to 'G5K'. (OPT-170)
Information: Changed wire load model for 'astr' from '(none)' to 'G5K'. (OPT-170)
Information: Changed wire load model for 'alt1' from '(none)' to 'G5K'. (OPT-170)
Information: Changed wire load model for 'apparch' from '(none)' to 'G5K'. (OPT-170)
Information: Changed wire load model for 'alt1' from '(none)' to 'G5K'. (OPT-170)
Information: Changed wire load model for 'apparch' from '(none)' to 'G5K'. (OPT-170)
Information: Changed wire load model for 'alt1' from '(none)' to 'G5K'. (OPT-170)
Information: Changed wire load model for 'astr' from '(none)' to 'G5K'. (OPT-170)
  Allocating blocks in 'DW_ifp_addsub_sig_widthi25_exp_widthi8_sig_widtho28_exp_widtho9_use_denormal0_use_1scmpl0'
Information: Changed wire load model for 'alt1' from '(none)' to 'G5K'. (OPT-170)
Information: Changed wire load model for 'astr' from '(none)' to 'G5K'. (OPT-170)
Information: Changed wire load model for 'alt1' from '(none)' to 'G5K'. (OPT-170)
Information: Changed wire load model for 'astr' from '(none)' to 'G5K'. (OPT-170)
Information: Changed wire load model for 'alt1' from '(none)' to 'G5K'. (OPT-170)
Information: Changed wire load model for 'apparch' from '(none)' to 'G5K'. (OPT-170)
Information: Changed wire load model for 'alt1' from '(none)' to 'G5K'. (OPT-170)
Information: Changed wire load model for 'apparch' from '(none)' to 'G5K'. (OPT-170)
Information: Changed wire load model for 'alt1' from '(none)' to 'G5K'. (OPT-170)
Information: Changed wire load model for 'astr' from '(none)' to 'G5K'. (OPT-170)
  Allocating blocks in 'DW_fp_ifp_conv_sig_widthi23_exp_widthi8_sig_widtho28_exp_widtho9_use_denormal0_use_1scmpl0'
  Allocating blocks in 'DW_fp_ifp_conv_sig_widthi23_exp_widthi8_sig_widtho25_exp_widtho8_use_denormal0_use_1scmpl0'
Information: Changed wire load model for 'alt1' from '(none)' to 'G5K'. (OPT-170)
Information: Changed wire load model for 'astr' from '(none)' to 'G5K'. (OPT-170)
Information: Changed wire load model for 'alt1' from '(none)' to 'G5K'. (OPT-170)
Information: Changed wire load model for 'apparch' from '(none)' to 'G5K'. (OPT-170)
Information: Changed wire load model for 'alt1' from '(none)' to 'G5K'. (OPT-170)
Information: Changed wire load model for 'apparch' from '(none)' to 'G5K'. (OPT-170)
Information: Changed wire load model for 'alt1' from '(none)' to 'G5K'. (OPT-170)
Information: Changed wire load model for 'apparch' from '(none)' to 'G5K'. (OPT-170)
  Allocating blocks in 'DW_lzd_a_width53'
  Allocating blocks in 'DW_lzod_a_width53_detect_10'
Information: Changed wire load model for 'alt1' from '(none)' to 'G5K'. (OPT-170)
Information: Changed wire load model for 'apparch' from '(none)' to 'G5K'. (OPT-170)
Information: Changed wire load model for 'alt1' from '(none)' to 'G5K'. (OPT-170)
Information: Changed wire load model for 'apparch' from '(none)' to 'G5K'. (OPT-170)
Information: Changed wire load model for 'alt1' from '(none)' to 'G5K'. (OPT-170)
Information: Changed wire load model for 'astr' from '(none)' to 'G5K'. (OPT-170)
Information: Changed wire load model for 'alt1' from '(none)' to 'G5K'. (OPT-170)
Information: Changed wire load model for 'astr' from '(none)' to 'G5K'. (OPT-170)
Information: Changed wire load model for 'alt1' from '(none)' to 'G5K'. (OPT-170)
Information: Changed wire load model for 'apparch' from '(none)' to 'G5K'. (OPT-170)
Information: Changed wire load model for 'alt1' from '(none)' to 'G5K'. (OPT-170)
Information: Changed wire load model for 'astr' from '(none)' to 'G5K'. (OPT-170)
Information: Changed wire load model for 'alt1' from '(none)' to 'G5K'. (OPT-170)
Information: Changed wire load model for 'astr' from '(none)' to 'G5K'. (OPT-170)
Information: Changed wire load model for 'alt1' from '(none)' to 'G5K'. (OPT-170)
Information: Changed wire load model for 'astr' from '(none)' to 'G5K'. (OPT-170)
Information: Changed wire load model for 'alt1' from '(none)' to 'G5K'. (OPT-170)
Information: Changed wire load model for 'astr' from '(none)' to 'G5K'. (OPT-170)
Information: Changed wire load model for 'alt1' from '(none)' to 'G5K'. (OPT-170)
Information: Changed wire load model for 'apparch' from '(none)' to 'G5K'. (OPT-170)
Information: Changed wire load model for 'alt1' from '(none)' to 'G5K'. (OPT-170)
Information: Changed wire load model for 'apparch' from '(none)' to 'G5K'. (OPT-170)
Information: Changed wire load model for 'alt1' from '(none)' to 'G5K'. (OPT-170)
Information: Changed wire load model for 'apparch' from '(none)' to 'G5K'. (OPT-170)
Information: Changed wire load model for 'alt1' from '(none)' to 'G5K'. (OPT-170)
Information: Changed wire load model for 'apparch' from '(none)' to 'G5K'. (OPT-170)
  Allocating blocks in 'DW_fp_sum3_sig_width23_exp_width8_ieee_compliance0_arch_type0'
Warning: Dont_touch on net '*cell*85/M_2scompl[0]' may be overridden by compile because it
        is connected to generic logic. Use all_connected to see net
        connections. (OPT-461)
Warning: Dont_touch on net '*cell*85/M_2scompl[1]' may be overridden by compile because it
        is connected to generic logic. Use all_connected to see net
        connections. (OPT-461)
Warning: Dont_touch on net '*cell*85/M_2scompl[2]' may be overridden by compile because it
        is connected to generic logic. Use all_connected to see net
        connections. (OPT-461)
Warning: Dont_touch on net '*cell*85/M_2scompl[3]' may be overridden by compile because it
        is connected to generic logic. Use all_connected to see net
        connections. (OPT-461)
Warning: Dont_touch on net '*cell*85/M_2scompl[4]' may be overridden by compile because it
        is connected to generic logic. Use all_connected to see net
        connections. (OPT-461)
Warning: Dont_touch on net '*cell*85/M_2scompl[5]' may be overridden by compile because it
        is connected to generic logic. Use all_connected to see net
        connections. (OPT-461)
Warning: Dont_touch on net '*cell*85/M_2scompl[6]' may be overridden by compile because it
        is connected to generic logic. Use all_connected to see net
        connections. (OPT-461)
Warning: Dont_touch on net '*cell*85/M_2scompl[7]' may be overridden by compile because it
        is connected to generic logic. Use all_connected to see net
        connections. (OPT-461)
Warning: Dont_touch on net '*cell*85/M_2scompl[8]' may be overridden by compile because it
        is connected to generic logic. Use all_connected to see net
        connections. (OPT-461)
Warning: Dont_touch on net '*cell*85/M_2scompl[9]' may be overridden by compile because it
        is connected to generic logic. Use all_connected to see net
        connections. (OPT-461)
Warning: Dont_touch on net '*cell*85/M_2scompl[10]' may be overridden by compile because it
        is connected to generic logic. Use all_connected to see net
        connections. (OPT-461)
Warning: Dont_touch on net '*cell*85/M_2scompl[11]' may be overridden by compile because it
        is connected to generic logic. Use all_connected to see net
        connections. (OPT-461)
Warning: Dont_touch on net '*cell*85/M_2scompl[12]' may be overridden by compile because it
        is connected to generic logic. Use all_connected to see net
        connections. (OPT-461)
Warning: Dont_touch on net '*cell*85/M_2scompl[13]' may be overridden by compile because it
        is connected to generic logic. Use all_connected to see net
        connections. (OPT-461)
Warning: Dont_touch on net '*cell*85/M_2scompl[14]' may be overridden by compile because it
        is connected to generic logic. Use all_connected to see net
        connections. (OPT-461)
Warning: Dont_touch on net '*cell*85/M_2scompl[15]' may be overridden by compile because it
        is connected to generic logic. Use all_connected to see net
        connections. (OPT-461)
Warning: Dont_touch on net '*cell*85/M_2scompl[16]' may be overridden by compile because it
        is connected to generic logic. Use all_connected to see net
        connections. (OPT-461)
Warning: Dont_touch on net '*cell*85/M_2scompl[17]' may be overridden by compile because it
        is connected to generic logic. Use all_connected to see net
        connections. (OPT-461)
Warning: Dont_touch on net '*cell*85/M_2scompl[18]' may be overridden by compile because it
        is connected to generic logic. Use all_connected to see net
        connections. (OPT-461)
Warning: Dont_touch on net '*cell*85/M_2scompl[19]' may be overridden by compile because it
        is connected to generic logic. Use all_connected to see net
        connections. (OPT-461)
Warning: Dont_touch on net '*cell*85/M_2scompl[20]' may be overridden by compile because it
        is connected to generic logic. Use all_connected to see net
        connections. (OPT-461)
Warning: Dont_touch on net '*cell*85/M_2scompl[21]' may be overridden by compile because it
        is connected to generic logic. Use all_connected to see net
        connections. (OPT-461)
Warning: Dont_touch on net '*cell*85/M_2scompl[22]' may be overridden by compile because it
        is connected to generic logic. Use all_connected to see net
        connections. (OPT-461)
Warning: Dont_touch on net '*cell*85/M_2scompl[23]' may be overridden by compile because it
        is connected to generic logic. Use all_connected to see net
        connections. (OPT-461)
Warning: Dont_touch on net '*cell*85/M_2scompl[24]' may be overridden by compile because it
        is connected to generic logic. Use all_connected to see net
        connections. (OPT-461)
Warning: Dont_touch on net '*cell*85/a[0]' may be overridden by compile because it
        is connected to generic logic. Use all_connected to see net
        connections. (OPT-461)
Warning: Dont_touch on net '*cell*85/a[1]' may be overridden by compile because it
        is connected to generic logic. Use all_connected to see net
        connections. (OPT-461)
Warning: Dont_touch on net '*cell*85/a[2]' may be overridden by compile because it
        is connected to generic logic. Use all_connected to see net
        connections. (OPT-461)
Warning: Dont_touch on net '*cell*85/a[3]' may be overridden by compile because it
        is connected to generic logic. Use all_connected to see net
        connections. (OPT-461)
Warning: Dont_touch on net '*cell*85/a[4]' may be overridden by compile because it
        is connected to generic logic. Use all_connected to see net
        connections. (OPT-461)
Warning: Dont_touch on net '*cell*85/a[5]' may be overridden by compile because it
        is connected to generic logic. Use all_connected to see net
        connections. (OPT-461)
Warning: Dont_touch on net '*cell*85/a[6]' may be overridden by compile because it
        is connected to generic logic. Use all_connected to see net
        connections. (OPT-461)
Warning: Dont_touch on net '*cell*85/a[7]' may be overridden by compile because it
        is connected to generic logic. Use all_connected to see net
        connections. (OPT-461)
Warning: Dont_touch on net '*cell*85/a[8]' may be overridden by compile because it
        is connected to generic logic. Use all_connected to see net
        connections. (OPT-461)
Warning: Dont_touch on net '*cell*85/a[9]' may be overridden by compile because it
        is connected to generic logic. Use all_connected to see net
        connections. (OPT-461)
Warning: Dont_touch on net '*cell*85/a[10]' may be overridden by compile because it
        is connected to generic logic. Use all_connected to see net
        connections. (OPT-461)
Warning: Dont_touch on net '*cell*85/a[11]' may be overridden by compile because it
        is connected to generic logic. Use all_connected to see net
        connections. (OPT-461)
Warning: Dont_touch on net '*cell*85/a[12]' may be overridden by compile because it
        is connected to generic logic. Use all_connected to see net
        connections. (OPT-461)
Warning: Dont_touch on net '*cell*85/a[13]' may be overridden by compile because it
        is connected to generic logic. Use all_connected to see net
        connections. (OPT-461)
Warning: Dont_touch on net '*cell*85/a[14]' may be overridden by compile because it
        is connected to generic logic. Use all_connected to see net
        connections. (OPT-461)
Warning: Dont_touch on net '*cell*85/a[15]' may be overridden by compile because it
        is connected to generic logic. Use all_connected to see net
        connections. (OPT-461)
Warning: Dont_touch on net '*cell*85/a[16]' may be overridden by compile because it
        is connected to generic logic. Use all_connected to see net
        connections. (OPT-461)
Warning: Dont_touch on net '*cell*85/a[17]' may be overridden by compile because it
        is connected to generic logic. Use all_connected to see net
        connections. (OPT-461)
Warning: Dont_touch on net '*cell*85/a[18]' may be overridden by compile because it
        is connected to generic logic. Use all_connected to see net
        connections. (OPT-461)
Warning: Dont_touch on net '*cell*85/a[19]' may be overridden by compile because it
        is connected to generic logic. Use all_connected to see net
        connections. (OPT-461)
Warning: Dont_touch on net '*cell*85/a[20]' may be overridden by compile because it
        is connected to generic logic. Use all_connected to see net
        connections. (OPT-461)
Warning: Dont_touch on net '*cell*85/a[21]' may be overridden by compile because it
        is connected to generic logic. Use all_connected to see net
        connections. (OPT-461)
Warning: Dont_touch on net '*cell*85/a[22]' may be overridden by compile because it
        is connected to generic logic. Use all_connected to see net
        connections. (OPT-461)
Warning: Dont_touch on net '*cell*85/*Logic0*' may be overridden by compile because it
        is connected to generic logic. Use all_connected to see net
        connections. (OPT-461)
Warning: Dont_touch on net '*cell*89/M_2scompl[0]' may be overridden by compile because it
        is connected to generic logic. Use all_connected to see net
        connections. (OPT-461)
Warning: Dont_touch on net '*cell*89/M_2scompl[1]' may be overridden by compile because it
        is connected to generic logic. Use all_connected to see net
        connections. (OPT-461)
Warning: Dont_touch on net '*cell*89/M_2scompl[2]' may be overridden by compile because it
        is connected to generic logic. Use all_connected to see net
        connections. (OPT-461)
Warning: Dont_touch on net '*cell*89/M_2scompl[3]' may be overridden by compile because it
        is connected to generic logic. Use all_connected to see net
        connections. (OPT-461)
Warning: Dont_touch on net '*cell*89/M_2scompl[4]' may be overridden by compile because it
        is connected to generic logic. Use all_connected to see net
        connections. (OPT-461)
Warning: Dont_touch on net '*cell*89/M_2scompl[5]' may be overridden by compile because it
        is connected to generic logic. Use all_connected to see net
        connections. (OPT-461)
Warning: Dont_touch on net '*cell*89/M_2scompl[6]' may be overridden by compile because it
        is connected to generic logic. Use all_connected to see net
        connections. (OPT-461)
Warning: Dont_touch on net '*cell*89/M_2scompl[7]' may be overridden by compile because it
        is connected to generic logic. Use all_connected to see net
        connections. (OPT-461)
Warning: Dont_touch on net '*cell*89/M_2scompl[8]' may be overridden by compile because it
        is connected to generic logic. Use all_connected to see net
        connections. (OPT-461)
Warning: Dont_touch on net '*cell*89/M_2scompl[9]' may be overridden by compile because it
        is connected to generic logic. Use all_connected to see net
        connections. (OPT-461)
Warning: Dont_touch on net '*cell*89/M_2scompl[10]' may be overridden by compile because it
        is connected to generic logic. Use all_connected to see net
        connections. (OPT-461)
Warning: Dont_touch on net '*cell*89/M_2scompl[11]' may be overridden by compile because it
        is connected to generic logic. Use all_connected to see net
        connections. (OPT-461)
Warning: Dont_touch on net '*cell*89/M_2scompl[12]' may be overridden by compile because it
        is connected to generic logic. Use all_connected to see net
        connections. (OPT-461)
Warning: Dont_touch on net '*cell*89/M_2scompl[13]' may be overridden by compile because it
        is connected to generic logic. Use all_connected to see net
        connections. (OPT-461)
Warning: Dont_touch on net '*cell*89/M_2scompl[14]' may be overridden by compile because it
        is connected to generic logic. Use all_connected to see net
        connections. (OPT-461)
Warning: Dont_touch on net '*cell*89/M_2scompl[15]' may be overridden by compile because it
        is connected to generic logic. Use all_connected to see net
        connections. (OPT-461)
Warning: Dont_touch on net '*cell*89/M_2scompl[16]' may be overridden by compile because it
        is connected to generic logic. Use all_connected to see net
        connections. (OPT-461)
Warning: Dont_touch on net '*cell*89/M_2scompl[17]' may be overridden by compile because it
        is connected to generic logic. Use all_connected to see net
        connections. (OPT-461)
Warning: Dont_touch on net '*cell*89/M_2scompl[18]' may be overridden by compile because it
        is connected to generic logic. Use all_connected to see net
        connections. (OPT-461)
Warning: Dont_touch on net '*cell*89/M_2scompl[19]' may be overridden by compile because it
        is connected to generic logic. Use all_connected to see net
        connections. (OPT-461)
Warning: Dont_touch on net '*cell*89/M_2scompl[20]' may be overridden by compile because it
        is connected to generic logic. Use all_connected to see net
        connections. (OPT-461)
Warning: Dont_touch on net '*cell*89/M_2scompl[21]' may be overridden by compile because it
        is connected to generic logic. Use all_connected to see net
        connections. (OPT-461)
Warning: Dont_touch on net '*cell*89/M_2scompl[22]' may be overridden by compile because it
        is connected to generic logic. Use all_connected to see net
        connections. (OPT-461)
Warning: Dont_touch on net '*cell*89/M_2scompl[23]' may be overridden by compile because it
        is connected to generic logic. Use all_connected to see net
        connections. (OPT-461)
Warning: Dont_touch on net '*cell*89/M_2scompl[24]' may be overridden by compile because it
        is connected to generic logic. Use all_connected to see net
        connections. (OPT-461)
Warning: Dont_touch on net '*cell*89/a[0]' may be overridden by compile because it
        is connected to generic logic. Use all_connected to see net
        connections. (OPT-461)
Warning: Dont_touch on net '*cell*89/a[1]' may be overridden by compile because it
        is connected to generic logic. Use all_connected to see net
        connections. (OPT-461)
Warning: Dont_touch on net '*cell*89/a[2]' may be overridden by compile because it
        is connected to generic logic. Use all_connected to see net
        connections. (OPT-461)
Warning: Dont_touch on net '*cell*89/a[3]' may be overridden by compile because it
        is connected to generic logic. Use all_connected to see net
        connections. (OPT-461)
Warning: Dont_touch on net '*cell*89/a[4]' may be overridden by compile because it
        is connected to generic logic. Use all_connected to see net
        connections. (OPT-461)
Warning: Dont_touch on net '*cell*89/a[5]' may be overridden by compile because it
        is connected to generic logic. Use all_connected to see net
        connections. (OPT-461)
Warning: Dont_touch on net '*cell*89/a[6]' may be overridden by compile because it
        is connected to generic logic. Use all_connected to see net
        connections. (OPT-461)
Warning: Dont_touch on net '*cell*89/a[7]' may be overridden by compile because it
        is connected to generic logic. Use all_connected to see net
        connections. (OPT-461)
Warning: Dont_touch on net '*cell*89/a[8]' may be overridden by compile because it
        is connected to generic logic. Use all_connected to see net
        connections. (OPT-461)
Warning: Dont_touch on net '*cell*89/a[9]' may be overridden by compile because it
        is connected to generic logic. Use all_connected to see net
        connections. (OPT-461)
Warning: Dont_touch on net '*cell*89/a[10]' may be overridden by compile because it
        is connected to generic logic. Use all_connected to see net
        connections. (OPT-461)
Warning: Dont_touch on net '*cell*89/a[11]' may be overridden by compile because it
        is connected to generic logic. Use all_connected to see net
        connections. (OPT-461)
Warning: Dont_touch on net '*cell*89/a[12]' may be overridden by compile because it
        is connected to generic logic. Use all_connected to see net
        connections. (OPT-461)
Warning: Dont_touch on net '*cell*89/a[13]' may be overridden by compile because it
        is connected to generic logic. Use all_connected to see net
        connections. (OPT-461)
Warning: Dont_touch on net '*cell*89/a[14]' may be overridden by compile because it
        is connected to generic logic. Use all_connected to see net
        connections. (OPT-461)
Warning: Dont_touch on net '*cell*89/a[15]' may be overridden by compile because it
        is connected to generic logic. Use all_connected to see net
        connections. (OPT-461)
Warning: Dont_touch on net '*cell*89/a[16]' may be overridden by compile because it
        is connected to generic logic. Use all_connected to see net
        connections. (OPT-461)
Warning: Dont_touch on net '*cell*89/a[17]' may be overridden by compile because it
        is connected to generic logic. Use all_connected to see net
        connections. (OPT-461)
Warning: Dont_touch on net '*cell*89/a[18]' may be overridden by compile because it
        is connected to generic logic. Use all_connected to see net
        connections. (OPT-461)
Warning: Dont_touch on net '*cell*89/a[19]' may be overridden by compile because it
        is connected to generic logic. Use all_connected to see net
        connections. (OPT-461)
Warning: Dont_touch on net '*cell*89/a[20]' may be overridden by compile because it
        is connected to generic logic. Use all_connected to see net
        connections. (OPT-461)
Warning: Dont_touch on net '*cell*89/a[21]' may be overridden by compile because it
        is connected to generic logic. Use all_connected to see net
        connections. (OPT-461)
Warning: Dont_touch on net '*cell*89/a[22]' may be overridden by compile because it
        is connected to generic logic. Use all_connected to see net
        connections. (OPT-461)
Warning: Dont_touch on net '*cell*89/*Logic0*' may be overridden by compile because it
        is connected to generic logic. Use all_connected to see net
        connections. (OPT-461)
Warning: Dont_touch on net '*cell*91/N96' may be overridden by compile because it
        is connected to generic logic. Use all_connected to see net
        connections. (OPT-461)
Warning: Dont_touch on net '*cell*91/N95' may be overridden by compile because it
        is connected to generic logic. Use all_connected to see net
        connections. (OPT-461)
Warning: Dont_touch on net '*cell*91/N94' may be overridden by compile because it
        is connected to generic logic. Use all_connected to see net
        connections. (OPT-461)
Warning: Dont_touch on net '*cell*91/N93' may be overridden by compile because it
        is connected to generic logic. Use all_connected to see net
        connections. (OPT-461)
Warning: Dont_touch on net '*cell*91/N92' may be overridden by compile because it
        is connected to generic logic. Use all_connected to see net
        connections. (OPT-461)
Warning: Dont_touch on net '*cell*91/N91' may be overridden by compile because it
        is connected to generic logic. Use all_connected to see net
        connections. (OPT-461)
Warning: Dont_touch on net '*cell*91/N90' may be overridden by compile because it
        is connected to generic logic. Use all_connected to see net
        connections. (OPT-461)
Warning: Dont_touch on net '*cell*91/N89' may be overridden by compile because it
        is connected to generic logic. Use all_connected to see net
        connections. (OPT-461)
Warning: Dont_touch on net '*cell*91/*Logic0*' may be overridden by compile because it
        is connected to generic logic. Use all_connected to see net
        connections. (OPT-461)
Warning: Dont_touch on net '*cell*93/N104' may be overridden by compile because it
        is connected to generic logic. Use all_connected to see net
        connections. (OPT-461)
Warning: Dont_touch on net '*cell*93/N103' may be overridden by compile because it
        is connected to generic logic. Use all_connected to see net
        connections. (OPT-461)
Warning: Dont_touch on net '*cell*93/N102' may be overridden by compile because it
        is connected to generic logic. Use all_connected to see net
        connections. (OPT-461)
Warning: Dont_touch on net '*cell*93/N101' may be overridden by compile because it
        is connected to generic logic. Use all_connected to see net
        connections. (OPT-461)
Warning: Dont_touch on net '*cell*93/N100' may be overridden by compile because it
        is connected to generic logic. Use all_connected to see net
        connections. (OPT-461)
Warning: Dont_touch on net '*cell*93/N99' may be overridden by compile because it
        is connected to generic logic. Use all_connected to see net
        connections. (OPT-461)
Warning: Dont_touch on net '*cell*93/N98' may be overridden by compile because it
        is connected to generic logic. Use all_connected to see net
        connections. (OPT-461)
Warning: Dont_touch on net '*cell*93/N97' may be overridden by compile because it
        is connected to generic logic. Use all_connected to see net
        connections. (OPT-461)
Warning: Dont_touch on net '*cell*93/N96' may be overridden by compile because it
        is connected to generic logic. Use all_connected to see net
        connections. (OPT-461)
Warning: Dont_touch on net '*cell*93/*Logic0*' may be overridden by compile because it
        is connected to generic logic. Use all_connected to see net
        connections. (OPT-461)
Warning: Dont_touch on net '*cell*95/*Logic0*' may be overridden by compile because it
        is connected to generic logic. Use all_connected to see net
        connections. (OPT-461)
  Allocating blocks in 'DW_ifp_fp_conv_sig_widthi51_exp_widthi10_sig_width23_exp_width8_use_denormal0'
Information: Changed wire load model for 'alt1' from '(none)' to 'G5K'. (OPT-170)
Information: Changed wire load model for 'apparch' from '(none)' to 'G5K'. (OPT-170)
Information: Changed wire load model for 'alt1' from '(none)' to 'G5K'. (OPT-170)
Information: Changed wire load model for 'apparch' from '(none)' to 'G5K'. (OPT-170)
Information: Changed wire load model for 'alt1' from '(none)' to 'G5K'. (OPT-170)
Information: Changed wire load model for 'astr' from '(none)' to 'G5K'. (OPT-170)
  Allocating blocks in 'DW_lzd_a_width52'
  Allocating blocks in 'DW_lzod_a_width52_detect_10'
Information: Changed wire load model for 'alt1' from '(none)' to 'G5K'. (OPT-170)
Information: Changed wire load model for 'astr' from '(none)' to 'G5K'. (OPT-170)
Information: Changed wire load model for 'alt1' from '(none)' to 'G5K'. (OPT-170)
Information: Changed wire load model for 'apparch' from '(none)' to 'G5K'. (OPT-170)
Information: Changed wire load model for 'alt1' from '(none)' to 'G5K'. (OPT-170)
Information: Changed wire load model for 'apparch' from '(none)' to 'G5K'. (OPT-170)
  Allocating blocks in 'DW_ifp_addsub_sig_widthi28_exp_widthi9_sig_widtho51_exp_widtho10_use_denormal0_use_1scmpl0'
Information: Changed wire load model for 'alt1' from '(none)' to 'G5K'. (OPT-170)
Information: Changed wire load model for 'astr' from '(none)' to 'G5K'. (OPT-170)
Information: Changed wire load model for 'alt1' from '(none)' to 'G5K'. (OPT-170)
Information: Changed wire load model for 'astr' from '(none)' to 'G5K'. (OPT-170)
Information: Changed wire load model for 'alt1' from '(none)' to 'G5K'. (OPT-170)
Information: Changed wire load model for 'apparch' from '(none)' to 'G5K'. (OPT-170)
Information: Changed wire load model for 'alt1' from '(none)' to 'G5K'. (OPT-170)
Information: Changed wire load model for 'apparch' from '(none)' to 'G5K'. (OPT-170)
Information: Changed wire load model for 'alt1' from '(none)' to 'G5K'. (OPT-170)
Information: Changed wire load model for 'astr' from '(none)' to 'G5K'. (OPT-170)
  Allocating blocks in 'DW_ifp_addsub_sig_widthi25_exp_widthi8_sig_widtho28_exp_widtho9_use_denormal0_use_1scmpl0'
Information: Changed wire load model for 'alt1' from '(none)' to 'G5K'. (OPT-170)
Information: Changed wire load model for 'astr' from '(none)' to 'G5K'. (OPT-170)
Information: Changed wire load model for 'alt1' from '(none)' to 'G5K'. (OPT-170)
Information: Changed wire load model for 'astr' from '(none)' to 'G5K'. (OPT-170)
Information: Changed wire load model for 'alt1' from '(none)' to 'G5K'. (OPT-170)
Information: Changed wire load model for 'apparch' from '(none)' to 'G5K'. (OPT-170)
Information: Changed wire load model for 'alt1' from '(none)' to 'G5K'. (OPT-170)
Information: Changed wire load model for 'apparch' from '(none)' to 'G5K'. (OPT-170)
Information: Changed wire load model for 'alt1' from '(none)' to 'G5K'. (OPT-170)
Information: Changed wire load model for 'astr' from '(none)' to 'G5K'. (OPT-170)
  Allocating blocks in 'DW_fp_ifp_conv_sig_widthi23_exp_widthi8_sig_widtho28_exp_widtho9_use_denormal0_use_1scmpl0'
  Allocating blocks in 'DW_fp_ifp_conv_sig_widthi23_exp_widthi8_sig_widtho25_exp_widtho8_use_denormal0_use_1scmpl0'
Information: Changed wire load model for 'alt1' from '(none)' to 'G5K'. (OPT-170)
Information: Changed wire load model for 'astr' from '(none)' to 'G5K'. (OPT-170)
Information: Changed wire load model for 'alt1' from '(none)' to 'G5K'. (OPT-170)
Information: Changed wire load model for 'apparch' from '(none)' to 'G5K'. (OPT-170)
Information: Changed wire load model for 'alt1' from '(none)' to 'G5K'. (OPT-170)
Information: Changed wire load model for 'apparch' from '(none)' to 'G5K'. (OPT-170)
Information: Changed wire load model for 'alt1' from '(none)' to 'G5K'. (OPT-170)
Information: Changed wire load model for 'apparch' from '(none)' to 'G5K'. (OPT-170)
  Allocating blocks in 'DW_lzd_a_width53'
  Allocating blocks in 'DW_lzod_a_width53_detect_10'
Information: Changed wire load model for 'alt1' from '(none)' to 'G5K'. (OPT-170)
Information: Changed wire load model for 'apparch' from '(none)' to 'G5K'. (OPT-170)
Information: Changed wire load model for 'alt1' from '(none)' to 'G5K'. (OPT-170)
Information: Changed wire load model for 'apparch' from '(none)' to 'G5K'. (OPT-170)
Information: Changed wire load model for 'alt1' from '(none)' to 'G5K'. (OPT-170)
Information: Changed wire load model for 'astr' from '(none)' to 'G5K'. (OPT-170)
Information: Changed wire load model for 'alt1' from '(none)' to 'G5K'. (OPT-170)
Information: Changed wire load model for 'astr' from '(none)' to 'G5K'. (OPT-170)
Information: Changed wire load model for 'alt1' from '(none)' to 'G5K'. (OPT-170)
Information: Changed wire load model for 'apparch' from '(none)' to 'G5K'. (OPT-170)
Information: Changed wire load model for 'alt1' from '(none)' to 'G5K'. (OPT-170)
Information: Changed wire load model for 'astr' from '(none)' to 'G5K'. (OPT-170)
Information: Changed wire load model for 'alt1' from '(none)' to 'G5K'. (OPT-170)
Information: Changed wire load model for 'astr' from '(none)' to 'G5K'. (OPT-170)
Information: Changed wire load model for 'alt1' from '(none)' to 'G5K'. (OPT-170)
Information: Changed wire load model for 'astr' from '(none)' to 'G5K'. (OPT-170)
Information: Changed wire load model for 'alt1' from '(none)' to 'G5K'. (OPT-170)
Information: Changed wire load model for 'astr' from '(none)' to 'G5K'. (OPT-170)
Information: Changed wire load model for 'alt1' from '(none)' to 'G5K'. (OPT-170)
Information: Changed wire load model for 'apparch' from '(none)' to 'G5K'. (OPT-170)
Information: Changed wire load model for 'alt1' from '(none)' to 'G5K'. (OPT-170)
Information: Changed wire load model for 'apparch' from '(none)' to 'G5K'. (OPT-170)
Information: Changed wire load model for 'alt1' from '(none)' to 'G5K'. (OPT-170)
Information: Changed wire load model for 'apparch' from '(none)' to 'G5K'. (OPT-170)
Information: Changed wire load model for 'alt1' from '(none)' to 'G5K'. (OPT-170)
Information: Changed wire load model for 'apparch' from '(none)' to 'G5K'. (OPT-170)
  Allocating blocks in 'DW_fp_sum4_sig_width23_exp_width8_ieee_compliance0_arch_type0'
Warning: Dont_touch on net '*cell*95/M_2scompl[0]' may be overridden by compile because it
        is connected to generic logic. Use all_connected to see net
        connections. (OPT-461)
Warning: Dont_touch on net '*cell*95/M_2scompl[1]' may be overridden by compile because it
        is connected to generic logic. Use all_connected to see net
        connections. (OPT-461)
Warning: Dont_touch on net '*cell*95/M_2scompl[2]' may be overridden by compile because it
        is connected to generic logic. Use all_connected to see net
        connections. (OPT-461)
Warning: Dont_touch on net '*cell*95/M_2scompl[3]' may be overridden by compile because it
        is connected to generic logic. Use all_connected to see net
        connections. (OPT-461)
Warning: Dont_touch on net '*cell*95/M_2scompl[4]' may be overridden by compile because it
        is connected to generic logic. Use all_connected to see net
        connections. (OPT-461)
Warning: Dont_touch on net '*cell*95/M_2scompl[5]' may be overridden by compile because it
        is connected to generic logic. Use all_connected to see net
        connections. (OPT-461)
Warning: Dont_touch on net '*cell*95/M_2scompl[6]' may be overridden by compile because it
        is connected to generic logic. Use all_connected to see net
        connections. (OPT-461)
Warning: Dont_touch on net '*cell*95/M_2scompl[7]' may be overridden by compile because it
        is connected to generic logic. Use all_connected to see net
        connections. (OPT-461)
Warning: Dont_touch on net '*cell*95/M_2scompl[8]' may be overridden by compile because it
        is connected to generic logic. Use all_connected to see net
        connections. (OPT-461)
Warning: Dont_touch on net '*cell*95/M_2scompl[9]' may be overridden by compile because it
        is connected to generic logic. Use all_connected to see net
        connections. (OPT-461)
Warning: Dont_touch on net '*cell*95/M_2scompl[10]' may be overridden by compile because it
        is connected to generic logic. Use all_connected to see net
        connections. (OPT-461)
Warning: Dont_touch on net '*cell*95/M_2scompl[11]' may be overridden by compile because it
        is connected to generic logic. Use all_connected to see net
        connections. (OPT-461)
Warning: Dont_touch on net '*cell*95/M_2scompl[12]' may be overridden by compile because it
        is connected to generic logic. Use all_connected to see net
        connections. (OPT-461)
Warning: Dont_touch on net '*cell*95/M_2scompl[13]' may be overridden by compile because it
        is connected to generic logic. Use all_connected to see net
        connections. (OPT-461)
Warning: Dont_touch on net '*cell*95/M_2scompl[14]' may be overridden by compile because it
        is connected to generic logic. Use all_connected to see net
        connections. (OPT-461)
Warning: Dont_touch on net '*cell*95/M_2scompl[15]' may be overridden by compile because it
        is connected to generic logic. Use all_connected to see net
        connections. (OPT-461)
Warning: Dont_touch on net '*cell*95/M_2scompl[16]' may be overridden by compile because it
        is connected to generic logic. Use all_connected to see net
        connections. (OPT-461)
Warning: Dont_touch on net '*cell*95/M_2scompl[17]' may be overridden by compile because it
        is connected to generic logic. Use all_connected to see net
        connections. (OPT-461)
Warning: Dont_touch on net '*cell*95/M_2scompl[18]' may be overridden by compile because it
        is connected to generic logic. Use all_connected to see net
        connections. (OPT-461)
Warning: Dont_touch on net '*cell*95/M_2scompl[19]' may be overridden by compile because it
        is connected to generic logic. Use all_connected to see net
        connections. (OPT-461)
Warning: Dont_touch on net '*cell*95/M_2scompl[20]' may be overridden by compile because it
        is connected to generic logic. Use all_connected to see net
        connections. (OPT-461)
Warning: Dont_touch on net '*cell*95/M_2scompl[21]' may be overridden by compile because it
        is connected to generic logic. Use all_connected to see net
        connections. (OPT-461)
Warning: Dont_touch on net '*cell*95/M_2scompl[22]' may be overridden by compile because it
        is connected to generic logic. Use all_connected to see net
        connections. (OPT-461)
Warning: Dont_touch on net '*cell*95/M_2scompl[23]' may be overridden by compile because it
        is connected to generic logic. Use all_connected to see net
        connections. (OPT-461)
Warning: Dont_touch on net '*cell*95/M_2scompl[24]' may be overridden by compile because it
        is connected to generic logic. Use all_connected to see net
        connections. (OPT-461)
Warning: Dont_touch on net '*cell*95/a[0]' may be overridden by compile because it
        is connected to generic logic. Use all_connected to see net
        connections. (OPT-461)
Warning: Dont_touch on net '*cell*95/a[1]' may be overridden by compile because it
        is connected to generic logic. Use all_connected to see net
        connections. (OPT-461)
Warning: Dont_touch on net '*cell*95/a[2]' may be overridden by compile because it
        is connected to generic logic. Use all_connected to see net
        connections. (OPT-461)
Warning: Dont_touch on net '*cell*95/a[3]' may be overridden by compile because it
        is connected to generic logic. Use all_connected to see net
        connections. (OPT-461)
Warning: Dont_touch on net '*cell*95/a[4]' may be overridden by compile because it
        is connected to generic logic. Use all_connected to see net
        connections. (OPT-461)
Warning: Dont_touch on net '*cell*95/a[5]' may be overridden by compile because it
        is connected to generic logic. Use all_connected to see net
        connections. (OPT-461)
Warning: Dont_touch on net '*cell*95/a[6]' may be overridden by compile because it
        is connected to generic logic. Use all_connected to see net
        connections. (OPT-461)
Warning: Dont_touch on net '*cell*95/a[7]' may be overridden by compile because it
        is connected to generic logic. Use all_connected to see net
        connections. (OPT-461)
Warning: Dont_touch on net '*cell*95/a[8]' may be overridden by compile because it
        is connected to generic logic. Use all_connected to see net
        connections. (OPT-461)
Warning: Dont_touch on net '*cell*95/a[9]' may be overridden by compile because it
        is connected to generic logic. Use all_connected to see net
        connections. (OPT-461)
Warning: Dont_touch on net '*cell*95/a[10]' may be overridden by compile because it
        is connected to generic logic. Use all_connected to see net
        connections. (OPT-461)
Warning: Dont_touch on net '*cell*95/a[11]' may be overridden by compile because it
        is connected to generic logic. Use all_connected to see net
        connections. (OPT-461)
Warning: Dont_touch on net '*cell*95/a[12]' may be overridden by compile because it
        is connected to generic logic. Use all_connected to see net
        connections. (OPT-461)
Warning: Dont_touch on net '*cell*95/a[13]' may be overridden by compile because it
        is connected to generic logic. Use all_connected to see net
        connections. (OPT-461)
Warning: Dont_touch on net '*cell*95/a[14]' may be overridden by compile because it
        is connected to generic logic. Use all_connected to see net
        connections. (OPT-461)
Warning: Dont_touch on net '*cell*95/a[15]' may be overridden by compile because it
        is connected to generic logic. Use all_connected to see net
        connections. (OPT-461)
Warning: Dont_touch on net '*cell*95/a[16]' may be overridden by compile because it
        is connected to generic logic. Use all_connected to see net
        connections. (OPT-461)
Warning: Dont_touch on net '*cell*95/a[17]' may be overridden by compile because it
        is connected to generic logic. Use all_connected to see net
        connections. (OPT-461)
Warning: Dont_touch on net '*cell*95/a[18]' may be overridden by compile because it
        is connected to generic logic. Use all_connected to see net
        connections. (OPT-461)
Warning: Dont_touch on net '*cell*95/a[19]' may be overridden by compile because it
        is connected to generic logic. Use all_connected to see net
        connections. (OPT-461)
Warning: Dont_touch on net '*cell*95/a[20]' may be overridden by compile because it
        is connected to generic logic. Use all_connected to see net
        connections. (OPT-461)
Warning: Dont_touch on net '*cell*95/a[21]' may be overridden by compile because it
        is connected to generic logic. Use all_connected to see net
        connections. (OPT-461)
Warning: Dont_touch on net '*cell*95/a[22]' may be overridden by compile because it
        is connected to generic logic. Use all_connected to see net
        connections. (OPT-461)
Warning: Dont_touch on net '*cell*95/*Logic0*' may be overridden by compile because it
        is connected to generic logic. Use all_connected to see net
        connections. (OPT-461)
Warning: Dont_touch on net '*cell*103/N96' may be overridden by compile because it
        is connected to generic logic. Use all_connected to see net
        connections. (OPT-461)
Warning: Dont_touch on net '*cell*103/N95' may be overridden by compile because it
        is connected to generic logic. Use all_connected to see net
        connections. (OPT-461)
Warning: Dont_touch on net '*cell*103/N94' may be overridden by compile because it
        is connected to generic logic. Use all_connected to see net
        connections. (OPT-461)
Warning: Dont_touch on net '*cell*103/N93' may be overridden by compile because it
        is connected to generic logic. Use all_connected to see net
        connections. (OPT-461)
Warning: Dont_touch on net '*cell*103/N92' may be overridden by compile because it
        is connected to generic logic. Use all_connected to see net
        connections. (OPT-461)
Warning: Dont_touch on net '*cell*103/N91' may be overridden by compile because it
        is connected to generic logic. Use all_connected to see net
        connections. (OPT-461)
Warning: Dont_touch on net '*cell*103/N90' may be overridden by compile because it
        is connected to generic logic. Use all_connected to see net
        connections. (OPT-461)
Warning: Dont_touch on net '*cell*103/N89' may be overridden by compile because it
        is connected to generic logic. Use all_connected to see net
        connections. (OPT-461)
Warning: Dont_touch on net '*cell*103/*Logic0*' may be overridden by compile because it
        is connected to generic logic. Use all_connected to see net
        connections. (OPT-461)
Warning: Dont_touch on net '*cell*107/N104' may be overridden by compile because it
        is connected to generic logic. Use all_connected to see net
        connections. (OPT-461)
Warning: Dont_touch on net '*cell*107/N103' may be overridden by compile because it
        is connected to generic logic. Use all_connected to see net
        connections. (OPT-461)
Warning: Dont_touch on net '*cell*107/N102' may be overridden by compile because it
        is connected to generic logic. Use all_connected to see net
        connections. (OPT-461)
Warning: Dont_touch on net '*cell*107/N101' may be overridden by compile because it
        is connected to generic logic. Use all_connected to see net
        connections. (OPT-461)
Warning: Dont_touch on net '*cell*107/N100' may be overridden by compile because it
        is connected to generic logic. Use all_connected to see net
        connections. (OPT-461)
Warning: Dont_touch on net '*cell*107/N99' may be overridden by compile because it
        is connected to generic logic. Use all_connected to see net
        connections. (OPT-461)
Warning: Dont_touch on net '*cell*107/N98' may be overridden by compile because it
        is connected to generic logic. Use all_connected to see net
        connections. (OPT-461)
Warning: Dont_touch on net '*cell*107/N97' may be overridden by compile because it
        is connected to generic logic. Use all_connected to see net
        connections. (OPT-461)
Warning: Dont_touch on net '*cell*107/N96' may be overridden by compile because it
        is connected to generic logic. Use all_connected to see net
        connections. (OPT-461)
Warning: Dont_touch on net '*cell*107/*Logic0*' may be overridden by compile because it
        is connected to generic logic. Use all_connected to see net
        connections. (OPT-461)
Warning: Dont_touch on net '*cell*109/*Logic0*' may be overridden by compile because it
        is connected to generic logic. Use all_connected to see net
        connections. (OPT-461)
  Allocating blocks in 'DW_lzd_a_width29'
  Allocating blocks in 'DW_lzod_a_width29_detect_10'
  Allocating blocks in 'DW_ifp_fp_conv_sig_widthi51_exp_widthi10_sig_width23_exp_width8_use_denormal0'
Information: Changed wire load model for 'alt1' from '(none)' to 'G5K'. (OPT-170)
Information: Changed wire load model for 'apparch' from '(none)' to 'G5K'. (OPT-170)
Information: Changed wire load model for 'alt1' from '(none)' to 'G5K'. (OPT-170)
Information: Changed wire load model for 'apparch' from '(none)' to 'G5K'. (OPT-170)
Information: Changed wire load model for 'alt1' from '(none)' to 'G5K'. (OPT-170)
Information: Changed wire load model for 'astr' from '(none)' to 'G5K'. (OPT-170)
  Allocating blocks in 'DW_lzd_a_width52'
  Allocating blocks in 'DW_lzod_a_width52_detect_10'
Information: Changed wire load model for 'alt1' from '(none)' to 'G5K'. (OPT-170)
Information: Changed wire load model for 'astr' from '(none)' to 'G5K'. (OPT-170)
Information: Changed wire load model for 'alt1' from '(none)' to 'G5K'. (OPT-170)
Information: Changed wire load model for 'apparch' from '(none)' to 'G5K'. (OPT-170)
Information: Changed wire load model for 'alt1' from '(none)' to 'G5K'. (OPT-170)
Information: Changed wire load model for 'apparch' from '(none)' to 'G5K'. (OPT-170)
  Allocating blocks in 'DW_ifp_addsub_sig_widthi28_exp_widthi9_sig_widtho51_exp_widtho10_use_denormal0_use_1scmpl0'
Information: Changed wire load model for 'alt1' from '(none)' to 'G5K'. (OPT-170)
Information: Changed wire load model for 'astr' from '(none)' to 'G5K'. (OPT-170)
Information: Changed wire load model for 'alt1' from '(none)' to 'G5K'. (OPT-170)
Information: Changed wire load model for 'astr' from '(none)' to 'G5K'. (OPT-170)
Information: Changed wire load model for 'alt1' from '(none)' to 'G5K'. (OPT-170)
Information: Changed wire load model for 'apparch' from '(none)' to 'G5K'. (OPT-170)
Information: Changed wire load model for 'alt1' from '(none)' to 'G5K'. (OPT-170)
Information: Changed wire load model for 'apparch' from '(none)' to 'G5K'. (OPT-170)
Information: Changed wire load model for 'alt1' from '(none)' to 'G5K'. (OPT-170)
Information: Changed wire load model for 'astr' from '(none)' to 'G5K'. (OPT-170)
  Allocating blocks in 'DW_ifp_addsub_sig_widthi25_exp_widthi8_sig_widtho28_exp_widtho9_use_denormal0_use_1scmpl0'
Information: Changed wire load model for 'alt1' from '(none)' to 'G5K'. (OPT-170)
Information: Changed wire load model for 'astr' from '(none)' to 'G5K'. (OPT-170)
Information: Changed wire load model for 'alt1' from '(none)' to 'G5K'. (OPT-170)
Information: Changed wire load model for 'astr' from '(none)' to 'G5K'. (OPT-170)
Information: Changed wire load model for 'alt1' from '(none)' to 'G5K'. (OPT-170)
Information: Changed wire load model for 'apparch' from '(none)' to 'G5K'. (OPT-170)
Information: Changed wire load model for 'alt1' from '(none)' to 'G5K'. (OPT-170)
Information: Changed wire load model for 'apparch' from '(none)' to 'G5K'. (OPT-170)
Information: Changed wire load model for 'alt1' from '(none)' to 'G5K'. (OPT-170)
Information: Changed wire load model for 'astr' from '(none)' to 'G5K'. (OPT-170)
Information: Changed wire load model for 'alt1' from '(none)' to 'G5K'. (OPT-170)
Information: Changed wire load model for 'apparch' from '(none)' to 'G5K'. (OPT-170)
Information: Changed wire load model for 'alt1' from '(none)' to 'G5K'. (OPT-170)
Information: Changed wire load model for 'astr' from '(none)' to 'G5K'. (OPT-170)
  Allocating blocks in 'DW_fp_ifp_conv_sig_widthi23_exp_widthi8_sig_widtho25_exp_widtho8_use_denormal0_use_1scmpl0'
Information: Changed wire load model for 'alt1' from '(none)' to 'G5K'. (OPT-170)
Information: Changed wire load model for 'astr' from '(none)' to 'G5K'. (OPT-170)
  Allocating blocks in 'DW_lzd_a_width53'
  Allocating blocks in 'DW_lzod_a_width53_detect_10'
Information: Changed wire load model for 'alt1' from '(none)' to 'G5K'. (OPT-170)
Information: Changed wire load model for 'astr' from '(none)' to 'G5K'. (OPT-170)
Information: Changed wire load model for 'alt1' from '(none)' to 'G5K'. (OPT-170)
Information: Changed wire load model for 'astr' from '(none)' to 'G5K'. (OPT-170)
Information: Changed wire load model for 'alt1' from '(none)' to 'G5K'. (OPT-170)
Information: Changed wire load model for 'apparch' from '(none)' to 'G5K'. (OPT-170)
Information: Changed wire load model for 'alt1' from '(none)' to 'G5K'. (OPT-170)
Information: Changed wire load model for 'astr' from '(none)' to 'G5K'. (OPT-170)
Information: Changed wire load model for 'alt1' from '(none)' to 'G5K'. (OPT-170)
Information: Changed wire load model for 'astr' from '(none)' to 'G5K'. (OPT-170)
Information: Changed wire load model for 'alt1' from '(none)' to 'G5K'. (OPT-170)
Information: Changed wire load model for 'apparch' from '(none)' to 'G5K'. (OPT-170)
Information: Changed wire load model for 'alt1' from '(none)' to 'G5K'. (OPT-170)
Information: Changed wire load model for 'apparch' from '(none)' to 'G5K'. (OPT-170)
Information: Changed wire load model for 'alt1' from '(none)' to 'G5K'. (OPT-170)
Information: Changed wire load model for 'astr' from '(none)' to 'G5K'. (OPT-170)
Information: Changed wire load model for 'alt1' from '(none)' to 'G5K'. (OPT-170)
Information: Changed wire load model for 'astr' from '(none)' to 'G5K'. (OPT-170)
Information: Changed wire load model for 'alt1' from '(none)' to 'G5K'. (OPT-170)
Information: Changed wire load model for 'apparch' from '(none)' to 'G5K'. (OPT-170)
Information: Changed wire load model for 'alt1' from '(none)' to 'G5K'. (OPT-170)
Information: Changed wire load model for 'apparch' from '(none)' to 'G5K'. (OPT-170)
Information: Changed wire load model for 'alt1' from '(none)' to 'G5K'. (OPT-170)
Information: Changed wire load model for 'apparch' from '(none)' to 'G5K'. (OPT-170)
Information: Changed wire load model for 'alt1' from '(none)' to 'G5K'. (OPT-170)
Information: Changed wire load model for 'apparch' from '(none)' to 'G5K'. (OPT-170)
Information: Changed wire load model for 'alt1' from '(none)' to 'G5K'. (OPT-170)
Information: Changed wire load model for 'apparch' from '(none)' to 'G5K'. (OPT-170)
Information: Changed wire load model for 'alt1' from '(none)' to 'G5K'. (OPT-170)
Information: Changed wire load model for 'apparch' from '(none)' to 'G5K'. (OPT-170)
Information: Changed wire load model for 'alt1' from '(none)' to 'G5K'. (OPT-170)
Information: Changed wire load model for 'apparch' from '(none)' to 'G5K'. (OPT-170)
  Allocating blocks in 'DW_fp_sum4_sig_width23_exp_width8_ieee_compliance0_arch_type0'
Warning: Dont_touch on net '*cell*95/M_2scompl[0]' may be overridden by compile because it
        is connected to generic logic. Use all_connected to see net
        connections. (OPT-461)
Warning: Dont_touch on net '*cell*95/M_2scompl[1]' may be overridden by compile because it
        is connected to generic logic. Use all_connected to see net
        connections. (OPT-461)
Warning: Dont_touch on net '*cell*95/M_2scompl[2]' may be overridden by compile because it
        is connected to generic logic. Use all_connected to see net
        connections. (OPT-461)
Warning: Dont_touch on net '*cell*95/M_2scompl[3]' may be overridden by compile because it
        is connected to generic logic. Use all_connected to see net
        connections. (OPT-461)
Warning: Dont_touch on net '*cell*95/M_2scompl[4]' may be overridden by compile because it
        is connected to generic logic. Use all_connected to see net
        connections. (OPT-461)
Warning: Dont_touch on net '*cell*95/M_2scompl[5]' may be overridden by compile because it
        is connected to generic logic. Use all_connected to see net
        connections. (OPT-461)
Warning: Dont_touch on net '*cell*95/M_2scompl[6]' may be overridden by compile because it
        is connected to generic logic. Use all_connected to see net
        connections. (OPT-461)
Warning: Dont_touch on net '*cell*95/M_2scompl[7]' may be overridden by compile because it
        is connected to generic logic. Use all_connected to see net
        connections. (OPT-461)
Warning: Dont_touch on net '*cell*95/M_2scompl[8]' may be overridden by compile because it
        is connected to generic logic. Use all_connected to see net
        connections. (OPT-461)
Warning: Dont_touch on net '*cell*95/M_2scompl[9]' may be overridden by compile because it
        is connected to generic logic. Use all_connected to see net
        connections. (OPT-461)
Warning: Dont_touch on net '*cell*95/M_2scompl[10]' may be overridden by compile because it
        is connected to generic logic. Use all_connected to see net
        connections. (OPT-461)
Warning: Dont_touch on net '*cell*95/M_2scompl[11]' may be overridden by compile because it
        is connected to generic logic. Use all_connected to see net
        connections. (OPT-461)
Warning: Dont_touch on net '*cell*95/M_2scompl[12]' may be overridden by compile because it
        is connected to generic logic. Use all_connected to see net
        connections. (OPT-461)
Warning: Dont_touch on net '*cell*95/M_2scompl[13]' may be overridden by compile because it
        is connected to generic logic. Use all_connected to see net
        connections. (OPT-461)
Warning: Dont_touch on net '*cell*95/M_2scompl[14]' may be overridden by compile because it
        is connected to generic logic. Use all_connected to see net
        connections. (OPT-461)
Warning: Dont_touch on net '*cell*95/M_2scompl[15]' may be overridden by compile because it
        is connected to generic logic. Use all_connected to see net
        connections. (OPT-461)
Warning: Dont_touch on net '*cell*95/M_2scompl[16]' may be overridden by compile because it
        is connected to generic logic. Use all_connected to see net
        connections. (OPT-461)
Warning: Dont_touch on net '*cell*95/M_2scompl[17]' may be overridden by compile because it
        is connected to generic logic. Use all_connected to see net
        connections. (OPT-461)
Warning: Dont_touch on net '*cell*95/M_2scompl[18]' may be overridden by compile because it
        is connected to generic logic. Use all_connected to see net
        connections. (OPT-461)
Warning: Dont_touch on net '*cell*95/M_2scompl[19]' may be overridden by compile because it
        is connected to generic logic. Use all_connected to see net
        connections. (OPT-461)
Warning: Dont_touch on net '*cell*95/M_2scompl[20]' may be overridden by compile because it
        is connected to generic logic. Use all_connected to see net
        connections. (OPT-461)
Warning: Dont_touch on net '*cell*95/M_2scompl[21]' may be overridden by compile because it
        is connected to generic logic. Use all_connected to see net
        connections. (OPT-461)
Warning: Dont_touch on net '*cell*95/M_2scompl[22]' may be overridden by compile because it
        is connected to generic logic. Use all_connected to see net
        connections. (OPT-461)
Warning: Dont_touch on net '*cell*95/M_2scompl[23]' may be overridden by compile because it
        is connected to generic logic. Use all_connected to see net
        connections. (OPT-461)
Warning: Dont_touch on net '*cell*95/M_2scompl[24]' may be overridden by compile because it
        is connected to generic logic. Use all_connected to see net
        connections. (OPT-461)
Warning: Dont_touch on net '*cell*95/a[0]' may be overridden by compile because it
        is connected to generic logic. Use all_connected to see net
        connections. (OPT-461)
Warning: Dont_touch on net '*cell*95/a[1]' may be overridden by compile because it
        is connected to generic logic. Use all_connected to see net
        connections. (OPT-461)
Warning: Dont_touch on net '*cell*95/a[2]' may be overridden by compile because it
        is connected to generic logic. Use all_connected to see net
        connections. (OPT-461)
Warning: Dont_touch on net '*cell*95/a[3]' may be overridden by compile because it
        is connected to generic logic. Use all_connected to see net
        connections. (OPT-461)
Warning: Dont_touch on net '*cell*95/a[4]' may be overridden by compile because it
        is connected to generic logic. Use all_connected to see net
        connections. (OPT-461)
Warning: Dont_touch on net '*cell*95/a[5]' may be overridden by compile because it
        is connected to generic logic. Use all_connected to see net
        connections. (OPT-461)
Warning: Dont_touch on net '*cell*95/a[6]' may be overridden by compile because it
        is connected to generic logic. Use all_connected to see net
        connections. (OPT-461)
Warning: Dont_touch on net '*cell*95/a[7]' may be overridden by compile because it
        is connected to generic logic. Use all_connected to see net
        connections. (OPT-461)
Warning: Dont_touch on net '*cell*95/a[8]' may be overridden by compile because it
        is connected to generic logic. Use all_connected to see net
        connections. (OPT-461)
Warning: Dont_touch on net '*cell*95/a[9]' may be overridden by compile because it
        is connected to generic logic. Use all_connected to see net
        connections. (OPT-461)
Warning: Dont_touch on net '*cell*95/a[10]' may be overridden by compile because it
        is connected to generic logic. Use all_connected to see net
        connections. (OPT-461)
Warning: Dont_touch on net '*cell*95/a[11]' may be overridden by compile because it
        is connected to generic logic. Use all_connected to see net
        connections. (OPT-461)
Warning: Dont_touch on net '*cell*95/a[12]' may be overridden by compile because it
        is connected to generic logic. Use all_connected to see net
        connections. (OPT-461)
Warning: Dont_touch on net '*cell*95/a[13]' may be overridden by compile because it
        is connected to generic logic. Use all_connected to see net
        connections. (OPT-461)
Warning: Dont_touch on net '*cell*95/a[14]' may be overridden by compile because it
        is connected to generic logic. Use all_connected to see net
        connections. (OPT-461)
Warning: Dont_touch on net '*cell*95/a[15]' may be overridden by compile because it
        is connected to generic logic. Use all_connected to see net
        connections. (OPT-461)
Warning: Dont_touch on net '*cell*95/a[16]' may be overridden by compile because it
        is connected to generic logic. Use all_connected to see net
        connections. (OPT-461)
Warning: Dont_touch on net '*cell*95/a[17]' may be overridden by compile because it
        is connected to generic logic. Use all_connected to see net
        connections. (OPT-461)
Warning: Dont_touch on net '*cell*95/a[18]' may be overridden by compile because it
        is connected to generic logic. Use all_connected to see net
        connections. (OPT-461)
Warning: Dont_touch on net '*cell*95/a[19]' may be overridden by compile because it
        is connected to generic logic. Use all_connected to see net
        connections. (OPT-461)
Warning: Dont_touch on net '*cell*95/a[20]' may be overridden by compile because it
        is connected to generic logic. Use all_connected to see net
        connections. (OPT-461)
Warning: Dont_touch on net '*cell*95/a[21]' may be overridden by compile because it
        is connected to generic logic. Use all_connected to see net
        connections. (OPT-461)
Warning: Dont_touch on net '*cell*95/a[22]' may be overridden by compile because it
        is connected to generic logic. Use all_connected to see net
        connections. (OPT-461)
Warning: Dont_touch on net '*cell*95/*Logic0*' may be overridden by compile because it
        is connected to generic logic. Use all_connected to see net
        connections. (OPT-461)
Warning: Dont_touch on net '*cell*103/N96' may be overridden by compile because it
        is connected to generic logic. Use all_connected to see net
        connections. (OPT-461)
Warning: Dont_touch on net '*cell*103/N95' may be overridden by compile because it
        is connected to generic logic. Use all_connected to see net
        connections. (OPT-461)
Warning: Dont_touch on net '*cell*103/N94' may be overridden by compile because it
        is connected to generic logic. Use all_connected to see net
        connections. (OPT-461)
Warning: Dont_touch on net '*cell*103/N93' may be overridden by compile because it
        is connected to generic logic. Use all_connected to see net
        connections. (OPT-461)
Warning: Dont_touch on net '*cell*103/N92' may be overridden by compile because it
        is connected to generic logic. Use all_connected to see net
        connections. (OPT-461)
Warning: Dont_touch on net '*cell*103/N91' may be overridden by compile because it
        is connected to generic logic. Use all_connected to see net
        connections. (OPT-461)
Warning: Dont_touch on net '*cell*103/N90' may be overridden by compile because it
        is connected to generic logic. Use all_connected to see net
        connections. (OPT-461)
Warning: Dont_touch on net '*cell*103/N89' may be overridden by compile because it
        is connected to generic logic. Use all_connected to see net
        connections. (OPT-461)
Warning: Dont_touch on net '*cell*103/*Logic0*' may be overridden by compile because it
        is connected to generic logic. Use all_connected to see net
        connections. (OPT-461)
Warning: Dont_touch on net '*cell*107/N104' may be overridden by compile because it
        is connected to generic logic. Use all_connected to see net
        connections. (OPT-461)
Warning: Dont_touch on net '*cell*107/N103' may be overridden by compile because it
        is connected to generic logic. Use all_connected to see net
        connections. (OPT-461)
Warning: Dont_touch on net '*cell*107/N102' may be overridden by compile because it
        is connected to generic logic. Use all_connected to see net
        connections. (OPT-461)
Warning: Dont_touch on net '*cell*107/N101' may be overridden by compile because it
        is connected to generic logic. Use all_connected to see net
        connections. (OPT-461)
Warning: Dont_touch on net '*cell*107/N100' may be overridden by compile because it
        is connected to generic logic. Use all_connected to see net
        connections. (OPT-461)
Warning: Dont_touch on net '*cell*107/N99' may be overridden by compile because it
        is connected to generic logic. Use all_connected to see net
        connections. (OPT-461)
Warning: Dont_touch on net '*cell*107/N98' may be overridden by compile because it
        is connected to generic logic. Use all_connected to see net
        connections. (OPT-461)
Warning: Dont_touch on net '*cell*107/N97' may be overridden by compile because it
        is connected to generic logic. Use all_connected to see net
        connections. (OPT-461)
Warning: Dont_touch on net '*cell*107/N96' may be overridden by compile because it
        is connected to generic logic. Use all_connected to see net
        connections. (OPT-461)
Warning: Dont_touch on net '*cell*107/*Logic0*' may be overridden by compile because it
        is connected to generic logic. Use all_connected to see net
        connections. (OPT-461)
Warning: Dont_touch on net '*cell*109/*Logic0*' may be overridden by compile because it
        is connected to generic logic. Use all_connected to see net
        connections. (OPT-461)
  Allocating blocks in 'DW_lzd_a_width29'
  Allocating blocks in 'DW_lzod_a_width29_detect_10'
  Allocating blocks in 'DW_ifp_fp_conv_sig_widthi51_exp_widthi10_sig_width23_exp_width8_use_denormal0'
Information: Changed wire load model for 'alt1' from '(none)' to 'G5K'. (OPT-170)
Information: Changed wire load model for 'apparch' from '(none)' to 'G5K'. (OPT-170)
Information: Changed wire load model for 'alt1' from '(none)' to 'G5K'. (OPT-170)
Information: Changed wire load model for 'apparch' from '(none)' to 'G5K'. (OPT-170)
Information: Changed wire load model for 'alt1' from '(none)' to 'G5K'. (OPT-170)
Information: Changed wire load model for 'astr' from '(none)' to 'G5K'. (OPT-170)
  Allocating blocks in 'DW_lzd_a_width52'
  Allocating blocks in 'DW_lzod_a_width52_detect_10'
Information: Changed wire load model for 'alt1' from '(none)' to 'G5K'. (OPT-170)
Information: Changed wire load model for 'astr' from '(none)' to 'G5K'. (OPT-170)
Information: Changed wire load model for 'alt1' from '(none)' to 'G5K'. (OPT-170)
Information: Changed wire load model for 'apparch' from '(none)' to 'G5K'. (OPT-170)
Information: Changed wire load model for 'alt1' from '(none)' to 'G5K'. (OPT-170)
Information: Changed wire load model for 'apparch' from '(none)' to 'G5K'. (OPT-170)
  Allocating blocks in 'DW_ifp_addsub_sig_widthi28_exp_widthi9_sig_widtho51_exp_widtho10_use_denormal0_use_1scmpl0'
Information: Changed wire load model for 'alt1' from '(none)' to 'G5K'. (OPT-170)
Information: Changed wire load model for 'astr' from '(none)' to 'G5K'. (OPT-170)
Information: Changed wire load model for 'alt1' from '(none)' to 'G5K'. (OPT-170)
Information: Changed wire load model for 'astr' from '(none)' to 'G5K'. (OPT-170)
Information: Changed wire load model for 'alt1' from '(none)' to 'G5K'. (OPT-170)
Information: Changed wire load model for 'apparch' from '(none)' to 'G5K'. (OPT-170)
Information: Changed wire load model for 'alt1' from '(none)' to 'G5K'. (OPT-170)
Information: Changed wire load model for 'apparch' from '(none)' to 'G5K'. (OPT-170)
Information: Changed wire load model for 'alt1' from '(none)' to 'G5K'. (OPT-170)
Information: Changed wire load model for 'astr' from '(none)' to 'G5K'. (OPT-170)
  Allocating blocks in 'DW_ifp_addsub_sig_widthi25_exp_widthi8_sig_widtho28_exp_widtho9_use_denormal0_use_1scmpl0'
Information: Changed wire load model for 'alt1' from '(none)' to 'G5K'. (OPT-170)
Information: Changed wire load model for 'astr' from '(none)' to 'G5K'. (OPT-170)
Information: Changed wire load model for 'alt1' from '(none)' to 'G5K'. (OPT-170)
Information: Changed wire load model for 'astr' from '(none)' to 'G5K'. (OPT-170)
Information: Changed wire load model for 'alt1' from '(none)' to 'G5K'. (OPT-170)
Information: Changed wire load model for 'apparch' from '(none)' to 'G5K'. (OPT-170)
Information: Changed wire load model for 'alt1' from '(none)' to 'G5K'. (OPT-170)
Information: Changed wire load model for 'apparch' from '(none)' to 'G5K'. (OPT-170)
Information: Changed wire load model for 'alt1' from '(none)' to 'G5K'. (OPT-170)
Information: Changed wire load model for 'astr' from '(none)' to 'G5K'. (OPT-170)
Information: Changed wire load model for 'alt1' from '(none)' to 'G5K'. (OPT-170)
Information: Changed wire load model for 'apparch' from '(none)' to 'G5K'. (OPT-170)
Information: Changed wire load model for 'alt1' from '(none)' to 'G5K'. (OPT-170)
Information: Changed wire load model for 'astr' from '(none)' to 'G5K'. (OPT-170)
  Allocating blocks in 'DW_fp_ifp_conv_sig_widthi23_exp_widthi8_sig_widtho25_exp_widtho8_use_denormal0_use_1scmpl0'
Information: Changed wire load model for 'alt1' from '(none)' to 'G5K'. (OPT-170)
Information: Changed wire load model for 'astr' from '(none)' to 'G5K'. (OPT-170)
  Allocating blocks in 'DW_lzd_a_width53'
  Allocating blocks in 'DW_lzod_a_width53_detect_10'
Information: Changed wire load model for 'alt1' from '(none)' to 'G5K'. (OPT-170)
Information: Changed wire load model for 'astr' from '(none)' to 'G5K'. (OPT-170)
Information: Changed wire load model for 'alt1' from '(none)' to 'G5K'. (OPT-170)
Information: Changed wire load model for 'astr' from '(none)' to 'G5K'. (OPT-170)
Information: Changed wire load model for 'alt1' from '(none)' to 'G5K'. (OPT-170)
Information: Changed wire load model for 'apparch' from '(none)' to 'G5K'. (OPT-170)
Information: Changed wire load model for 'alt1' from '(none)' to 'G5K'. (OPT-170)
Information: Changed wire load model for 'astr' from '(none)' to 'G5K'. (OPT-170)
Information: Changed wire load model for 'alt1' from '(none)' to 'G5K'. (OPT-170)
Information: Changed wire load model for 'astr' from '(none)' to 'G5K'. (OPT-170)
Information: Changed wire load model for 'alt1' from '(none)' to 'G5K'. (OPT-170)
Information: Changed wire load model for 'apparch' from '(none)' to 'G5K'. (OPT-170)
Information: Changed wire load model for 'alt1' from '(none)' to 'G5K'. (OPT-170)
Information: Changed wire load model for 'apparch' from '(none)' to 'G5K'. (OPT-170)
Information: Changed wire load model for 'alt1' from '(none)' to 'G5K'. (OPT-170)
Information: Changed wire load model for 'astr' from '(none)' to 'G5K'. (OPT-170)
Information: Changed wire load model for 'alt1' from '(none)' to 'G5K'. (OPT-170)
Information: Changed wire load model for 'astr' from '(none)' to 'G5K'. (OPT-170)
Information: Changed wire load model for 'alt1' from '(none)' to 'G5K'. (OPT-170)
Information: Changed wire load model for 'apparch' from '(none)' to 'G5K'. (OPT-170)
Information: Changed wire load model for 'alt1' from '(none)' to 'G5K'. (OPT-170)
Information: Changed wire load model for 'apparch' from '(none)' to 'G5K'. (OPT-170)
Information: Changed wire load model for 'alt1' from '(none)' to 'G5K'. (OPT-170)
Information: Changed wire load model for 'apparch' from '(none)' to 'G5K'. (OPT-170)
Information: Changed wire load model for 'alt1' from '(none)' to 'G5K'. (OPT-170)
Information: Changed wire load model for 'apparch' from '(none)' to 'G5K'. (OPT-170)
Information: Changed wire load model for 'alt1' from '(none)' to 'G5K'. (OPT-170)
Information: Changed wire load model for 'apparch' from '(none)' to 'G5K'. (OPT-170)
Information: Changed wire load model for 'alt1' from '(none)' to 'G5K'. (OPT-170)
Information: Changed wire load model for 'apparch' from '(none)' to 'G5K'. (OPT-170)
Information: Changed wire load model for 'alt1' from '(none)' to 'G5K'. (OPT-170)
Information: Changed wire load model for 'apparch' from '(none)' to 'G5K'. (OPT-170)
  Allocating blocks in 'DW_fp_cmp_sig_width23_exp_width8_ieee_compliance0'
Information: Changed wire load model for 'alt1' from '(none)' to 'G5K'. (OPT-170)
Information: Changed wire load model for 'apparch' from '(none)' to 'G5K'. (OPT-170)
Information: Changed wire load model for 'alt1' from '(none)' to 'G5K'. (OPT-170)
Information: Changed wire load model for 'apparch' from '(none)' to 'G5K'. (OPT-170)
Information: Changed wire load model for 'alt1' from '(none)' to 'G5K'. (OPT-170)
Information: Changed wire load model for 'apparch' from '(none)' to 'G5K'. (OPT-170)
Information: Changed wire load model for 'alt1' from '(none)' to 'G5K'. (OPT-170)
Information: Changed wire load model for 'apparch' from '(none)' to 'G5K'. (OPT-170)
  Allocating blocks in 'DW_fp_exp_sig_width23_exp_width8_ieee_compliance0_arch0'
Information: Changed wire load model for 'alt1' from '(none)' to 'G5K'. (OPT-170)
Information: Changed wire load model for 'astr' from '(none)' to 'G5K'. (OPT-170)
  Allocating blocks in 'DW_exp2_op_width26_arch0_err_range1'
Information: Changed wire load model for 'alt1' from '(none)' to 'G5K'. (OPT-170)
Information: Changed wire load model for 'apparch' from '(none)' to 'G5K'. (OPT-170)
Information: Changed wire load model for 'alt1' from '(none)' to 'G5K'. (OPT-170)
Information: Changed wire load model for 'apparch' from '(none)' to 'G5K'. (OPT-170)
Information: Changed wire load model for 'alt1' from '(none)' to 'G5K'. (OPT-170)
Information: Changed wire load model for 'apparch' from '(none)' to 'G5K'. (OPT-170)
Information: Changed wire load model for 'alt1' from '(none)' to 'G5K'. (OPT-170)
Information: Changed wire load model for 'apparch' from '(none)' to 'G5K'. (OPT-170)
Information: Changed wire load model for 'alt1' from '(none)' to 'G5K'. (OPT-170)
Information: Changed wire load model for 'astr' from '(none)' to 'G5K'. (OPT-170)
Information: Changed wire load model for 'alt1' from '(none)' to 'G5K'. (OPT-170)
Information: Changed wire load model for 'apparch' from '(none)' to 'G5K'. (OPT-170)
Information: Changed wire load model for 'alt1' from '(none)' to 'G5K'. (OPT-170)
Information: Changed wire load model for 'apparch' from '(none)' to 'G5K'. (OPT-170)
  Allocating blocks in 'DW_fp_add_sig_width23_exp_width8_ieee_compliance0'
Warning: Dont_touch on net '*cell*6/*Logic0*' may be overridden by compile because it
        is connected to generic logic. Use all_connected to see net
        connections. (OPT-461)
  Allocating blocks in 'DW_fp_addsub_sig_width23_exp_width8_ieee_compliance0'
Information: Changed wire load model for 'alt1' from '(none)' to 'G5K'. (OPT-170)
Information: Changed wire load model for 'astr' from '(none)' to 'G5K'. (OPT-170)
  Allocating blocks in 'DW_lzd_a_width27'
  Allocating blocks in 'DW_lzod_a_width27_detect_10'
Information: Changed wire load model for 'alt1' from '(none)' to 'G5K'. (OPT-170)
Information: Changed wire load model for 'astr' from '(none)' to 'G5K'. (OPT-170)
Information: Changed wire load model for 'alt1' from '(none)' to 'G5K'. (OPT-170)
Information: Changed wire load model for 'astr' from '(none)' to 'G5K'. (OPT-170)
Information: Changed wire load model for 'alt1' from '(none)' to 'G5K'. (OPT-170)
Information: Changed wire load model for 'apparch' from '(none)' to 'G5K'. (OPT-170)
Information: Changed wire load model for 'alt1' from '(none)' to 'G5K'. (OPT-170)
Information: Changed wire load model for 'apparch' from '(none)' to 'G5K'. (OPT-170)
Information: Changed wire load model for 'alt1' from '(none)' to 'G5K'. (OPT-170)
Information: Changed wire load model for 'astr' from '(none)' to 'G5K'. (OPT-170)
Information: Changed wire load model for 'alt1' from '(none)' to 'G5K'. (OPT-170)
Information: Changed wire load model for 'astr' from '(none)' to 'G5K'. (OPT-170)
  Allocating blocks in 'DW_fp_recip_sig_width23_exp_width8_ieee_compliance0_faithful_round0'
  Allocating blocks in 'DW_lzd_a_width3'
  Allocating blocks in 'DW_lzod_a_width3_detect_10'
Information: Changed wire load model for 'alt1' from '(none)' to 'G5K'. (OPT-170)
Information: Changed wire load model for 'apparch' from '(none)' to 'G5K'. (OPT-170)
Information: Changed wire load model for 'alt1' from '(none)' to 'G5K'. (OPT-170)
Information: Changed wire load model for 'apparch' from '(none)' to 'G5K'. (OPT-170)
Information: Changed wire load model for 'alt1' from '(none)' to 'G5K'. (OPT-170)
Information: Changed wire load model for 'apparch' from '(none)' to 'G5K'. (OPT-170)
Information: Changed wire load model for 'alt1' from '(none)' to 'G5K'. (OPT-170)
Information: Changed wire load model for 'apparch' from '(none)' to 'G5K'. (OPT-170)
Information: Changed wire load model for 'alt1' from '(none)' to 'G5K'. (OPT-170)
Information: Changed wire load model for 'apparch' from '(none)' to 'G5K'. (OPT-170)
Information: Changed wire load model for 'alt1' from '(none)' to 'G5K'. (OPT-170)
Information: Changed wire load model for 'apparch' from '(none)' to 'G5K'. (OPT-170)
Information: Changed wire load model for 'alt1' from '(none)' to 'G5K'. (OPT-170)
Information: Changed wire load model for 'apparch' from '(none)' to 'G5K'. (OPT-170)
  Allocating blocks in 'DW_fp_sub_sig_width23_exp_width8_ieee_compliance0'
Warning: Dont_touch on net '*cell*6/*Logic0*' may be overridden by compile because it
        is connected to generic logic. Use all_connected to see net
        connections. (OPT-461)
  Allocating blocks in 'DW_fp_addsub_sig_width23_exp_width8_ieee_compliance0'
Information: Changed wire load model for 'alt1' from '(none)' to 'G5K'. (OPT-170)
Information: Changed wire load model for 'astr' from '(none)' to 'G5K'. (OPT-170)
  Allocating blocks in 'DW_lzd_a_width27'
  Allocating blocks in 'DW_lzod_a_width27_detect_10'
Information: Changed wire load model for 'alt1' from '(none)' to 'G5K'. (OPT-170)
Information: Changed wire load model for 'astr' from '(none)' to 'G5K'. (OPT-170)
Information: Changed wire load model for 'alt1' from '(none)' to 'G5K'. (OPT-170)
Information: Changed wire load model for 'astr' from '(none)' to 'G5K'. (OPT-170)
Information: Changed wire load model for 'alt1' from '(none)' to 'G5K'. (OPT-170)
Information: Changed wire load model for 'apparch' from '(none)' to 'G5K'. (OPT-170)
Information: Changed wire load model for 'alt1' from '(none)' to 'G5K'. (OPT-170)
Information: Changed wire load model for 'apparch' from '(none)' to 'G5K'. (OPT-170)
Information: Changed wire load model for 'alt1' from '(none)' to 'G5K'. (OPT-170)
Information: Changed wire load model for 'astr' from '(none)' to 'G5K'. (OPT-170)
Information: Changed wire load model for 'alt1' from '(none)' to 'G5K'. (OPT-170)
Information: Changed wire load model for 'astr' from '(none)' to 'G5K'. (OPT-170)
Information: Changed wire load model for 'alt1' from '(none)' to 'G5K'. (OPT-170)
Information: Changed wire load model for 'apparch' from '(none)' to 'G5K'. (OPT-170)
Information: Changed wire load model for 'alt1' from '(none)' to 'G5K'. (OPT-170)
Information: Changed wire load model for 'apparch' from '(none)' to 'G5K'. (OPT-170)
  Allocating blocks in 'DW_fp_mult_sig_width23_exp_width8_ieee_compliance0'
  Allocating blocks in 'DW_lzd_a_width24'
  Allocating blocks in 'DW_lzod_a_width24_detect_10'
Information: Changed wire load model for 'alt1' from '(none)' to 'G5K'. (OPT-170)
Information: Changed wire load model for 'apparch' from '(none)' to 'G5K'. (OPT-170)
Information: Changed wire load model for 'alt1' from '(none)' to 'G5K'. (OPT-170)
Information: Changed wire load model for 'apparch' from '(none)' to 'G5K'. (OPT-170)
Information: Changed wire load model for 'alt1' from '(none)' to 'G5K'. (OPT-170)
Information: Changed wire load model for 'apparch' from '(none)' to 'G5K'. (OPT-170)
Information: Changed wire load model for 'alt1' from '(none)' to 'G5K'. (OPT-170)
Information: Changed wire load model for 'apparch' from '(none)' to 'G5K'. (OPT-170)
Information: Changed wire load model for 'alt1' from '(none)' to 'G5K'. (OPT-170)
Information: Changed wire load model for 'apparch' from '(none)' to 'G5K'. (OPT-170)
Information: Changed wire load model for 'alt1' from '(none)' to 'G5K'. (OPT-170)
Information: Changed wire load model for 'apparch' from '(none)' to 'G5K'. (OPT-170)
Information: Changed wire load model for 'alt1' from '(none)' to 'G5K'. (OPT-170)
Information: Changed wire load model for 'apparch' from '(none)' to 'G5K'. (OPT-170)
Information: Changed wire load model for 'alt1' from '(none)' to 'G5K'. (OPT-170)
Information: Changed wire load model for 'apparch' from '(none)' to 'G5K'. (OPT-170)
Information: Changed wire load model for 'alt1' from '(none)' to 'G5K'. (OPT-170)
Information: Changed wire load model for 'apparch' from '(none)' to 'G5K'. (OPT-170)
  Allocating blocks in 'DW_fp_mult_sig_width23_exp_width8_ieee_compliance0'
  Allocating blocks in 'DW_lzd_a_width24'
  Allocating blocks in 'DW_lzod_a_width24_detect_10'
Information: Changed wire load model for 'alt1' from '(none)' to 'G5K'. (OPT-170)
Information: Changed wire load model for 'apparch' from '(none)' to 'G5K'. (OPT-170)
Information: Changed wire load model for 'alt1' from '(none)' to 'G5K'. (OPT-170)
Information: Changed wire load model for 'apparch' from '(none)' to 'G5K'. (OPT-170)
Information: Changed wire load model for 'alt1' from '(none)' to 'G5K'. (OPT-170)
Information: Changed wire load model for 'apparch' from '(none)' to 'G5K'. (OPT-170)
Information: Changed wire load model for 'alt1' from '(none)' to 'G5K'. (OPT-170)
Information: Changed wire load model for 'apparch' from '(none)' to 'G5K'. (OPT-170)
Information: Changed wire load model for 'alt1' from '(none)' to 'G5K'. (OPT-170)
Information: Changed wire load model for 'apparch' from '(none)' to 'G5K'. (OPT-170)
Information: Changed wire load model for 'alt1' from '(none)' to 'G5K'. (OPT-170)
Information: Changed wire load model for 'apparch' from '(none)' to 'G5K'. (OPT-170)
Information: Changed wire load model for 'alt1' from '(none)' to 'G5K'. (OPT-170)
Information: Changed wire load model for 'apparch' from '(none)' to 'G5K'. (OPT-170)
Information: Changed wire load model for 'alt1' from '(none)' to 'G5K'. (OPT-170)
Information: Changed wire load model for 'apparch' from '(none)' to 'G5K'. (OPT-170)
Information: Changed wire load model for 'alt1' from '(none)' to 'G5K'. (OPT-170)
Information: Changed wire load model for 'apparch' from '(none)' to 'G5K'. (OPT-170)
  Allocating blocks in 'DW_fp_mult_sig_width23_exp_width8_ieee_compliance0'
  Allocating blocks in 'DW_lzd_a_width24'
  Allocating blocks in 'DW_lzod_a_width24_detect_10'
Information: Changed wire load model for 'alt1' from '(none)' to 'G5K'. (OPT-170)
Information: Changed wire load model for 'apparch' from '(none)' to 'G5K'. (OPT-170)
Information: Changed wire load model for 'alt1' from '(none)' to 'G5K'. (OPT-170)
Information: Changed wire load model for 'apparch' from '(none)' to 'G5K'. (OPT-170)
Information: Changed wire load model for 'alt1' from '(none)' to 'G5K'. (OPT-170)
Information: Changed wire load model for 'apparch' from '(none)' to 'G5K'. (OPT-170)
Information: Changed wire load model for 'alt1' from '(none)' to 'G5K'. (OPT-170)
Information: Changed wire load model for 'apparch' from '(none)' to 'G5K'. (OPT-170)
Information: Changed wire load model for 'alt1' from '(none)' to 'G5K'. (OPT-170)
Information: Changed wire load model for 'apparch' from '(none)' to 'G5K'. (OPT-170)
Information: Changed wire load model for 'alt1' from '(none)' to 'G5K'. (OPT-170)
Information: Changed wire load model for 'apparch' from '(none)' to 'G5K'. (OPT-170)
Information: Changed wire load model for 'alt1' from '(none)' to 'G5K'. (OPT-170)
Information: Changed wire load model for 'apparch' from '(none)' to 'G5K'. (OPT-170)
Information: Changed wire load model for 'alt1' from '(none)' to 'G5K'. (OPT-170)
Information: Changed wire load model for 'apparch' from '(none)' to 'G5K'. (OPT-170)
Information: Changed wire load model for 'alt1' from '(none)' to 'G5K'. (OPT-170)
Information: Changed wire load model for 'apparch' from '(none)' to 'G5K'. (OPT-170)
  Allocating blocks in 'DW_fp_mult_sig_width23_exp_width8_ieee_compliance0'
  Allocating blocks in 'DW_lzd_a_width24'
  Allocating blocks in 'DW_lzod_a_width24_detect_10'
Information: Changed wire load model for 'alt1' from '(none)' to 'G5K'. (OPT-170)
Information: Changed wire load model for 'apparch' from '(none)' to 'G5K'. (OPT-170)
Information: Changed wire load model for 'alt1' from '(none)' to 'G5K'. (OPT-170)
Information: Changed wire load model for 'apparch' from '(none)' to 'G5K'. (OPT-170)
Information: Changed wire load model for 'alt1' from '(none)' to 'G5K'. (OPT-170)
Information: Changed wire load model for 'apparch' from '(none)' to 'G5K'. (OPT-170)
Information: Changed wire load model for 'alt1' from '(none)' to 'G5K'. (OPT-170)
Information: Changed wire load model for 'apparch' from '(none)' to 'G5K'. (OPT-170)
Information: Changed wire load model for 'alt1' from '(none)' to 'G5K'. (OPT-170)
Information: Changed wire load model for 'apparch' from '(none)' to 'G5K'. (OPT-170)
Information: Changed wire load model for 'alt1' from '(none)' to 'G5K'. (OPT-170)
Information: Changed wire load model for 'apparch' from '(none)' to 'G5K'. (OPT-170)
Information: Changed wire load model for 'alt1' from '(none)' to 'G5K'. (OPT-170)
Information: Changed wire load model for 'apparch' from '(none)' to 'G5K'. (OPT-170)
Information: Changed wire load model for 'alt1' from '(none)' to 'G5K'. (OPT-170)
Information: Changed wire load model for 'apparch' from '(none)' to 'G5K'. (OPT-170)
Information: Changed wire load model for 'alt1' from '(none)' to 'G5K'. (OPT-170)
Information: Changed wire load model for 'apparch' from '(none)' to 'G5K'. (OPT-170)
  Allocating blocks in 'DW_fp_mult_sig_width23_exp_width8_ieee_compliance0'
  Allocating blocks in 'DW_lzd_a_width24'
  Allocating blocks in 'DW_lzod_a_width24_detect_10'
Information: Changed wire load model for 'alt1' from '(none)' to 'G5K'. (OPT-170)
Information: Changed wire load model for 'apparch' from '(none)' to 'G5K'. (OPT-170)
Information: Changed wire load model for 'alt1' from '(none)' to 'G5K'. (OPT-170)
Information: Changed wire load model for 'apparch' from '(none)' to 'G5K'. (OPT-170)
Information: Changed wire load model for 'alt1' from '(none)' to 'G5K'. (OPT-170)
Information: Changed wire load model for 'apparch' from '(none)' to 'G5K'. (OPT-170)
Information: Changed wire load model for 'alt1' from '(none)' to 'G5K'. (OPT-170)
Information: Changed wire load model for 'apparch' from '(none)' to 'G5K'. (OPT-170)
Information: Changed wire load model for 'alt1' from '(none)' to 'G5K'. (OPT-170)
Information: Changed wire load model for 'apparch' from '(none)' to 'G5K'. (OPT-170)
Information: Changed wire load model for 'alt1' from '(none)' to 'G5K'. (OPT-170)
Information: Changed wire load model for 'apparch' from '(none)' to 'G5K'. (OPT-170)
Information: Changed wire load model for 'alt1' from '(none)' to 'G5K'. (OPT-170)
Information: Changed wire load model for 'apparch' from '(none)' to 'G5K'. (OPT-170)
Information: Changed wire load model for 'alt1' from '(none)' to 'G5K'. (OPT-170)
Information: Changed wire load model for 'apparch' from '(none)' to 'G5K'. (OPT-170)
Information: Changed wire load model for 'alt1' from '(none)' to 'G5K'. (OPT-170)
Information: Changed wire load model for 'apparch' from '(none)' to 'G5K'. (OPT-170)
  Allocating blocks in 'DW_fp_mult_sig_width23_exp_width8_ieee_compliance0'
  Allocating blocks in 'DW_lzd_a_width24'
  Allocating blocks in 'DW_lzod_a_width24_detect_10'
Information: Changed wire load model for 'alt1' from '(none)' to 'G5K'. (OPT-170)
Information: Changed wire load model for 'apparch' from '(none)' to 'G5K'. (OPT-170)
Information: Changed wire load model for 'alt1' from '(none)' to 'G5K'. (OPT-170)
Information: Changed wire load model for 'apparch' from '(none)' to 'G5K'. (OPT-170)
Information: Changed wire load model for 'alt1' from '(none)' to 'G5K'. (OPT-170)
Information: Changed wire load model for 'apparch' from '(none)' to 'G5K'. (OPT-170)
Information: Changed wire load model for 'alt1' from '(none)' to 'G5K'. (OPT-170)
Information: Changed wire load model for 'apparch' from '(none)' to 'G5K'. (OPT-170)
Information: Changed wire load model for 'alt1' from '(none)' to 'G5K'. (OPT-170)
Information: Changed wire load model for 'apparch' from '(none)' to 'G5K'. (OPT-170)
Information: Changed wire load model for 'alt1' from '(none)' to 'G5K'. (OPT-170)
Information: Changed wire load model for 'apparch' from '(none)' to 'G5K'. (OPT-170)
Information: Changed wire load model for 'alt1' from '(none)' to 'G5K'. (OPT-170)
Information: Changed wire load model for 'apparch' from '(none)' to 'G5K'. (OPT-170)
Information: Changed wire load model for 'alt1' from '(none)' to 'G5K'. (OPT-170)
Information: Changed wire load model for 'apparch' from '(none)' to 'G5K'. (OPT-170)
Information: Changed wire load model for 'alt1' from '(none)' to 'G5K'. (OPT-170)
Information: Changed wire load model for 'apparch' from '(none)' to 'G5K'. (OPT-170)
  Allocating blocks in 'DW_fp_mult_sig_width23_exp_width8_ieee_compliance0'
  Allocating blocks in 'DW_lzd_a_width24'
  Allocating blocks in 'DW_lzod_a_width24_detect_10'
Information: Changed wire load model for 'alt1' from '(none)' to 'G5K'. (OPT-170)
Information: Changed wire load model for 'apparch' from '(none)' to 'G5K'. (OPT-170)
Information: Changed wire load model for 'alt1' from '(none)' to 'G5K'. (OPT-170)
Information: Changed wire load model for 'apparch' from '(none)' to 'G5K'. (OPT-170)
Information: Changed wire load model for 'alt1' from '(none)' to 'G5K'. (OPT-170)
Information: Changed wire load model for 'apparch' from '(none)' to 'G5K'. (OPT-170)
Information: Changed wire load model for 'alt1' from '(none)' to 'G5K'. (OPT-170)
Information: Changed wire load model for 'apparch' from '(none)' to 'G5K'. (OPT-170)
Information: Changed wire load model for 'alt1' from '(none)' to 'G5K'. (OPT-170)
Information: Changed wire load model for 'apparch' from '(none)' to 'G5K'. (OPT-170)
Information: Changed wire load model for 'alt1' from '(none)' to 'G5K'. (OPT-170)
Information: Changed wire load model for 'apparch' from '(none)' to 'G5K'. (OPT-170)
Information: Changed wire load model for 'alt1' from '(none)' to 'G5K'. (OPT-170)
Information: Changed wire load model for 'apparch' from '(none)' to 'G5K'. (OPT-170)
Information: Changed wire load model for 'alt1' from '(none)' to 'G5K'. (OPT-170)
Information: Changed wire load model for 'apparch' from '(none)' to 'G5K'. (OPT-170)
Information: Changed wire load model for 'alt1' from '(none)' to 'G5K'. (OPT-170)
Information: Changed wire load model for 'apparch' from '(none)' to 'G5K'. (OPT-170)
  Allocating blocks in 'DW_fp_mult_sig_width23_exp_width8_ieee_compliance0'
  Allocating blocks in 'DW_lzd_a_width24'
  Allocating blocks in 'DW_lzod_a_width24_detect_10'
Information: Changed wire load model for 'alt1' from '(none)' to 'G5K'. (OPT-170)
Information: Changed wire load model for 'apparch' from '(none)' to 'G5K'. (OPT-170)
Information: Changed wire load model for 'alt1' from '(none)' to 'G5K'. (OPT-170)
Information: Changed wire load model for 'apparch' from '(none)' to 'G5K'. (OPT-170)
Information: Changed wire load model for 'alt1' from '(none)' to 'G5K'. (OPT-170)
Information: Changed wire load model for 'apparch' from '(none)' to 'G5K'. (OPT-170)
Information: Changed wire load model for 'alt1' from '(none)' to 'G5K'. (OPT-170)
Information: Changed wire load model for 'apparch' from '(none)' to 'G5K'. (OPT-170)
Information: Changed wire load model for 'alt1' from '(none)' to 'G5K'. (OPT-170)
Information: Changed wire load model for 'apparch' from '(none)' to 'G5K'. (OPT-170)
Information: Changed wire load model for 'alt1' from '(none)' to 'G5K'. (OPT-170)
Information: Changed wire load model for 'apparch' from '(none)' to 'G5K'. (OPT-170)
Information: Changed wire load model for 'alt1' from '(none)' to 'G5K'. (OPT-170)
Information: Changed wire load model for 'apparch' from '(none)' to 'G5K'. (OPT-170)
Information: Changed wire load model for 'alt1' from '(none)' to 'G5K'. (OPT-170)
Information: Changed wire load model for 'apparch' from '(none)' to 'G5K'. (OPT-170)
Information: Changed wire load model for 'alt1' from '(none)' to 'G5K'. (OPT-170)
Information: Changed wire load model for 'apparch' from '(none)' to 'G5K'. (OPT-170)
  Allocating blocks in 'DW_fp_mult_sig_width23_exp_width8_ieee_compliance0'
  Allocating blocks in 'DW_lzd_a_width24'
  Allocating blocks in 'DW_lzod_a_width24_detect_10'
Information: Changed wire load model for 'alt1' from '(none)' to 'G5K'. (OPT-170)
Information: Changed wire load model for 'apparch' from '(none)' to 'G5K'. (OPT-170)
Information: Changed wire load model for 'alt1' from '(none)' to 'G5K'. (OPT-170)
Information: Changed wire load model for 'apparch' from '(none)' to 'G5K'. (OPT-170)
Information: Changed wire load model for 'alt1' from '(none)' to 'G5K'. (OPT-170)
Information: Changed wire load model for 'apparch' from '(none)' to 'G5K'. (OPT-170)
Information: Changed wire load model for 'alt1' from '(none)' to 'G5K'. (OPT-170)
Information: Changed wire load model for 'apparch' from '(none)' to 'G5K'. (OPT-170)
Information: Changed wire load model for 'alt1' from '(none)' to 'G5K'. (OPT-170)
Information: Changed wire load model for 'apparch' from '(none)' to 'G5K'. (OPT-170)
Information: Changed wire load model for 'alt1' from '(none)' to 'G5K'. (OPT-170)
Information: Changed wire load model for 'apparch' from '(none)' to 'G5K'. (OPT-170)
Information: Changed wire load model for 'alt1' from '(none)' to 'G5K'. (OPT-170)
Information: Changed wire load model for 'apparch' from '(none)' to 'G5K'. (OPT-170)
Information: Changed wire load model for 'alt1' from '(none)' to 'G5K'. (OPT-170)
Information: Changed wire load model for 'apparch' from '(none)' to 'G5K'. (OPT-170)
Information: Changed wire load model for 'alt1' from '(none)' to 'G5K'. (OPT-170)
Information: Changed wire load model for 'apparch' from '(none)' to 'G5K'. (OPT-170)
  Allocating blocks in 'DW_fp_mult_sig_width23_exp_width8_ieee_compliance0'
  Allocating blocks in 'DW_lzd_a_width24'
  Allocating blocks in 'DW_lzod_a_width24_detect_10'
Information: Changed wire load model for 'alt1' from '(none)' to 'G5K'. (OPT-170)
Information: Changed wire load model for 'apparch' from '(none)' to 'G5K'. (OPT-170)
Information: Changed wire load model for 'alt1' from '(none)' to 'G5K'. (OPT-170)
Information: Changed wire load model for 'apparch' from '(none)' to 'G5K'. (OPT-170)
Information: Changed wire load model for 'alt1' from '(none)' to 'G5K'. (OPT-170)
Information: Changed wire load model for 'apparch' from '(none)' to 'G5K'. (OPT-170)
Information: Changed wire load model for 'alt1' from '(none)' to 'G5K'. (OPT-170)
Information: Changed wire load model for 'apparch' from '(none)' to 'G5K'. (OPT-170)
Information: Changed wire load model for 'alt1' from '(none)' to 'G5K'. (OPT-170)
Information: Changed wire load model for 'apparch' from '(none)' to 'G5K'. (OPT-170)
Information: Changed wire load model for 'alt1' from '(none)' to 'G5K'. (OPT-170)
Information: Changed wire load model for 'apparch' from '(none)' to 'G5K'. (OPT-170)
Information: Changed wire load model for 'alt1' from '(none)' to 'G5K'. (OPT-170)
Information: Changed wire load model for 'apparch' from '(none)' to 'G5K'. (OPT-170)
Information: Changed wire load model for 'alt1' from '(none)' to 'G5K'. (OPT-170)
Information: Changed wire load model for 'apparch' from '(none)' to 'G5K'. (OPT-170)
Information: Changed wire load model for 'alt1' from '(none)' to 'G5K'. (OPT-170)
Information: Changed wire load model for 'apparch' from '(none)' to 'G5K'. (OPT-170)
  Allocating blocks in 'DW_fp_mult_sig_width23_exp_width8_ieee_compliance0'
  Allocating blocks in 'DW_lzd_a_width24'
  Allocating blocks in 'DW_lzod_a_width24_detect_10'
Information: Changed wire load model for 'alt1' from '(none)' to 'G5K'. (OPT-170)
Information: Changed wire load model for 'apparch' from '(none)' to 'G5K'. (OPT-170)
Information: Changed wire load model for 'alt1' from '(none)' to 'G5K'. (OPT-170)
Information: Changed wire load model for 'apparch' from '(none)' to 'G5K'. (OPT-170)
Information: Changed wire load model for 'alt1' from '(none)' to 'G5K'. (OPT-170)
Information: Changed wire load model for 'apparch' from '(none)' to 'G5K'. (OPT-170)
Information: Changed wire load model for 'alt1' from '(none)' to 'G5K'. (OPT-170)
Information: Changed wire load model for 'apparch' from '(none)' to 'G5K'. (OPT-170)
Information: Changed wire load model for 'alt1' from '(none)' to 'G5K'. (OPT-170)
Information: Changed wire load model for 'apparch' from '(none)' to 'G5K'. (OPT-170)
Information: Changed wire load model for 'alt1' from '(none)' to 'G5K'. (OPT-170)
Information: Changed wire load model for 'apparch' from '(none)' to 'G5K'. (OPT-170)
Information: Changed wire load model for 'alt1' from '(none)' to 'G5K'. (OPT-170)
Information: Changed wire load model for 'apparch' from '(none)' to 'G5K'. (OPT-170)
Information: Changed wire load model for 'alt1' from '(none)' to 'G5K'. (OPT-170)
Information: Changed wire load model for 'apparch' from '(none)' to 'G5K'. (OPT-170)
Information: Changed wire load model for 'alt1' from '(none)' to 'G5K'. (OPT-170)
Information: Changed wire load model for 'apparch' from '(none)' to 'G5K'. (OPT-170)
  Allocating blocks in 'DW_fp_mult_sig_width23_exp_width8_ieee_compliance0'
  Allocating blocks in 'DW_lzd_a_width24'
  Allocating blocks in 'DW_lzod_a_width24_detect_10'
Information: Changed wire load model for 'alt1' from '(none)' to 'G5K'. (OPT-170)
Information: Changed wire load model for 'apparch' from '(none)' to 'G5K'. (OPT-170)
Information: Changed wire load model for 'alt1' from '(none)' to 'G5K'. (OPT-170)
Information: Changed wire load model for 'apparch' from '(none)' to 'G5K'. (OPT-170)
Information: Changed wire load model for 'alt1' from '(none)' to 'G5K'. (OPT-170)
Information: Changed wire load model for 'apparch' from '(none)' to 'G5K'. (OPT-170)
Information: Changed wire load model for 'alt1' from '(none)' to 'G5K'. (OPT-170)
Information: Changed wire load model for 'apparch' from '(none)' to 'G5K'. (OPT-170)
Information: Changed wire load model for 'alt1' from '(none)' to 'G5K'. (OPT-170)
Information: Changed wire load model for 'apparch' from '(none)' to 'G5K'. (OPT-170)
Information: Changed wire load model for 'alt1' from '(none)' to 'G5K'. (OPT-170)
Information: Changed wire load model for 'apparch' from '(none)' to 'G5K'. (OPT-170)
Information: Changed wire load model for 'alt1' from '(none)' to 'G5K'. (OPT-170)
Information: Changed wire load model for 'apparch' from '(none)' to 'G5K'. (OPT-170)
Information: Changed wire load model for 'alt1' from '(none)' to 'G5K'. (OPT-170)
Information: Changed wire load model for 'apparch' from '(none)' to 'G5K'. (OPT-170)
Information: Changed wire load model for 'alt1' from '(none)' to 'G5K'. (OPT-170)
Information: Changed wire load model for 'apparch' from '(none)' to 'G5K'. (OPT-170)
  Allocating blocks in 'DW_fp_mult_sig_width23_exp_width8_ieee_compliance0'
  Allocating blocks in 'DW_lzd_a_width24'
  Allocating blocks in 'DW_lzod_a_width24_detect_10'
Information: Changed wire load model for 'alt1' from '(none)' to 'G5K'. (OPT-170)
Information: Changed wire load model for 'apparch' from '(none)' to 'G5K'. (OPT-170)
Information: Changed wire load model for 'alt1' from '(none)' to 'G5K'. (OPT-170)
Information: Changed wire load model for 'apparch' from '(none)' to 'G5K'. (OPT-170)
Information: Changed wire load model for 'alt1' from '(none)' to 'G5K'. (OPT-170)
Information: Changed wire load model for 'apparch' from '(none)' to 'G5K'. (OPT-170)
Information: Changed wire load model for 'alt1' from '(none)' to 'G5K'. (OPT-170)
Information: Changed wire load model for 'apparch' from '(none)' to 'G5K'. (OPT-170)
Information: Changed wire load model for 'alt1' from '(none)' to 'G5K'. (OPT-170)
Information: Changed wire load model for 'apparch' from '(none)' to 'G5K'. (OPT-170)
Information: Changed wire load model for 'alt1' from '(none)' to 'G5K'. (OPT-170)
Information: Changed wire load model for 'apparch' from '(none)' to 'G5K'. (OPT-170)
Information: Changed wire load model for 'alt1' from '(none)' to 'G5K'. (OPT-170)
Information: Changed wire load model for 'apparch' from '(none)' to 'G5K'. (OPT-170)
Information: Changed wire load model for 'alt1' from '(none)' to 'G5K'. (OPT-170)
Information: Changed wire load model for 'apparch' from '(none)' to 'G5K'. (OPT-170)
Information: Changed wire load model for 'alt1' from '(none)' to 'G5K'. (OPT-170)
Information: Changed wire load model for 'apparch' from '(none)' to 'G5K'. (OPT-170)
  Allocating blocks in 'DW_fp_mult_sig_width23_exp_width8_ieee_compliance0'
  Allocating blocks in 'DW_lzd_a_width24'
  Allocating blocks in 'DW_lzod_a_width24_detect_10'
Information: Changed wire load model for 'alt1' from '(none)' to 'G5K'. (OPT-170)
Information: Changed wire load model for 'apparch' from '(none)' to 'G5K'. (OPT-170)
Information: Changed wire load model for 'alt1' from '(none)' to 'G5K'. (OPT-170)
Information: Changed wire load model for 'apparch' from '(none)' to 'G5K'. (OPT-170)
Information: Changed wire load model for 'alt1' from '(none)' to 'G5K'. (OPT-170)
Information: Changed wire load model for 'apparch' from '(none)' to 'G5K'. (OPT-170)
Information: Changed wire load model for 'alt1' from '(none)' to 'G5K'. (OPT-170)
Information: Changed wire load model for 'apparch' from '(none)' to 'G5K'. (OPT-170)
Information: Changed wire load model for 'alt1' from '(none)' to 'G5K'. (OPT-170)
Information: Changed wire load model for 'apparch' from '(none)' to 'G5K'. (OPT-170)
Information: Changed wire load model for 'alt1' from '(none)' to 'G5K'. (OPT-170)
Information: Changed wire load model for 'apparch' from '(none)' to 'G5K'. (OPT-170)
Information: Changed wire load model for 'alt1' from '(none)' to 'G5K'. (OPT-170)
Information: Changed wire load model for 'apparch' from '(none)' to 'G5K'. (OPT-170)
Information: Changed wire load model for 'alt1' from '(none)' to 'G5K'. (OPT-170)
Information: Changed wire load model for 'apparch' from '(none)' to 'G5K'. (OPT-170)
Information: Changed wire load model for 'alt1' from '(none)' to 'G5K'. (OPT-170)
Information: Changed wire load model for 'apparch' from '(none)' to 'G5K'. (OPT-170)
  Allocating blocks in 'DW_fp_mult_sig_width23_exp_width8_ieee_compliance0'
  Allocating blocks in 'DW_lzd_a_width24'
  Allocating blocks in 'DW_lzod_a_width24_detect_10'
Information: Changed wire load model for 'alt1' from '(none)' to 'G5K'. (OPT-170)
Information: Changed wire load model for 'apparch' from '(none)' to 'G5K'. (OPT-170)
Information: Changed wire load model for 'alt1' from '(none)' to 'G5K'. (OPT-170)
Information: Changed wire load model for 'apparch' from '(none)' to 'G5K'. (OPT-170)
Information: Changed wire load model for 'alt1' from '(none)' to 'G5K'. (OPT-170)
Information: Changed wire load model for 'apparch' from '(none)' to 'G5K'. (OPT-170)
Information: Changed wire load model for 'alt1' from '(none)' to 'G5K'. (OPT-170)
Information: Changed wire load model for 'apparch' from '(none)' to 'G5K'. (OPT-170)
Information: Changed wire load model for 'alt1' from '(none)' to 'G5K'. (OPT-170)
Information: Changed wire load model for 'apparch' from '(none)' to 'G5K'. (OPT-170)
Information: Changed wire load model for 'alt1' from '(none)' to 'G5K'. (OPT-170)
Information: Changed wire load model for 'apparch' from '(none)' to 'G5K'. (OPT-170)
Information: Changed wire load model for 'alt1' from '(none)' to 'G5K'. (OPT-170)
Information: Changed wire load model for 'apparch' from '(none)' to 'G5K'. (OPT-170)
Information: Changed wire load model for 'alt1' from '(none)' to 'G5K'. (OPT-170)
Information: Changed wire load model for 'apparch' from '(none)' to 'G5K'. (OPT-170)
Information: Changed wire load model for 'alt1' from '(none)' to 'G5K'. (OPT-170)
Information: Changed wire load model for 'apparch' from '(none)' to 'G5K'. (OPT-170)
  Allocating blocks in 'DW_fp_mult_sig_width23_exp_width8_ieee_compliance0'
  Allocating blocks in 'DW_lzd_a_width24'
  Allocating blocks in 'DW_lzod_a_width24_detect_10'
Information: Changed wire load model for 'alt1' from '(none)' to 'G5K'. (OPT-170)
Information: Changed wire load model for 'apparch' from '(none)' to 'G5K'. (OPT-170)
Information: Changed wire load model for 'alt1' from '(none)' to 'G5K'. (OPT-170)
Information: Changed wire load model for 'apparch' from '(none)' to 'G5K'. (OPT-170)
Information: Changed wire load model for 'alt1' from '(none)' to 'G5K'. (OPT-170)
Information: Changed wire load model for 'apparch' from '(none)' to 'G5K'. (OPT-170)
Information: Changed wire load model for 'alt1' from '(none)' to 'G5K'. (OPT-170)
Information: Changed wire load model for 'apparch' from '(none)' to 'G5K'. (OPT-170)
Information: Changed wire load model for 'alt1' from '(none)' to 'G5K'. (OPT-170)
Information: Changed wire load model for 'apparch' from '(none)' to 'G5K'. (OPT-170)
Information: Changed wire load model for 'alt1' from '(none)' to 'G5K'. (OPT-170)
Information: Changed wire load model for 'apparch' from '(none)' to 'G5K'. (OPT-170)
Information: Changed wire load model for 'alt1' from '(none)' to 'G5K'. (OPT-170)
Information: Changed wire load model for 'apparch' from '(none)' to 'G5K'. (OPT-170)
Information: Changed wire load model for 'alt1' from '(none)' to 'G5K'. (OPT-170)
Information: Changed wire load model for 'apparch' from '(none)' to 'G5K'. (OPT-170)
Information: Changed wire load model for 'alt1' from '(none)' to 'G5K'. (OPT-170)
Information: Changed wire load model for 'apparch' from '(none)' to 'G5K'. (OPT-170)
  Allocating blocks in 'DW_fp_mult_sig_width23_exp_width8_ieee_compliance0'
  Allocating blocks in 'DW_lzd_a_width24'
  Allocating blocks in 'DW_lzod_a_width24_detect_10'
Information: Changed wire load model for 'alt1' from '(none)' to 'G5K'. (OPT-170)
Information: Changed wire load model for 'apparch' from '(none)' to 'G5K'. (OPT-170)
Information: Changed wire load model for 'alt1' from '(none)' to 'G5K'. (OPT-170)
Information: Changed wire load model for 'apparch' from '(none)' to 'G5K'. (OPT-170)
Information: Changed wire load model for 'alt1' from '(none)' to 'G5K'. (OPT-170)
Information: Changed wire load model for 'apparch' from '(none)' to 'G5K'. (OPT-170)
Information: Changed wire load model for 'alt1' from '(none)' to 'G5K'. (OPT-170)
Information: Changed wire load model for 'apparch' from '(none)' to 'G5K'. (OPT-170)
Information: Changed wire load model for 'alt1' from '(none)' to 'G5K'. (OPT-170)
Information: Changed wire load model for 'apparch' from '(none)' to 'G5K'. (OPT-170)
Information: Changed wire load model for 'alt1' from '(none)' to 'G5K'. (OPT-170)
Information: Changed wire load model for 'apparch' from '(none)' to 'G5K'. (OPT-170)
Information: Changed wire load model for 'alt1' from '(none)' to 'G5K'. (OPT-170)
Information: Changed wire load model for 'apparch' from '(none)' to 'G5K'. (OPT-170)
Information: Changed wire load model for 'alt1' from '(none)' to 'G5K'. (OPT-170)
Information: Changed wire load model for 'apparch' from '(none)' to 'G5K'. (OPT-170)
Information: Changed wire load model for 'alt1' from '(none)' to 'G5K'. (OPT-170)
Information: Changed wire load model for 'apparch' from '(none)' to 'G5K'. (OPT-170)
  Allocating blocks in 'DW_fp_mult_sig_width23_exp_width8_ieee_compliance0'
  Allocating blocks in 'DW_lzd_a_width24'
  Allocating blocks in 'DW_lzod_a_width24_detect_10'
Information: Changed wire load model for 'alt1' from '(none)' to 'G5K'. (OPT-170)
Information: Changed wire load model for 'apparch' from '(none)' to 'G5K'. (OPT-170)
Information: Changed wire load model for 'alt1' from '(none)' to 'G5K'. (OPT-170)
Information: Changed wire load model for 'apparch' from '(none)' to 'G5K'. (OPT-170)
Information: Changed wire load model for 'alt1' from '(none)' to 'G5K'. (OPT-170)
Information: Changed wire load model for 'apparch' from '(none)' to 'G5K'. (OPT-170)
Information: Changed wire load model for 'alt1' from '(none)' to 'G5K'. (OPT-170)
Information: Changed wire load model for 'apparch' from '(none)' to 'G5K'. (OPT-170)
Information: Changed wire load model for 'alt1' from '(none)' to 'G5K'. (OPT-170)
Information: Changed wire load model for 'apparch' from '(none)' to 'G5K'. (OPT-170)
Information: Changed wire load model for 'alt1' from '(none)' to 'G5K'. (OPT-170)
Information: Changed wire load model for 'apparch' from '(none)' to 'G5K'. (OPT-170)
Information: Changed wire load model for 'alt1' from '(none)' to 'G5K'. (OPT-170)
Information: Changed wire load model for 'apparch' from '(none)' to 'G5K'. (OPT-170)
Information: Changed wire load model for 'alt1' from '(none)' to 'G5K'. (OPT-170)
Information: Changed wire load model for 'apparch' from '(none)' to 'G5K'. (OPT-170)
Information: Changed wire load model for 'alt1' from '(none)' to 'G5K'. (OPT-170)
Information: Changed wire load model for 'apparch' from '(none)' to 'G5K'. (OPT-170)
  Allocating blocks in 'DW_fp_sum3_sig_width23_exp_width8_ieee_compliance0_arch_type0'
Warning: Dont_touch on net '*cell*85/M_2scompl[0]' may be overridden by compile because it
        is connected to generic logic. Use all_connected to see net
        connections. (OPT-461)
Warning: Dont_touch on net '*cell*85/M_2scompl[1]' may be overridden by compile because it
        is connected to generic logic. Use all_connected to see net
        connections. (OPT-461)
Warning: Dont_touch on net '*cell*85/M_2scompl[2]' may be overridden by compile because it
        is connected to generic logic. Use all_connected to see net
        connections. (OPT-461)
Warning: Dont_touch on net '*cell*85/M_2scompl[3]' may be overridden by compile because it
        is connected to generic logic. Use all_connected to see net
        connections. (OPT-461)
Warning: Dont_touch on net '*cell*85/M_2scompl[4]' may be overridden by compile because it
        is connected to generic logic. Use all_connected to see net
        connections. (OPT-461)
Warning: Dont_touch on net '*cell*85/M_2scompl[5]' may be overridden by compile because it
        is connected to generic logic. Use all_connected to see net
        connections. (OPT-461)
Warning: Dont_touch on net '*cell*85/M_2scompl[6]' may be overridden by compile because it
        is connected to generic logic. Use all_connected to see net
        connections. (OPT-461)
Warning: Dont_touch on net '*cell*85/M_2scompl[7]' may be overridden by compile because it
        is connected to generic logic. Use all_connected to see net
        connections. (OPT-461)
Warning: Dont_touch on net '*cell*85/M_2scompl[8]' may be overridden by compile because it
        is connected to generic logic. Use all_connected to see net
        connections. (OPT-461)
Warning: Dont_touch on net '*cell*85/M_2scompl[9]' may be overridden by compile because it
        is connected to generic logic. Use all_connected to see net
        connections. (OPT-461)
Warning: Dont_touch on net '*cell*85/M_2scompl[10]' may be overridden by compile because it
        is connected to generic logic. Use all_connected to see net
        connections. (OPT-461)
Warning: Dont_touch on net '*cell*85/M_2scompl[11]' may be overridden by compile because it
        is connected to generic logic. Use all_connected to see net
        connections. (OPT-461)
Warning: Dont_touch on net '*cell*85/M_2scompl[12]' may be overridden by compile because it
        is connected to generic logic. Use all_connected to see net
        connections. (OPT-461)
Warning: Dont_touch on net '*cell*85/M_2scompl[13]' may be overridden by compile because it
        is connected to generic logic. Use all_connected to see net
        connections. (OPT-461)
Warning: Dont_touch on net '*cell*85/M_2scompl[14]' may be overridden by compile because it
        is connected to generic logic. Use all_connected to see net
        connections. (OPT-461)
Warning: Dont_touch on net '*cell*85/M_2scompl[15]' may be overridden by compile because it
        is connected to generic logic. Use all_connected to see net
        connections. (OPT-461)
Warning: Dont_touch on net '*cell*85/M_2scompl[16]' may be overridden by compile because it
        is connected to generic logic. Use all_connected to see net
        connections. (OPT-461)
Warning: Dont_touch on net '*cell*85/M_2scompl[17]' may be overridden by compile because it
        is connected to generic logic. Use all_connected to see net
        connections. (OPT-461)
Warning: Dont_touch on net '*cell*85/M_2scompl[18]' may be overridden by compile because it
        is connected to generic logic. Use all_connected to see net
        connections. (OPT-461)
Warning: Dont_touch on net '*cell*85/M_2scompl[19]' may be overridden by compile because it
        is connected to generic logic. Use all_connected to see net
        connections. (OPT-461)
Warning: Dont_touch on net '*cell*85/M_2scompl[20]' may be overridden by compile because it
        is connected to generic logic. Use all_connected to see net
        connections. (OPT-461)
Warning: Dont_touch on net '*cell*85/M_2scompl[21]' may be overridden by compile because it
        is connected to generic logic. Use all_connected to see net
        connections. (OPT-461)
Warning: Dont_touch on net '*cell*85/M_2scompl[22]' may be overridden by compile because it
        is connected to generic logic. Use all_connected to see net
        connections. (OPT-461)
Warning: Dont_touch on net '*cell*85/M_2scompl[23]' may be overridden by compile because it
        is connected to generic logic. Use all_connected to see net
        connections. (OPT-461)
Warning: Dont_touch on net '*cell*85/M_2scompl[24]' may be overridden by compile because it
        is connected to generic logic. Use all_connected to see net
        connections. (OPT-461)
Warning: Dont_touch on net '*cell*85/a[0]' may be overridden by compile because it
        is connected to generic logic. Use all_connected to see net
        connections. (OPT-461)
Warning: Dont_touch on net '*cell*85/a[1]' may be overridden by compile because it
        is connected to generic logic. Use all_connected to see net
        connections. (OPT-461)
Warning: Dont_touch on net '*cell*85/a[2]' may be overridden by compile because it
        is connected to generic logic. Use all_connected to see net
        connections. (OPT-461)
Warning: Dont_touch on net '*cell*85/a[3]' may be overridden by compile because it
        is connected to generic logic. Use all_connected to see net
        connections. (OPT-461)
Warning: Dont_touch on net '*cell*85/a[4]' may be overridden by compile because it
        is connected to generic logic. Use all_connected to see net
        connections. (OPT-461)
Warning: Dont_touch on net '*cell*85/a[5]' may be overridden by compile because it
        is connected to generic logic. Use all_connected to see net
        connections. (OPT-461)
Warning: Dont_touch on net '*cell*85/a[6]' may be overridden by compile because it
        is connected to generic logic. Use all_connected to see net
        connections. (OPT-461)
Warning: Dont_touch on net '*cell*85/a[7]' may be overridden by compile because it
        is connected to generic logic. Use all_connected to see net
        connections. (OPT-461)
Warning: Dont_touch on net '*cell*85/a[8]' may be overridden by compile because it
        is connected to generic logic. Use all_connected to see net
        connections. (OPT-461)
Warning: Dont_touch on net '*cell*85/a[9]' may be overridden by compile because it
        is connected to generic logic. Use all_connected to see net
        connections. (OPT-461)
Warning: Dont_touch on net '*cell*85/a[10]' may be overridden by compile because it
        is connected to generic logic. Use all_connected to see net
        connections. (OPT-461)
Warning: Dont_touch on net '*cell*85/a[11]' may be overridden by compile because it
        is connected to generic logic. Use all_connected to see net
        connections. (OPT-461)
Warning: Dont_touch on net '*cell*85/a[12]' may be overridden by compile because it
        is connected to generic logic. Use all_connected to see net
        connections. (OPT-461)
Warning: Dont_touch on net '*cell*85/a[13]' may be overridden by compile because it
        is connected to generic logic. Use all_connected to see net
        connections. (OPT-461)
Warning: Dont_touch on net '*cell*85/a[14]' may be overridden by compile because it
        is connected to generic logic. Use all_connected to see net
        connections. (OPT-461)
Warning: Dont_touch on net '*cell*85/a[15]' may be overridden by compile because it
        is connected to generic logic. Use all_connected to see net
        connections. (OPT-461)
Warning: Dont_touch on net '*cell*85/a[16]' may be overridden by compile because it
        is connected to generic logic. Use all_connected to see net
        connections. (OPT-461)
Warning: Dont_touch on net '*cell*85/a[17]' may be overridden by compile because it
        is connected to generic logic. Use all_connected to see net
        connections. (OPT-461)
Warning: Dont_touch on net '*cell*85/a[18]' may be overridden by compile because it
        is connected to generic logic. Use all_connected to see net
        connections. (OPT-461)
Warning: Dont_touch on net '*cell*85/a[19]' may be overridden by compile because it
        is connected to generic logic. Use all_connected to see net
        connections. (OPT-461)
Warning: Dont_touch on net '*cell*85/a[20]' may be overridden by compile because it
        is connected to generic logic. Use all_connected to see net
        connections. (OPT-461)
Warning: Dont_touch on net '*cell*85/a[21]' may be overridden by compile because it
        is connected to generic logic. Use all_connected to see net
        connections. (OPT-461)
Warning: Dont_touch on net '*cell*85/a[22]' may be overridden by compile because it
        is connected to generic logic. Use all_connected to see net
        connections. (OPT-461)
Warning: Dont_touch on net '*cell*85/*Logic0*' may be overridden by compile because it
        is connected to generic logic. Use all_connected to see net
        connections. (OPT-461)
Warning: Dont_touch on net '*cell*89/M_2scompl[0]' may be overridden by compile because it
        is connected to generic logic. Use all_connected to see net
        connections. (OPT-461)
Warning: Dont_touch on net '*cell*89/M_2scompl[1]' may be overridden by compile because it
        is connected to generic logic. Use all_connected to see net
        connections. (OPT-461)
Warning: Dont_touch on net '*cell*89/M_2scompl[2]' may be overridden by compile because it
        is connected to generic logic. Use all_connected to see net
        connections. (OPT-461)
Warning: Dont_touch on net '*cell*89/M_2scompl[3]' may be overridden by compile because it
        is connected to generic logic. Use all_connected to see net
        connections. (OPT-461)
Warning: Dont_touch on net '*cell*89/M_2scompl[4]' may be overridden by compile because it
        is connected to generic logic. Use all_connected to see net
        connections. (OPT-461)
Warning: Dont_touch on net '*cell*89/M_2scompl[5]' may be overridden by compile because it
        is connected to generic logic. Use all_connected to see net
        connections. (OPT-461)
Warning: Dont_touch on net '*cell*89/M_2scompl[6]' may be overridden by compile because it
        is connected to generic logic. Use all_connected to see net
        connections. (OPT-461)
Warning: Dont_touch on net '*cell*89/M_2scompl[7]' may be overridden by compile because it
        is connected to generic logic. Use all_connected to see net
        connections. (OPT-461)
Warning: Dont_touch on net '*cell*89/M_2scompl[8]' may be overridden by compile because it
        is connected to generic logic. Use all_connected to see net
        connections. (OPT-461)
Warning: Dont_touch on net '*cell*89/M_2scompl[9]' may be overridden by compile because it
        is connected to generic logic. Use all_connected to see net
        connections. (OPT-461)
Warning: Dont_touch on net '*cell*89/M_2scompl[10]' may be overridden by compile because it
        is connected to generic logic. Use all_connected to see net
        connections. (OPT-461)
Warning: Dont_touch on net '*cell*89/M_2scompl[11]' may be overridden by compile because it
        is connected to generic logic. Use all_connected to see net
        connections. (OPT-461)
Warning: Dont_touch on net '*cell*89/M_2scompl[12]' may be overridden by compile because it
        is connected to generic logic. Use all_connected to see net
        connections. (OPT-461)
Warning: Dont_touch on net '*cell*89/M_2scompl[13]' may be overridden by compile because it
        is connected to generic logic. Use all_connected to see net
        connections. (OPT-461)
Warning: Dont_touch on net '*cell*89/M_2scompl[14]' may be overridden by compile because it
        is connected to generic logic. Use all_connected to see net
        connections. (OPT-461)
Warning: Dont_touch on net '*cell*89/M_2scompl[15]' may be overridden by compile because it
        is connected to generic logic. Use all_connected to see net
        connections. (OPT-461)
Warning: Dont_touch on net '*cell*89/M_2scompl[16]' may be overridden by compile because it
        is connected to generic logic. Use all_connected to see net
        connections. (OPT-461)
Warning: Dont_touch on net '*cell*89/M_2scompl[17]' may be overridden by compile because it
        is connected to generic logic. Use all_connected to see net
        connections. (OPT-461)
Warning: Dont_touch on net '*cell*89/M_2scompl[18]' may be overridden by compile because it
        is connected to generic logic. Use all_connected to see net
        connections. (OPT-461)
Warning: Dont_touch on net '*cell*89/M_2scompl[19]' may be overridden by compile because it
        is connected to generic logic. Use all_connected to see net
        connections. (OPT-461)
Warning: Dont_touch on net '*cell*89/M_2scompl[20]' may be overridden by compile because it
        is connected to generic logic. Use all_connected to see net
        connections. (OPT-461)
Warning: Dont_touch on net '*cell*89/M_2scompl[21]' may be overridden by compile because it
        is connected to generic logic. Use all_connected to see net
        connections. (OPT-461)
Warning: Dont_touch on net '*cell*89/M_2scompl[22]' may be overridden by compile because it
        is connected to generic logic. Use all_connected to see net
        connections. (OPT-461)
Warning: Dont_touch on net '*cell*89/M_2scompl[23]' may be overridden by compile because it
        is connected to generic logic. Use all_connected to see net
        connections. (OPT-461)
Warning: Dont_touch on net '*cell*89/M_2scompl[24]' may be overridden by compile because it
        is connected to generic logic. Use all_connected to see net
        connections. (OPT-461)
Warning: Dont_touch on net '*cell*89/a[0]' may be overridden by compile because it
        is connected to generic logic. Use all_connected to see net
        connections. (OPT-461)
Warning: Dont_touch on net '*cell*89/a[1]' may be overridden by compile because it
        is connected to generic logic. Use all_connected to see net
        connections. (OPT-461)
Warning: Dont_touch on net '*cell*89/a[2]' may be overridden by compile because it
        is connected to generic logic. Use all_connected to see net
        connections. (OPT-461)
Warning: Dont_touch on net '*cell*89/a[3]' may be overridden by compile because it
        is connected to generic logic. Use all_connected to see net
        connections. (OPT-461)
Warning: Dont_touch on net '*cell*89/a[4]' may be overridden by compile because it
        is connected to generic logic. Use all_connected to see net
        connections. (OPT-461)
Warning: Dont_touch on net '*cell*89/a[5]' may be overridden by compile because it
        is connected to generic logic. Use all_connected to see net
        connections. (OPT-461)
Warning: Dont_touch on net '*cell*89/a[6]' may be overridden by compile because it
        is connected to generic logic. Use all_connected to see net
        connections. (OPT-461)
Warning: Dont_touch on net '*cell*89/a[7]' may be overridden by compile because it
        is connected to generic logic. Use all_connected to see net
        connections. (OPT-461)
Warning: Dont_touch on net '*cell*89/a[8]' may be overridden by compile because it
        is connected to generic logic. Use all_connected to see net
        connections. (OPT-461)
Warning: Dont_touch on net '*cell*89/a[9]' may be overridden by compile because it
        is connected to generic logic. Use all_connected to see net
        connections. (OPT-461)
Warning: Dont_touch on net '*cell*89/a[10]' may be overridden by compile because it
        is connected to generic logic. Use all_connected to see net
        connections. (OPT-461)
Warning: Dont_touch on net '*cell*89/a[11]' may be overridden by compile because it
        is connected to generic logic. Use all_connected to see net
        connections. (OPT-461)
Warning: Dont_touch on net '*cell*89/a[12]' may be overridden by compile because it
        is connected to generic logic. Use all_connected to see net
        connections. (OPT-461)
Warning: Dont_touch on net '*cell*89/a[13]' may be overridden by compile because it
        is connected to generic logic. Use all_connected to see net
        connections. (OPT-461)
Warning: Dont_touch on net '*cell*89/a[14]' may be overridden by compile because it
        is connected to generic logic. Use all_connected to see net
        connections. (OPT-461)
Warning: Dont_touch on net '*cell*89/a[15]' may be overridden by compile because it
        is connected to generic logic. Use all_connected to see net
        connections. (OPT-461)
Warning: Dont_touch on net '*cell*89/a[16]' may be overridden by compile because it
        is connected to generic logic. Use all_connected to see net
        connections. (OPT-461)
Warning: Dont_touch on net '*cell*89/a[17]' may be overridden by compile because it
        is connected to generic logic. Use all_connected to see net
        connections. (OPT-461)
Warning: Dont_touch on net '*cell*89/a[18]' may be overridden by compile because it
        is connected to generic logic. Use all_connected to see net
        connections. (OPT-461)
Warning: Dont_touch on net '*cell*89/a[19]' may be overridden by compile because it
        is connected to generic logic. Use all_connected to see net
        connections. (OPT-461)
Warning: Dont_touch on net '*cell*89/a[20]' may be overridden by compile because it
        is connected to generic logic. Use all_connected to see net
        connections. (OPT-461)
Warning: Dont_touch on net '*cell*89/a[21]' may be overridden by compile because it
        is connected to generic logic. Use all_connected to see net
        connections. (OPT-461)
Warning: Dont_touch on net '*cell*89/a[22]' may be overridden by compile because it
        is connected to generic logic. Use all_connected to see net
        connections. (OPT-461)
Warning: Dont_touch on net '*cell*89/*Logic0*' may be overridden by compile because it
        is connected to generic logic. Use all_connected to see net
        connections. (OPT-461)
Warning: Dont_touch on net '*cell*91/N96' may be overridden by compile because it
        is connected to generic logic. Use all_connected to see net
        connections. (OPT-461)
Warning: Dont_touch on net '*cell*91/N95' may be overridden by compile because it
        is connected to generic logic. Use all_connected to see net
        connections. (OPT-461)
Warning: Dont_touch on net '*cell*91/N94' may be overridden by compile because it
        is connected to generic logic. Use all_connected to see net
        connections. (OPT-461)
Warning: Dont_touch on net '*cell*91/N93' may be overridden by compile because it
        is connected to generic logic. Use all_connected to see net
        connections. (OPT-461)
Warning: Dont_touch on net '*cell*91/N92' may be overridden by compile because it
        is connected to generic logic. Use all_connected to see net
        connections. (OPT-461)
Warning: Dont_touch on net '*cell*91/N91' may be overridden by compile because it
        is connected to generic logic. Use all_connected to see net
        connections. (OPT-461)
Warning: Dont_touch on net '*cell*91/N90' may be overridden by compile because it
        is connected to generic logic. Use all_connected to see net
        connections. (OPT-461)
Warning: Dont_touch on net '*cell*91/N89' may be overridden by compile because it
        is connected to generic logic. Use all_connected to see net
        connections. (OPT-461)
Warning: Dont_touch on net '*cell*91/*Logic0*' may be overridden by compile because it
        is connected to generic logic. Use all_connected to see net
        connections. (OPT-461)
Warning: Dont_touch on net '*cell*93/N104' may be overridden by compile because it
        is connected to generic logic. Use all_connected to see net
        connections. (OPT-461)
Warning: Dont_touch on net '*cell*93/N103' may be overridden by compile because it
        is connected to generic logic. Use all_connected to see net
        connections. (OPT-461)
Warning: Dont_touch on net '*cell*93/N102' may be overridden by compile because it
        is connected to generic logic. Use all_connected to see net
        connections. (OPT-461)
Warning: Dont_touch on net '*cell*93/N101' may be overridden by compile because it
        is connected to generic logic. Use all_connected to see net
        connections. (OPT-461)
Warning: Dont_touch on net '*cell*93/N100' may be overridden by compile because it
        is connected to generic logic. Use all_connected to see net
        connections. (OPT-461)
Warning: Dont_touch on net '*cell*93/N99' may be overridden by compile because it
        is connected to generic logic. Use all_connected to see net
        connections. (OPT-461)
Warning: Dont_touch on net '*cell*93/N98' may be overridden by compile because it
        is connected to generic logic. Use all_connected to see net
        connections. (OPT-461)
Warning: Dont_touch on net '*cell*93/N97' may be overridden by compile because it
        is connected to generic logic. Use all_connected to see net
        connections. (OPT-461)
Warning: Dont_touch on net '*cell*93/N96' may be overridden by compile because it
        is connected to generic logic. Use all_connected to see net
        connections. (OPT-461)
Warning: Dont_touch on net '*cell*93/*Logic0*' may be overridden by compile because it
        is connected to generic logic. Use all_connected to see net
        connections. (OPT-461)
Warning: Dont_touch on net '*cell*95/*Logic0*' may be overridden by compile because it
        is connected to generic logic. Use all_connected to see net
        connections. (OPT-461)
  Allocating blocks in 'DW_ifp_fp_conv_sig_widthi51_exp_widthi10_sig_width23_exp_width8_use_denormal0'
Information: Changed wire load model for 'alt1' from '(none)' to 'G5K'. (OPT-170)
Information: Changed wire load model for 'apparch' from '(none)' to 'G5K'. (OPT-170)
Information: Changed wire load model for 'alt1' from '(none)' to 'G5K'. (OPT-170)
Information: Changed wire load model for 'apparch' from '(none)' to 'G5K'. (OPT-170)
Information: Changed wire load model for 'alt1' from '(none)' to 'G5K'. (OPT-170)
Information: Changed wire load model for 'astr' from '(none)' to 'G5K'. (OPT-170)
  Allocating blocks in 'DW_lzd_a_width52'
  Allocating blocks in 'DW_lzod_a_width52_detect_10'
Information: Changed wire load model for 'alt1' from '(none)' to 'G5K'. (OPT-170)
Information: Changed wire load model for 'astr' from '(none)' to 'G5K'. (OPT-170)
Information: Changed wire load model for 'alt1' from '(none)' to 'G5K'. (OPT-170)
Information: Changed wire load model for 'apparch' from '(none)' to 'G5K'. (OPT-170)
Information: Changed wire load model for 'alt1' from '(none)' to 'G5K'. (OPT-170)
Information: Changed wire load model for 'apparch' from '(none)' to 'G5K'. (OPT-170)
  Allocating blocks in 'DW_ifp_addsub_sig_widthi28_exp_widthi9_sig_widtho51_exp_widtho10_use_denormal0_use_1scmpl0'
Information: Changed wire load model for 'alt1' from '(none)' to 'G5K'. (OPT-170)
Information: Changed wire load model for 'astr' from '(none)' to 'G5K'. (OPT-170)
Information: Changed wire load model for 'alt1' from '(none)' to 'G5K'. (OPT-170)
Information: Changed wire load model for 'astr' from '(none)' to 'G5K'. (OPT-170)
Information: Changed wire load model for 'alt1' from '(none)' to 'G5K'. (OPT-170)
Information: Changed wire load model for 'apparch' from '(none)' to 'G5K'. (OPT-170)
Information: Changed wire load model for 'alt1' from '(none)' to 'G5K'. (OPT-170)
Information: Changed wire load model for 'apparch' from '(none)' to 'G5K'. (OPT-170)
Information: Changed wire load model for 'alt1' from '(none)' to 'G5K'. (OPT-170)
Information: Changed wire load model for 'astr' from '(none)' to 'G5K'. (OPT-170)
  Allocating blocks in 'DW_ifp_addsub_sig_widthi25_exp_widthi8_sig_widtho28_exp_widtho9_use_denormal0_use_1scmpl0'
Information: Changed wire load model for 'alt1' from '(none)' to 'G5K'. (OPT-170)
Information: Changed wire load model for 'astr' from '(none)' to 'G5K'. (OPT-170)
Information: Changed wire load model for 'alt1' from '(none)' to 'G5K'. (OPT-170)
Information: Changed wire load model for 'astr' from '(none)' to 'G5K'. (OPT-170)
Information: Changed wire load model for 'alt1' from '(none)' to 'G5K'. (OPT-170)
Information: Changed wire load model for 'apparch' from '(none)' to 'G5K'. (OPT-170)
Information: Changed wire load model for 'alt1' from '(none)' to 'G5K'. (OPT-170)
Information: Changed wire load model for 'apparch' from '(none)' to 'G5K'. (OPT-170)
Information: Changed wire load model for 'alt1' from '(none)' to 'G5K'. (OPT-170)
Information: Changed wire load model for 'astr' from '(none)' to 'G5K'. (OPT-170)
  Allocating blocks in 'DW_fp_ifp_conv_sig_widthi23_exp_widthi8_sig_widtho28_exp_widtho9_use_denormal0_use_1scmpl0'
  Allocating blocks in 'DW_fp_ifp_conv_sig_widthi23_exp_widthi8_sig_widtho25_exp_widtho8_use_denormal0_use_1scmpl0'
Information: Changed wire load model for 'alt1' from '(none)' to 'G5K'. (OPT-170)
Information: Changed wire load model for 'astr' from '(none)' to 'G5K'. (OPT-170)
Information: Changed wire load model for 'alt1' from '(none)' to 'G5K'. (OPT-170)
Information: Changed wire load model for 'apparch' from '(none)' to 'G5K'. (OPT-170)
Information: Changed wire load model for 'alt1' from '(none)' to 'G5K'. (OPT-170)
Information: Changed wire load model for 'apparch' from '(none)' to 'G5K'. (OPT-170)
Information: Changed wire load model for 'alt1' from '(none)' to 'G5K'. (OPT-170)
Information: Changed wire load model for 'apparch' from '(none)' to 'G5K'. (OPT-170)
  Allocating blocks in 'DW_lzd_a_width53'
  Allocating blocks in 'DW_lzod_a_width53_detect_10'
Information: Changed wire load model for 'alt1' from '(none)' to 'G5K'. (OPT-170)
Information: Changed wire load model for 'apparch' from '(none)' to 'G5K'. (OPT-170)
Information: Changed wire load model for 'alt1' from '(none)' to 'G5K'. (OPT-170)
Information: Changed wire load model for 'apparch' from '(none)' to 'G5K'. (OPT-170)
Information: Changed wire load model for 'alt1' from '(none)' to 'G5K'. (OPT-170)
Information: Changed wire load model for 'astr' from '(none)' to 'G5K'. (OPT-170)
Information: Changed wire load model for 'alt1' from '(none)' to 'G5K'. (OPT-170)
Information: Changed wire load model for 'astr' from '(none)' to 'G5K'. (OPT-170)
Information: Changed wire load model for 'alt1' from '(none)' to 'G5K'. (OPT-170)
Information: Changed wire load model for 'apparch' from '(none)' to 'G5K'. (OPT-170)
Information: Changed wire load model for 'alt1' from '(none)' to 'G5K'. (OPT-170)
Information: Changed wire load model for 'astr' from '(none)' to 'G5K'. (OPT-170)
Information: Changed wire load model for 'alt1' from '(none)' to 'G5K'. (OPT-170)
Information: Changed wire load model for 'astr' from '(none)' to 'G5K'. (OPT-170)
Information: Changed wire load model for 'alt1' from '(none)' to 'G5K'. (OPT-170)
Information: Changed wire load model for 'astr' from '(none)' to 'G5K'. (OPT-170)
Information: Changed wire load model for 'alt1' from '(none)' to 'G5K'. (OPT-170)
Information: Changed wire load model for 'astr' from '(none)' to 'G5K'. (OPT-170)
Information: Changed wire load model for 'alt1' from '(none)' to 'G5K'. (OPT-170)
Information: Changed wire load model for 'apparch' from '(none)' to 'G5K'. (OPT-170)
Information: Changed wire load model for 'alt1' from '(none)' to 'G5K'. (OPT-170)
Information: Changed wire load model for 'apparch' from '(none)' to 'G5K'. (OPT-170)
Information: Changed wire load model for 'alt1' from '(none)' to 'G5K'. (OPT-170)
Information: Changed wire load model for 'apparch' from '(none)' to 'G5K'. (OPT-170)
Information: Changed wire load model for 'alt1' from '(none)' to 'G5K'. (OPT-170)
Information: Changed wire load model for 'apparch' from '(none)' to 'G5K'. (OPT-170)
  Allocating blocks in 'DW_fp_sum3_sig_width23_exp_width8_ieee_compliance0_arch_type0'
Warning: Dont_touch on net '*cell*85/M_2scompl[0]' may be overridden by compile because it
        is connected to generic logic. Use all_connected to see net
        connections. (OPT-461)
Warning: Dont_touch on net '*cell*85/M_2scompl[1]' may be overridden by compile because it
        is connected to generic logic. Use all_connected to see net
        connections. (OPT-461)
Warning: Dont_touch on net '*cell*85/M_2scompl[2]' may be overridden by compile because it
        is connected to generic logic. Use all_connected to see net
        connections. (OPT-461)
Warning: Dont_touch on net '*cell*85/M_2scompl[3]' may be overridden by compile because it
        is connected to generic logic. Use all_connected to see net
        connections. (OPT-461)
Warning: Dont_touch on net '*cell*85/M_2scompl[4]' may be overridden by compile because it
        is connected to generic logic. Use all_connected to see net
        connections. (OPT-461)
Warning: Dont_touch on net '*cell*85/M_2scompl[5]' may be overridden by compile because it
        is connected to generic logic. Use all_connected to see net
        connections. (OPT-461)
Warning: Dont_touch on net '*cell*85/M_2scompl[6]' may be overridden by compile because it
        is connected to generic logic. Use all_connected to see net
        connections. (OPT-461)
Warning: Dont_touch on net '*cell*85/M_2scompl[7]' may be overridden by compile because it
        is connected to generic logic. Use all_connected to see net
        connections. (OPT-461)
Warning: Dont_touch on net '*cell*85/M_2scompl[8]' may be overridden by compile because it
        is connected to generic logic. Use all_connected to see net
        connections. (OPT-461)
Warning: Dont_touch on net '*cell*85/M_2scompl[9]' may be overridden by compile because it
        is connected to generic logic. Use all_connected to see net
        connections. (OPT-461)
Warning: Dont_touch on net '*cell*85/M_2scompl[10]' may be overridden by compile because it
        is connected to generic logic. Use all_connected to see net
        connections. (OPT-461)
Warning: Dont_touch on net '*cell*85/M_2scompl[11]' may be overridden by compile because it
        is connected to generic logic. Use all_connected to see net
        connections. (OPT-461)
Warning: Dont_touch on net '*cell*85/M_2scompl[12]' may be overridden by compile because it
        is connected to generic logic. Use all_connected to see net
        connections. (OPT-461)
Warning: Dont_touch on net '*cell*85/M_2scompl[13]' may be overridden by compile because it
        is connected to generic logic. Use all_connected to see net
        connections. (OPT-461)
Warning: Dont_touch on net '*cell*85/M_2scompl[14]' may be overridden by compile because it
        is connected to generic logic. Use all_connected to see net
        connections. (OPT-461)
Warning: Dont_touch on net '*cell*85/M_2scompl[15]' may be overridden by compile because it
        is connected to generic logic. Use all_connected to see net
        connections. (OPT-461)
Warning: Dont_touch on net '*cell*85/M_2scompl[16]' may be overridden by compile because it
        is connected to generic logic. Use all_connected to see net
        connections. (OPT-461)
Warning: Dont_touch on net '*cell*85/M_2scompl[17]' may be overridden by compile because it
        is connected to generic logic. Use all_connected to see net
        connections. (OPT-461)
Warning: Dont_touch on net '*cell*85/M_2scompl[18]' may be overridden by compile because it
        is connected to generic logic. Use all_connected to see net
        connections. (OPT-461)
Warning: Dont_touch on net '*cell*85/M_2scompl[19]' may be overridden by compile because it
        is connected to generic logic. Use all_connected to see net
        connections. (OPT-461)
Warning: Dont_touch on net '*cell*85/M_2scompl[20]' may be overridden by compile because it
        is connected to generic logic. Use all_connected to see net
        connections. (OPT-461)
Warning: Dont_touch on net '*cell*85/M_2scompl[21]' may be overridden by compile because it
        is connected to generic logic. Use all_connected to see net
        connections. (OPT-461)
Warning: Dont_touch on net '*cell*85/M_2scompl[22]' may be overridden by compile because it
        is connected to generic logic. Use all_connected to see net
        connections. (OPT-461)
Warning: Dont_touch on net '*cell*85/M_2scompl[23]' may be overridden by compile because it
        is connected to generic logic. Use all_connected to see net
        connections. (OPT-461)
Warning: Dont_touch on net '*cell*85/M_2scompl[24]' may be overridden by compile because it
        is connected to generic logic. Use all_connected to see net
        connections. (OPT-461)
Warning: Dont_touch on net '*cell*85/a[0]' may be overridden by compile because it
        is connected to generic logic. Use all_connected to see net
        connections. (OPT-461)
Warning: Dont_touch on net '*cell*85/a[1]' may be overridden by compile because it
        is connected to generic logic. Use all_connected to see net
        connections. (OPT-461)
Warning: Dont_touch on net '*cell*85/a[2]' may be overridden by compile because it
        is connected to generic logic. Use all_connected to see net
        connections. (OPT-461)
Warning: Dont_touch on net '*cell*85/a[3]' may be overridden by compile because it
        is connected to generic logic. Use all_connected to see net
        connections. (OPT-461)
Warning: Dont_touch on net '*cell*85/a[4]' may be overridden by compile because it
        is connected to generic logic. Use all_connected to see net
        connections. (OPT-461)
Warning: Dont_touch on net '*cell*85/a[5]' may be overridden by compile because it
        is connected to generic logic. Use all_connected to see net
        connections. (OPT-461)
Warning: Dont_touch on net '*cell*85/a[6]' may be overridden by compile because it
        is connected to generic logic. Use all_connected to see net
        connections. (OPT-461)
Warning: Dont_touch on net '*cell*85/a[7]' may be overridden by compile because it
        is connected to generic logic. Use all_connected to see net
        connections. (OPT-461)
Warning: Dont_touch on net '*cell*85/a[8]' may be overridden by compile because it
        is connected to generic logic. Use all_connected to see net
        connections. (OPT-461)
Warning: Dont_touch on net '*cell*85/a[9]' may be overridden by compile because it
        is connected to generic logic. Use all_connected to see net
        connections. (OPT-461)
Warning: Dont_touch on net '*cell*85/a[10]' may be overridden by compile because it
        is connected to generic logic. Use all_connected to see net
        connections. (OPT-461)
Warning: Dont_touch on net '*cell*85/a[11]' may be overridden by compile because it
        is connected to generic logic. Use all_connected to see net
        connections. (OPT-461)
Warning: Dont_touch on net '*cell*85/a[12]' may be overridden by compile because it
        is connected to generic logic. Use all_connected to see net
        connections. (OPT-461)
Warning: Dont_touch on net '*cell*85/a[13]' may be overridden by compile because it
        is connected to generic logic. Use all_connected to see net
        connections. (OPT-461)
Warning: Dont_touch on net '*cell*85/a[14]' may be overridden by compile because it
        is connected to generic logic. Use all_connected to see net
        connections. (OPT-461)
Warning: Dont_touch on net '*cell*85/a[15]' may be overridden by compile because it
        is connected to generic logic. Use all_connected to see net
        connections. (OPT-461)
Warning: Dont_touch on net '*cell*85/a[16]' may be overridden by compile because it
        is connected to generic logic. Use all_connected to see net
        connections. (OPT-461)
Warning: Dont_touch on net '*cell*85/a[17]' may be overridden by compile because it
        is connected to generic logic. Use all_connected to see net
        connections. (OPT-461)
Warning: Dont_touch on net '*cell*85/a[18]' may be overridden by compile because it
        is connected to generic logic. Use all_connected to see net
        connections. (OPT-461)
Warning: Dont_touch on net '*cell*85/a[19]' may be overridden by compile because it
        is connected to generic logic. Use all_connected to see net
        connections. (OPT-461)
Warning: Dont_touch on net '*cell*85/a[20]' may be overridden by compile because it
        is connected to generic logic. Use all_connected to see net
        connections. (OPT-461)
Warning: Dont_touch on net '*cell*85/a[21]' may be overridden by compile because it
        is connected to generic logic. Use all_connected to see net
        connections. (OPT-461)
Warning: Dont_touch on net '*cell*85/a[22]' may be overridden by compile because it
        is connected to generic logic. Use all_connected to see net
        connections. (OPT-461)
Warning: Dont_touch on net '*cell*85/*Logic0*' may be overridden by compile because it
        is connected to generic logic. Use all_connected to see net
        connections. (OPT-461)
Warning: Dont_touch on net '*cell*89/M_2scompl[0]' may be overridden by compile because it
        is connected to generic logic. Use all_connected to see net
        connections. (OPT-461)
Warning: Dont_touch on net '*cell*89/M_2scompl[1]' may be overridden by compile because it
        is connected to generic logic. Use all_connected to see net
        connections. (OPT-461)
Warning: Dont_touch on net '*cell*89/M_2scompl[2]' may be overridden by compile because it
        is connected to generic logic. Use all_connected to see net
        connections. (OPT-461)
Warning: Dont_touch on net '*cell*89/M_2scompl[3]' may be overridden by compile because it
        is connected to generic logic. Use all_connected to see net
        connections. (OPT-461)
Warning: Dont_touch on net '*cell*89/M_2scompl[4]' may be overridden by compile because it
        is connected to generic logic. Use all_connected to see net
        connections. (OPT-461)
Warning: Dont_touch on net '*cell*89/M_2scompl[5]' may be overridden by compile because it
        is connected to generic logic. Use all_connected to see net
        connections. (OPT-461)
Warning: Dont_touch on net '*cell*89/M_2scompl[6]' may be overridden by compile because it
        is connected to generic logic. Use all_connected to see net
        connections. (OPT-461)
Warning: Dont_touch on net '*cell*89/M_2scompl[7]' may be overridden by compile because it
        is connected to generic logic. Use all_connected to see net
        connections. (OPT-461)
Warning: Dont_touch on net '*cell*89/M_2scompl[8]' may be overridden by compile because it
        is connected to generic logic. Use all_connected to see net
        connections. (OPT-461)
Warning: Dont_touch on net '*cell*89/M_2scompl[9]' may be overridden by compile because it
        is connected to generic logic. Use all_connected to see net
        connections. (OPT-461)
Warning: Dont_touch on net '*cell*89/M_2scompl[10]' may be overridden by compile because it
        is connected to generic logic. Use all_connected to see net
        connections. (OPT-461)
Warning: Dont_touch on net '*cell*89/M_2scompl[11]' may be overridden by compile because it
        is connected to generic logic. Use all_connected to see net
        connections. (OPT-461)
Warning: Dont_touch on net '*cell*89/M_2scompl[12]' may be overridden by compile because it
        is connected to generic logic. Use all_connected to see net
        connections. (OPT-461)
Warning: Dont_touch on net '*cell*89/M_2scompl[13]' may be overridden by compile because it
        is connected to generic logic. Use all_connected to see net
        connections. (OPT-461)
Warning: Dont_touch on net '*cell*89/M_2scompl[14]' may be overridden by compile because it
        is connected to generic logic. Use all_connected to see net
        connections. (OPT-461)
Warning: Dont_touch on net '*cell*89/M_2scompl[15]' may be overridden by compile because it
        is connected to generic logic. Use all_connected to see net
        connections. (OPT-461)
Warning: Dont_touch on net '*cell*89/M_2scompl[16]' may be overridden by compile because it
        is connected to generic logic. Use all_connected to see net
        connections. (OPT-461)
Warning: Dont_touch on net '*cell*89/M_2scompl[17]' may be overridden by compile because it
        is connected to generic logic. Use all_connected to see net
        connections. (OPT-461)
Warning: Dont_touch on net '*cell*89/M_2scompl[18]' may be overridden by compile because it
        is connected to generic logic. Use all_connected to see net
        connections. (OPT-461)
Warning: Dont_touch on net '*cell*89/M_2scompl[19]' may be overridden by compile because it
        is connected to generic logic. Use all_connected to see net
        connections. (OPT-461)
Warning: Dont_touch on net '*cell*89/M_2scompl[20]' may be overridden by compile because it
        is connected to generic logic. Use all_connected to see net
        connections. (OPT-461)
Warning: Dont_touch on net '*cell*89/M_2scompl[21]' may be overridden by compile because it
        is connected to generic logic. Use all_connected to see net
        connections. (OPT-461)
Warning: Dont_touch on net '*cell*89/M_2scompl[22]' may be overridden by compile because it
        is connected to generic logic. Use all_connected to see net
        connections. (OPT-461)
Warning: Dont_touch on net '*cell*89/M_2scompl[23]' may be overridden by compile because it
        is connected to generic logic. Use all_connected to see net
        connections. (OPT-461)
Warning: Dont_touch on net '*cell*89/M_2scompl[24]' may be overridden by compile because it
        is connected to generic logic. Use all_connected to see net
        connections. (OPT-461)
Warning: Dont_touch on net '*cell*89/a[0]' may be overridden by compile because it
        is connected to generic logic. Use all_connected to see net
        connections. (OPT-461)
Warning: Dont_touch on net '*cell*89/a[1]' may be overridden by compile because it
        is connected to generic logic. Use all_connected to see net
        connections. (OPT-461)
Warning: Dont_touch on net '*cell*89/a[2]' may be overridden by compile because it
        is connected to generic logic. Use all_connected to see net
        connections. (OPT-461)
Warning: Dont_touch on net '*cell*89/a[3]' may be overridden by compile because it
        is connected to generic logic. Use all_connected to see net
        connections. (OPT-461)
Warning: Dont_touch on net '*cell*89/a[4]' may be overridden by compile because it
        is connected to generic logic. Use all_connected to see net
        connections. (OPT-461)
Warning: Dont_touch on net '*cell*89/a[5]' may be overridden by compile because it
        is connected to generic logic. Use all_connected to see net
        connections. (OPT-461)
Warning: Dont_touch on net '*cell*89/a[6]' may be overridden by compile because it
        is connected to generic logic. Use all_connected to see net
        connections. (OPT-461)
Warning: Dont_touch on net '*cell*89/a[7]' may be overridden by compile because it
        is connected to generic logic. Use all_connected to see net
        connections. (OPT-461)
Warning: Dont_touch on net '*cell*89/a[8]' may be overridden by compile because it
        is connected to generic logic. Use all_connected to see net
        connections. (OPT-461)
Warning: Dont_touch on net '*cell*89/a[9]' may be overridden by compile because it
        is connected to generic logic. Use all_connected to see net
        connections. (OPT-461)
Warning: Dont_touch on net '*cell*89/a[10]' may be overridden by compile because it
        is connected to generic logic. Use all_connected to see net
        connections. (OPT-461)
Warning: Dont_touch on net '*cell*89/a[11]' may be overridden by compile because it
        is connected to generic logic. Use all_connected to see net
        connections. (OPT-461)
Warning: Dont_touch on net '*cell*89/a[12]' may be overridden by compile because it
        is connected to generic logic. Use all_connected to see net
        connections. (OPT-461)
Warning: Dont_touch on net '*cell*89/a[13]' may be overridden by compile because it
        is connected to generic logic. Use all_connected to see net
        connections. (OPT-461)
Warning: Dont_touch on net '*cell*89/a[14]' may be overridden by compile because it
        is connected to generic logic. Use all_connected to see net
        connections. (OPT-461)
Warning: Dont_touch on net '*cell*89/a[15]' may be overridden by compile because it
        is connected to generic logic. Use all_connected to see net
        connections. (OPT-461)
Warning: Dont_touch on net '*cell*89/a[16]' may be overridden by compile because it
        is connected to generic logic. Use all_connected to see net
        connections. (OPT-461)
Warning: Dont_touch on net '*cell*89/a[17]' may be overridden by compile because it
        is connected to generic logic. Use all_connected to see net
        connections. (OPT-461)
Warning: Dont_touch on net '*cell*89/a[18]' may be overridden by compile because it
        is connected to generic logic. Use all_connected to see net
        connections. (OPT-461)
Warning: Dont_touch on net '*cell*89/a[19]' may be overridden by compile because it
        is connected to generic logic. Use all_connected to see net
        connections. (OPT-461)
Warning: Dont_touch on net '*cell*89/a[20]' may be overridden by compile because it
        is connected to generic logic. Use all_connected to see net
        connections. (OPT-461)
Warning: Dont_touch on net '*cell*89/a[21]' may be overridden by compile because it
        is connected to generic logic. Use all_connected to see net
        connections. (OPT-461)
Warning: Dont_touch on net '*cell*89/a[22]' may be overridden by compile because it
        is connected to generic logic. Use all_connected to see net
        connections. (OPT-461)
Warning: Dont_touch on net '*cell*89/*Logic0*' may be overridden by compile because it
        is connected to generic logic. Use all_connected to see net
        connections. (OPT-461)
Warning: Dont_touch on net '*cell*91/N96' may be overridden by compile because it
        is connected to generic logic. Use all_connected to see net
        connections. (OPT-461)
Warning: Dont_touch on net '*cell*91/N95' may be overridden by compile because it
        is connected to generic logic. Use all_connected to see net
        connections. (OPT-461)
Warning: Dont_touch on net '*cell*91/N94' may be overridden by compile because it
        is connected to generic logic. Use all_connected to see net
        connections. (OPT-461)
Warning: Dont_touch on net '*cell*91/N93' may be overridden by compile because it
        is connected to generic logic. Use all_connected to see net
        connections. (OPT-461)
Warning: Dont_touch on net '*cell*91/N92' may be overridden by compile because it
        is connected to generic logic. Use all_connected to see net
        connections. (OPT-461)
Warning: Dont_touch on net '*cell*91/N91' may be overridden by compile because it
        is connected to generic logic. Use all_connected to see net
        connections. (OPT-461)
Warning: Dont_touch on net '*cell*91/N90' may be overridden by compile because it
        is connected to generic logic. Use all_connected to see net
        connections. (OPT-461)
Warning: Dont_touch on net '*cell*91/N89' may be overridden by compile because it
        is connected to generic logic. Use all_connected to see net
        connections. (OPT-461)
Warning: Dont_touch on net '*cell*91/*Logic0*' may be overridden by compile because it
        is connected to generic logic. Use all_connected to see net
        connections. (OPT-461)
Warning: Dont_touch on net '*cell*93/N104' may be overridden by compile because it
        is connected to generic logic. Use all_connected to see net
        connections. (OPT-461)
Warning: Dont_touch on net '*cell*93/N103' may be overridden by compile because it
        is connected to generic logic. Use all_connected to see net
        connections. (OPT-461)
Warning: Dont_touch on net '*cell*93/N102' may be overridden by compile because it
        is connected to generic logic. Use all_connected to see net
        connections. (OPT-461)
Warning: Dont_touch on net '*cell*93/N101' may be overridden by compile because it
        is connected to generic logic. Use all_connected to see net
        connections. (OPT-461)
Warning: Dont_touch on net '*cell*93/N100' may be overridden by compile because it
        is connected to generic logic. Use all_connected to see net
        connections. (OPT-461)
Warning: Dont_touch on net '*cell*93/N99' may be overridden by compile because it
        is connected to generic logic. Use all_connected to see net
        connections. (OPT-461)
Warning: Dont_touch on net '*cell*93/N98' may be overridden by compile because it
        is connected to generic logic. Use all_connected to see net
        connections. (OPT-461)
Warning: Dont_touch on net '*cell*93/N97' may be overridden by compile because it
        is connected to generic logic. Use all_connected to see net
        connections. (OPT-461)
Warning: Dont_touch on net '*cell*93/N96' may be overridden by compile because it
        is connected to generic logic. Use all_connected to see net
        connections. (OPT-461)
Warning: Dont_touch on net '*cell*93/*Logic0*' may be overridden by compile because it
        is connected to generic logic. Use all_connected to see net
        connections. (OPT-461)
Warning: Dont_touch on net '*cell*95/*Logic0*' may be overridden by compile because it
        is connected to generic logic. Use all_connected to see net
        connections. (OPT-461)
  Allocating blocks in 'DW_ifp_fp_conv_sig_widthi51_exp_widthi10_sig_width23_exp_width8_use_denormal0'
Information: Changed wire load model for 'alt1' from '(none)' to 'G5K'. (OPT-170)
Information: Changed wire load model for 'apparch' from '(none)' to 'G5K'. (OPT-170)
Information: Changed wire load model for 'alt1' from '(none)' to 'G5K'. (OPT-170)
Information: Changed wire load model for 'apparch' from '(none)' to 'G5K'. (OPT-170)
Information: Changed wire load model for 'alt1' from '(none)' to 'G5K'. (OPT-170)
Information: Changed wire load model for 'astr' from '(none)' to 'G5K'. (OPT-170)
  Allocating blocks in 'DW_lzd_a_width52'
  Allocating blocks in 'DW_lzod_a_width52_detect_10'
Information: Changed wire load model for 'alt1' from '(none)' to 'G5K'. (OPT-170)
Information: Changed wire load model for 'astr' from '(none)' to 'G5K'. (OPT-170)
Information: Changed wire load model for 'alt1' from '(none)' to 'G5K'. (OPT-170)
Information: Changed wire load model for 'apparch' from '(none)' to 'G5K'. (OPT-170)
Information: Changed wire load model for 'alt1' from '(none)' to 'G5K'. (OPT-170)
Information: Changed wire load model for 'apparch' from '(none)' to 'G5K'. (OPT-170)
  Allocating blocks in 'DW_ifp_addsub_sig_widthi28_exp_widthi9_sig_widtho51_exp_widtho10_use_denormal0_use_1scmpl0'
Information: Changed wire load model for 'alt1' from '(none)' to 'G5K'. (OPT-170)
Information: Changed wire load model for 'astr' from '(none)' to 'G5K'. (OPT-170)
Information: Changed wire load model for 'alt1' from '(none)' to 'G5K'. (OPT-170)
Information: Changed wire load model for 'astr' from '(none)' to 'G5K'. (OPT-170)
Information: Changed wire load model for 'alt1' from '(none)' to 'G5K'. (OPT-170)
Information: Changed wire load model for 'apparch' from '(none)' to 'G5K'. (OPT-170)
Information: Changed wire load model for 'alt1' from '(none)' to 'G5K'. (OPT-170)
Information: Changed wire load model for 'apparch' from '(none)' to 'G5K'. (OPT-170)
Information: Changed wire load model for 'alt1' from '(none)' to 'G5K'. (OPT-170)
Information: Changed wire load model for 'astr' from '(none)' to 'G5K'. (OPT-170)
  Allocating blocks in 'DW_ifp_addsub_sig_widthi25_exp_widthi8_sig_widtho28_exp_widtho9_use_denormal0_use_1scmpl0'
Information: Changed wire load model for 'alt1' from '(none)' to 'G5K'. (OPT-170)
Information: Changed wire load model for 'astr' from '(none)' to 'G5K'. (OPT-170)
Information: Changed wire load model for 'alt1' from '(none)' to 'G5K'. (OPT-170)
Information: Changed wire load model for 'astr' from '(none)' to 'G5K'. (OPT-170)
Information: Changed wire load model for 'alt1' from '(none)' to 'G5K'. (OPT-170)
Information: Changed wire load model for 'apparch' from '(none)' to 'G5K'. (OPT-170)
Information: Changed wire load model for 'alt1' from '(none)' to 'G5K'. (OPT-170)
Information: Changed wire load model for 'apparch' from '(none)' to 'G5K'. (OPT-170)
Information: Changed wire load model for 'alt1' from '(none)' to 'G5K'. (OPT-170)
Information: Changed wire load model for 'astr' from '(none)' to 'G5K'. (OPT-170)
  Allocating blocks in 'DW_fp_ifp_conv_sig_widthi23_exp_widthi8_sig_widtho28_exp_widtho9_use_denormal0_use_1scmpl0'
  Allocating blocks in 'DW_fp_ifp_conv_sig_widthi23_exp_widthi8_sig_widtho25_exp_widtho8_use_denormal0_use_1scmpl0'
Information: Changed wire load model for 'alt1' from '(none)' to 'G5K'. (OPT-170)
Information: Changed wire load model for 'astr' from '(none)' to 'G5K'. (OPT-170)
Information: Changed wire load model for 'alt1' from '(none)' to 'G5K'. (OPT-170)
Information: Changed wire load model for 'apparch' from '(none)' to 'G5K'. (OPT-170)
Information: Changed wire load model for 'alt1' from '(none)' to 'G5K'. (OPT-170)
Information: Changed wire load model for 'apparch' from '(none)' to 'G5K'. (OPT-170)
Information: Changed wire load model for 'alt1' from '(none)' to 'G5K'. (OPT-170)
Information: Changed wire load model for 'apparch' from '(none)' to 'G5K'. (OPT-170)
  Allocating blocks in 'DW_lzd_a_width53'
  Allocating blocks in 'DW_lzod_a_width53_detect_10'
Information: Changed wire load model for 'alt1' from '(none)' to 'G5K'. (OPT-170)
Information: Changed wire load model for 'apparch' from '(none)' to 'G5K'. (OPT-170)
Information: Changed wire load model for 'alt1' from '(none)' to 'G5K'. (OPT-170)
Information: Changed wire load model for 'apparch' from '(none)' to 'G5K'. (OPT-170)
Information: Changed wire load model for 'alt1' from '(none)' to 'G5K'. (OPT-170)
Information: Changed wire load model for 'astr' from '(none)' to 'G5K'. (OPT-170)
Information: Changed wire load model for 'alt1' from '(none)' to 'G5K'. (OPT-170)
Information: Changed wire load model for 'astr' from '(none)' to 'G5K'. (OPT-170)
Information: Changed wire load model for 'alt1' from '(none)' to 'G5K'. (OPT-170)
Information: Changed wire load model for 'apparch' from '(none)' to 'G5K'. (OPT-170)
Information: Changed wire load model for 'alt1' from '(none)' to 'G5K'. (OPT-170)
Information: Changed wire load model for 'astr' from '(none)' to 'G5K'. (OPT-170)
Information: Changed wire load model for 'alt1' from '(none)' to 'G5K'. (OPT-170)
Information: Changed wire load model for 'astr' from '(none)' to 'G5K'. (OPT-170)
Information: Changed wire load model for 'alt1' from '(none)' to 'G5K'. (OPT-170)
Information: Changed wire load model for 'astr' from '(none)' to 'G5K'. (OPT-170)
Information: Changed wire load model for 'alt1' from '(none)' to 'G5K'. (OPT-170)
Information: Changed wire load model for 'astr' from '(none)' to 'G5K'. (OPT-170)
Information: Changed wire load model for 'alt1' from '(none)' to 'G5K'. (OPT-170)
Information: Changed wire load model for 'apparch' from '(none)' to 'G5K'. (OPT-170)
Information: Changed wire load model for 'alt1' from '(none)' to 'G5K'. (OPT-170)
Information: Changed wire load model for 'apparch' from '(none)' to 'G5K'. (OPT-170)
Information: Changed wire load model for 'alt1' from '(none)' to 'G5K'. (OPT-170)
Information: Changed wire load model for 'apparch' from '(none)' to 'G5K'. (OPT-170)
Information: Changed wire load model for 'alt1' from '(none)' to 'G5K'. (OPT-170)
Information: Changed wire load model for 'apparch' from '(none)' to 'G5K'. (OPT-170)
  Allocating blocks in 'DW_fp_sum3_sig_width23_exp_width8_ieee_compliance0_arch_type0'
Warning: Dont_touch on net '*cell*85/M_2scompl[0]' may be overridden by compile because it
        is connected to generic logic. Use all_connected to see net
        connections. (OPT-461)
Warning: Dont_touch on net '*cell*85/M_2scompl[1]' may be overridden by compile because it
        is connected to generic logic. Use all_connected to see net
        connections. (OPT-461)
Warning: Dont_touch on net '*cell*85/M_2scompl[2]' may be overridden by compile because it
        is connected to generic logic. Use all_connected to see net
        connections. (OPT-461)
Warning: Dont_touch on net '*cell*85/M_2scompl[3]' may be overridden by compile because it
        is connected to generic logic. Use all_connected to see net
        connections. (OPT-461)
Warning: Dont_touch on net '*cell*85/M_2scompl[4]' may be overridden by compile because it
        is connected to generic logic. Use all_connected to see net
        connections. (OPT-461)
Warning: Dont_touch on net '*cell*85/M_2scompl[5]' may be overridden by compile because it
        is connected to generic logic. Use all_connected to see net
        connections. (OPT-461)
Warning: Dont_touch on net '*cell*85/M_2scompl[6]' may be overridden by compile because it
        is connected to generic logic. Use all_connected to see net
        connections. (OPT-461)
Warning: Dont_touch on net '*cell*85/M_2scompl[7]' may be overridden by compile because it
        is connected to generic logic. Use all_connected to see net
        connections. (OPT-461)
Warning: Dont_touch on net '*cell*85/M_2scompl[8]' may be overridden by compile because it
        is connected to generic logic. Use all_connected to see net
        connections. (OPT-461)
Warning: Dont_touch on net '*cell*85/M_2scompl[9]' may be overridden by compile because it
        is connected to generic logic. Use all_connected to see net
        connections. (OPT-461)
Warning: Dont_touch on net '*cell*85/M_2scompl[10]' may be overridden by compile because it
        is connected to generic logic. Use all_connected to see net
        connections. (OPT-461)
Warning: Dont_touch on net '*cell*85/M_2scompl[11]' may be overridden by compile because it
        is connected to generic logic. Use all_connected to see net
        connections. (OPT-461)
Warning: Dont_touch on net '*cell*85/M_2scompl[12]' may be overridden by compile because it
        is connected to generic logic. Use all_connected to see net
        connections. (OPT-461)
Warning: Dont_touch on net '*cell*85/M_2scompl[13]' may be overridden by compile because it
        is connected to generic logic. Use all_connected to see net
        connections. (OPT-461)
Warning: Dont_touch on net '*cell*85/M_2scompl[14]' may be overridden by compile because it
        is connected to generic logic. Use all_connected to see net
        connections. (OPT-461)
Warning: Dont_touch on net '*cell*85/M_2scompl[15]' may be overridden by compile because it
        is connected to generic logic. Use all_connected to see net
        connections. (OPT-461)
Warning: Dont_touch on net '*cell*85/M_2scompl[16]' may be overridden by compile because it
        is connected to generic logic. Use all_connected to see net
        connections. (OPT-461)
Warning: Dont_touch on net '*cell*85/M_2scompl[17]' may be overridden by compile because it
        is connected to generic logic. Use all_connected to see net
        connections. (OPT-461)
Warning: Dont_touch on net '*cell*85/M_2scompl[18]' may be overridden by compile because it
        is connected to generic logic. Use all_connected to see net
        connections. (OPT-461)
Warning: Dont_touch on net '*cell*85/M_2scompl[19]' may be overridden by compile because it
        is connected to generic logic. Use all_connected to see net
        connections. (OPT-461)
Warning: Dont_touch on net '*cell*85/M_2scompl[20]' may be overridden by compile because it
        is connected to generic logic. Use all_connected to see net
        connections. (OPT-461)
Warning: Dont_touch on net '*cell*85/M_2scompl[21]' may be overridden by compile because it
        is connected to generic logic. Use all_connected to see net
        connections. (OPT-461)
Warning: Dont_touch on net '*cell*85/M_2scompl[22]' may be overridden by compile because it
        is connected to generic logic. Use all_connected to see net
        connections. (OPT-461)
Warning: Dont_touch on net '*cell*85/M_2scompl[23]' may be overridden by compile because it
        is connected to generic logic. Use all_connected to see net
        connections. (OPT-461)
Warning: Dont_touch on net '*cell*85/M_2scompl[24]' may be overridden by compile because it
        is connected to generic logic. Use all_connected to see net
        connections. (OPT-461)
Warning: Dont_touch on net '*cell*85/a[0]' may be overridden by compile because it
        is connected to generic logic. Use all_connected to see net
        connections. (OPT-461)
Warning: Dont_touch on net '*cell*85/a[1]' may be overridden by compile because it
        is connected to generic logic. Use all_connected to see net
        connections. (OPT-461)
Warning: Dont_touch on net '*cell*85/a[2]' may be overridden by compile because it
        is connected to generic logic. Use all_connected to see net
        connections. (OPT-461)
Warning: Dont_touch on net '*cell*85/a[3]' may be overridden by compile because it
        is connected to generic logic. Use all_connected to see net
        connections. (OPT-461)
Warning: Dont_touch on net '*cell*85/a[4]' may be overridden by compile because it
        is connected to generic logic. Use all_connected to see net
        connections. (OPT-461)
Warning: Dont_touch on net '*cell*85/a[5]' may be overridden by compile because it
        is connected to generic logic. Use all_connected to see net
        connections. (OPT-461)
Warning: Dont_touch on net '*cell*85/a[6]' may be overridden by compile because it
        is connected to generic logic. Use all_connected to see net
        connections. (OPT-461)
Warning: Dont_touch on net '*cell*85/a[7]' may be overridden by compile because it
        is connected to generic logic. Use all_connected to see net
        connections. (OPT-461)
Warning: Dont_touch on net '*cell*85/a[8]' may be overridden by compile because it
        is connected to generic logic. Use all_connected to see net
        connections. (OPT-461)
Warning: Dont_touch on net '*cell*85/a[9]' may be overridden by compile because it
        is connected to generic logic. Use all_connected to see net
        connections. (OPT-461)
Warning: Dont_touch on net '*cell*85/a[10]' may be overridden by compile because it
        is connected to generic logic. Use all_connected to see net
        connections. (OPT-461)
Warning: Dont_touch on net '*cell*85/a[11]' may be overridden by compile because it
        is connected to generic logic. Use all_connected to see net
        connections. (OPT-461)
Warning: Dont_touch on net '*cell*85/a[12]' may be overridden by compile because it
        is connected to generic logic. Use all_connected to see net
        connections. (OPT-461)
Warning: Dont_touch on net '*cell*85/a[13]' may be overridden by compile because it
        is connected to generic logic. Use all_connected to see net
        connections. (OPT-461)
Warning: Dont_touch on net '*cell*85/a[14]' may be overridden by compile because it
        is connected to generic logic. Use all_connected to see net
        connections. (OPT-461)
Warning: Dont_touch on net '*cell*85/a[15]' may be overridden by compile because it
        is connected to generic logic. Use all_connected to see net
        connections. (OPT-461)
Warning: Dont_touch on net '*cell*85/a[16]' may be overridden by compile because it
        is connected to generic logic. Use all_connected to see net
        connections. (OPT-461)
Warning: Dont_touch on net '*cell*85/a[17]' may be overridden by compile because it
        is connected to generic logic. Use all_connected to see net
        connections. (OPT-461)
Warning: Dont_touch on net '*cell*85/a[18]' may be overridden by compile because it
        is connected to generic logic. Use all_connected to see net
        connections. (OPT-461)
Warning: Dont_touch on net '*cell*85/a[19]' may be overridden by compile because it
        is connected to generic logic. Use all_connected to see net
        connections. (OPT-461)
Warning: Dont_touch on net '*cell*85/a[20]' may be overridden by compile because it
        is connected to generic logic. Use all_connected to see net
        connections. (OPT-461)
Warning: Dont_touch on net '*cell*85/a[21]' may be overridden by compile because it
        is connected to generic logic. Use all_connected to see net
        connections. (OPT-461)
Warning: Dont_touch on net '*cell*85/a[22]' may be overridden by compile because it
        is connected to generic logic. Use all_connected to see net
        connections. (OPT-461)
Warning: Dont_touch on net '*cell*85/*Logic0*' may be overridden by compile because it
        is connected to generic logic. Use all_connected to see net
        connections. (OPT-461)
Warning: Dont_touch on net '*cell*89/M_2scompl[0]' may be overridden by compile because it
        is connected to generic logic. Use all_connected to see net
        connections. (OPT-461)
Warning: Dont_touch on net '*cell*89/M_2scompl[1]' may be overridden by compile because it
        is connected to generic logic. Use all_connected to see net
        connections. (OPT-461)
Warning: Dont_touch on net '*cell*89/M_2scompl[2]' may be overridden by compile because it
        is connected to generic logic. Use all_connected to see net
        connections. (OPT-461)
Warning: Dont_touch on net '*cell*89/M_2scompl[3]' may be overridden by compile because it
        is connected to generic logic. Use all_connected to see net
        connections. (OPT-461)
Warning: Dont_touch on net '*cell*89/M_2scompl[4]' may be overridden by compile because it
        is connected to generic logic. Use all_connected to see net
        connections. (OPT-461)
Warning: Dont_touch on net '*cell*89/M_2scompl[5]' may be overridden by compile because it
        is connected to generic logic. Use all_connected to see net
        connections. (OPT-461)
Warning: Dont_touch on net '*cell*89/M_2scompl[6]' may be overridden by compile because it
        is connected to generic logic. Use all_connected to see net
        connections. (OPT-461)
Warning: Dont_touch on net '*cell*89/M_2scompl[7]' may be overridden by compile because it
        is connected to generic logic. Use all_connected to see net
        connections. (OPT-461)
Warning: Dont_touch on net '*cell*89/M_2scompl[8]' may be overridden by compile because it
        is connected to generic logic. Use all_connected to see net
        connections. (OPT-461)
Warning: Dont_touch on net '*cell*89/M_2scompl[9]' may be overridden by compile because it
        is connected to generic logic. Use all_connected to see net
        connections. (OPT-461)
Warning: Dont_touch on net '*cell*89/M_2scompl[10]' may be overridden by compile because it
        is connected to generic logic. Use all_connected to see net
        connections. (OPT-461)
Warning: Dont_touch on net '*cell*89/M_2scompl[11]' may be overridden by compile because it
        is connected to generic logic. Use all_connected to see net
        connections. (OPT-461)
Warning: Dont_touch on net '*cell*89/M_2scompl[12]' may be overridden by compile because it
        is connected to generic logic. Use all_connected to see net
        connections. (OPT-461)
Warning: Dont_touch on net '*cell*89/M_2scompl[13]' may be overridden by compile because it
        is connected to generic logic. Use all_connected to see net
        connections. (OPT-461)
Warning: Dont_touch on net '*cell*89/M_2scompl[14]' may be overridden by compile because it
        is connected to generic logic. Use all_connected to see net
        connections. (OPT-461)
Warning: Dont_touch on net '*cell*89/M_2scompl[15]' may be overridden by compile because it
        is connected to generic logic. Use all_connected to see net
        connections. (OPT-461)
Warning: Dont_touch on net '*cell*89/M_2scompl[16]' may be overridden by compile because it
        is connected to generic logic. Use all_connected to see net
        connections. (OPT-461)
Warning: Dont_touch on net '*cell*89/M_2scompl[17]' may be overridden by compile because it
        is connected to generic logic. Use all_connected to see net
        connections. (OPT-461)
Warning: Dont_touch on net '*cell*89/M_2scompl[18]' may be overridden by compile because it
        is connected to generic logic. Use all_connected to see net
        connections. (OPT-461)
Warning: Dont_touch on net '*cell*89/M_2scompl[19]' may be overridden by compile because it
        is connected to generic logic. Use all_connected to see net
        connections. (OPT-461)
Warning: Dont_touch on net '*cell*89/M_2scompl[20]' may be overridden by compile because it
        is connected to generic logic. Use all_connected to see net
        connections. (OPT-461)
Warning: Dont_touch on net '*cell*89/M_2scompl[21]' may be overridden by compile because it
        is connected to generic logic. Use all_connected to see net
        connections. (OPT-461)
Warning: Dont_touch on net '*cell*89/M_2scompl[22]' may be overridden by compile because it
        is connected to generic logic. Use all_connected to see net
        connections. (OPT-461)
Warning: Dont_touch on net '*cell*89/M_2scompl[23]' may be overridden by compile because it
        is connected to generic logic. Use all_connected to see net
        connections. (OPT-461)
Warning: Dont_touch on net '*cell*89/M_2scompl[24]' may be overridden by compile because it
        is connected to generic logic. Use all_connected to see net
        connections. (OPT-461)
Warning: Dont_touch on net '*cell*89/a[0]' may be overridden by compile because it
        is connected to generic logic. Use all_connected to see net
        connections. (OPT-461)
Warning: Dont_touch on net '*cell*89/a[1]' may be overridden by compile because it
        is connected to generic logic. Use all_connected to see net
        connections. (OPT-461)
Warning: Dont_touch on net '*cell*89/a[2]' may be overridden by compile because it
        is connected to generic logic. Use all_connected to see net
        connections. (OPT-461)
Warning: Dont_touch on net '*cell*89/a[3]' may be overridden by compile because it
        is connected to generic logic. Use all_connected to see net
        connections. (OPT-461)
Warning: Dont_touch on net '*cell*89/a[4]' may be overridden by compile because it
        is connected to generic logic. Use all_connected to see net
        connections. (OPT-461)
Warning: Dont_touch on net '*cell*89/a[5]' may be overridden by compile because it
        is connected to generic logic. Use all_connected to see net
        connections. (OPT-461)
Warning: Dont_touch on net '*cell*89/a[6]' may be overridden by compile because it
        is connected to generic logic. Use all_connected to see net
        connections. (OPT-461)
Warning: Dont_touch on net '*cell*89/a[7]' may be overridden by compile because it
        is connected to generic logic. Use all_connected to see net
        connections. (OPT-461)
Warning: Dont_touch on net '*cell*89/a[8]' may be overridden by compile because it
        is connected to generic logic. Use all_connected to see net
        connections. (OPT-461)
Warning: Dont_touch on net '*cell*89/a[9]' may be overridden by compile because it
        is connected to generic logic. Use all_connected to see net
        connections. (OPT-461)
Warning: Dont_touch on net '*cell*89/a[10]' may be overridden by compile because it
        is connected to generic logic. Use all_connected to see net
        connections. (OPT-461)
Warning: Dont_touch on net '*cell*89/a[11]' may be overridden by compile because it
        is connected to generic logic. Use all_connected to see net
        connections. (OPT-461)
Warning: Dont_touch on net '*cell*89/a[12]' may be overridden by compile because it
        is connected to generic logic. Use all_connected to see net
        connections. (OPT-461)
Warning: Dont_touch on net '*cell*89/a[13]' may be overridden by compile because it
        is connected to generic logic. Use all_connected to see net
        connections. (OPT-461)
Warning: Dont_touch on net '*cell*89/a[14]' may be overridden by compile because it
        is connected to generic logic. Use all_connected to see net
        connections. (OPT-461)
Warning: Dont_touch on net '*cell*89/a[15]' may be overridden by compile because it
        is connected to generic logic. Use all_connected to see net
        connections. (OPT-461)
Warning: Dont_touch on net '*cell*89/a[16]' may be overridden by compile because it
        is connected to generic logic. Use all_connected to see net
        connections. (OPT-461)
Warning: Dont_touch on net '*cell*89/a[17]' may be overridden by compile because it
        is connected to generic logic. Use all_connected to see net
        connections. (OPT-461)
Warning: Dont_touch on net '*cell*89/a[18]' may be overridden by compile because it
        is connected to generic logic. Use all_connected to see net
        connections. (OPT-461)
Warning: Dont_touch on net '*cell*89/a[19]' may be overridden by compile because it
        is connected to generic logic. Use all_connected to see net
        connections. (OPT-461)
Warning: Dont_touch on net '*cell*89/a[20]' may be overridden by compile because it
        is connected to generic logic. Use all_connected to see net
        connections. (OPT-461)
Warning: Dont_touch on net '*cell*89/a[21]' may be overridden by compile because it
        is connected to generic logic. Use all_connected to see net
        connections. (OPT-461)
Warning: Dont_touch on net '*cell*89/a[22]' may be overridden by compile because it
        is connected to generic logic. Use all_connected to see net
        connections. (OPT-461)
Warning: Dont_touch on net '*cell*89/*Logic0*' may be overridden by compile because it
        is connected to generic logic. Use all_connected to see net
        connections. (OPT-461)
Warning: Dont_touch on net '*cell*91/N96' may be overridden by compile because it
        is connected to generic logic. Use all_connected to see net
        connections. (OPT-461)
Warning: Dont_touch on net '*cell*91/N95' may be overridden by compile because it
        is connected to generic logic. Use all_connected to see net
        connections. (OPT-461)
Warning: Dont_touch on net '*cell*91/N94' may be overridden by compile because it
        is connected to generic logic. Use all_connected to see net
        connections. (OPT-461)
Warning: Dont_touch on net '*cell*91/N93' may be overridden by compile because it
        is connected to generic logic. Use all_connected to see net
        connections. (OPT-461)
Warning: Dont_touch on net '*cell*91/N92' may be overridden by compile because it
        is connected to generic logic. Use all_connected to see net
        connections. (OPT-461)
Warning: Dont_touch on net '*cell*91/N91' may be overridden by compile because it
        is connected to generic logic. Use all_connected to see net
        connections. (OPT-461)
Warning: Dont_touch on net '*cell*91/N90' may be overridden by compile because it
        is connected to generic logic. Use all_connected to see net
        connections. (OPT-461)
Warning: Dont_touch on net '*cell*91/N89' may be overridden by compile because it
        is connected to generic logic. Use all_connected to see net
        connections. (OPT-461)
Warning: Dont_touch on net '*cell*91/*Logic0*' may be overridden by compile because it
        is connected to generic logic. Use all_connected to see net
        connections. (OPT-461)
Warning: Dont_touch on net '*cell*93/N104' may be overridden by compile because it
        is connected to generic logic. Use all_connected to see net
        connections. (OPT-461)
Warning: Dont_touch on net '*cell*93/N103' may be overridden by compile because it
        is connected to generic logic. Use all_connected to see net
        connections. (OPT-461)
Warning: Dont_touch on net '*cell*93/N102' may be overridden by compile because it
        is connected to generic logic. Use all_connected to see net
        connections. (OPT-461)
Warning: Dont_touch on net '*cell*93/N101' may be overridden by compile because it
        is connected to generic logic. Use all_connected to see net
        connections. (OPT-461)
Warning: Dont_touch on net '*cell*93/N100' may be overridden by compile because it
        is connected to generic logic. Use all_connected to see net
        connections. (OPT-461)
Warning: Dont_touch on net '*cell*93/N99' may be overridden by compile because it
        is connected to generic logic. Use all_connected to see net
        connections. (OPT-461)
Warning: Dont_touch on net '*cell*93/N98' may be overridden by compile because it
        is connected to generic logic. Use all_connected to see net
        connections. (OPT-461)
Warning: Dont_touch on net '*cell*93/N97' may be overridden by compile because it
        is connected to generic logic. Use all_connected to see net
        connections. (OPT-461)
Warning: Dont_touch on net '*cell*93/N96' may be overridden by compile because it
        is connected to generic logic. Use all_connected to see net
        connections. (OPT-461)
Warning: Dont_touch on net '*cell*93/*Logic0*' may be overridden by compile because it
        is connected to generic logic. Use all_connected to see net
        connections. (OPT-461)
Warning: Dont_touch on net '*cell*95/*Logic0*' may be overridden by compile because it
        is connected to generic logic. Use all_connected to see net
        connections. (OPT-461)
  Allocating blocks in 'DW_ifp_fp_conv_sig_widthi51_exp_widthi10_sig_width23_exp_width8_use_denormal0'
Information: Changed wire load model for 'alt1' from '(none)' to 'G5K'. (OPT-170)
Information: Changed wire load model for 'apparch' from '(none)' to 'G5K'. (OPT-170)
Information: Changed wire load model for 'alt1' from '(none)' to 'G5K'. (OPT-170)
Information: Changed wire load model for 'apparch' from '(none)' to 'G5K'. (OPT-170)
Information: Changed wire load model for 'alt1' from '(none)' to 'G5K'. (OPT-170)
Information: Changed wire load model for 'astr' from '(none)' to 'G5K'. (OPT-170)
  Allocating blocks in 'DW_lzd_a_width52'
  Allocating blocks in 'DW_lzod_a_width52_detect_10'
Information: Changed wire load model for 'alt1' from '(none)' to 'G5K'. (OPT-170)
Information: Changed wire load model for 'astr' from '(none)' to 'G5K'. (OPT-170)
Information: Changed wire load model for 'alt1' from '(none)' to 'G5K'. (OPT-170)
Information: Changed wire load model for 'apparch' from '(none)' to 'G5K'. (OPT-170)
Information: Changed wire load model for 'alt1' from '(none)' to 'G5K'. (OPT-170)
Information: Changed wire load model for 'apparch' from '(none)' to 'G5K'. (OPT-170)
  Allocating blocks in 'DW_ifp_addsub_sig_widthi28_exp_widthi9_sig_widtho51_exp_widtho10_use_denormal0_use_1scmpl0'
Information: Changed wire load model for 'alt1' from '(none)' to 'G5K'. (OPT-170)
Information: Changed wire load model for 'astr' from '(none)' to 'G5K'. (OPT-170)
Information: Changed wire load model for 'alt1' from '(none)' to 'G5K'. (OPT-170)
Information: Changed wire load model for 'astr' from '(none)' to 'G5K'. (OPT-170)
Information: Changed wire load model for 'alt1' from '(none)' to 'G5K'. (OPT-170)
Information: Changed wire load model for 'apparch' from '(none)' to 'G5K'. (OPT-170)
Information: Changed wire load model for 'alt1' from '(none)' to 'G5K'. (OPT-170)
Information: Changed wire load model for 'apparch' from '(none)' to 'G5K'. (OPT-170)
Information: Changed wire load model for 'alt1' from '(none)' to 'G5K'. (OPT-170)
Information: Changed wire load model for 'astr' from '(none)' to 'G5K'. (OPT-170)
  Allocating blocks in 'DW_ifp_addsub_sig_widthi25_exp_widthi8_sig_widtho28_exp_widtho9_use_denormal0_use_1scmpl0'
Information: Changed wire load model for 'alt1' from '(none)' to 'G5K'. (OPT-170)
Information: Changed wire load model for 'astr' from '(none)' to 'G5K'. (OPT-170)
Information: Changed wire load model for 'alt1' from '(none)' to 'G5K'. (OPT-170)
Information: Changed wire load model for 'astr' from '(none)' to 'G5K'. (OPT-170)
Information: Changed wire load model for 'alt1' from '(none)' to 'G5K'. (OPT-170)
Information: Changed wire load model for 'apparch' from '(none)' to 'G5K'. (OPT-170)
Information: Changed wire load model for 'alt1' from '(none)' to 'G5K'. (OPT-170)
Information: Changed wire load model for 'apparch' from '(none)' to 'G5K'. (OPT-170)
Information: Changed wire load model for 'alt1' from '(none)' to 'G5K'. (OPT-170)
Information: Changed wire load model for 'astr' from '(none)' to 'G5K'. (OPT-170)
  Allocating blocks in 'DW_fp_ifp_conv_sig_widthi23_exp_widthi8_sig_widtho28_exp_widtho9_use_denormal0_use_1scmpl0'
  Allocating blocks in 'DW_fp_ifp_conv_sig_widthi23_exp_widthi8_sig_widtho25_exp_widtho8_use_denormal0_use_1scmpl0'
Information: Changed wire load model for 'alt1' from '(none)' to 'G5K'. (OPT-170)
Information: Changed wire load model for 'astr' from '(none)' to 'G5K'. (OPT-170)
Information: Changed wire load model for 'alt1' from '(none)' to 'G5K'. (OPT-170)
Information: Changed wire load model for 'apparch' from '(none)' to 'G5K'. (OPT-170)
Information: Changed wire load model for 'alt1' from '(none)' to 'G5K'. (OPT-170)
Information: Changed wire load model for 'apparch' from '(none)' to 'G5K'. (OPT-170)
Information: Changed wire load model for 'alt1' from '(none)' to 'G5K'. (OPT-170)
Information: Changed wire load model for 'apparch' from '(none)' to 'G5K'. (OPT-170)
  Allocating blocks in 'DW_lzd_a_width53'
  Allocating blocks in 'DW_lzod_a_width53_detect_10'
Information: Changed wire load model for 'alt1' from '(none)' to 'G5K'. (OPT-170)
Information: Changed wire load model for 'apparch' from '(none)' to 'G5K'. (OPT-170)
Information: Changed wire load model for 'alt1' from '(none)' to 'G5K'. (OPT-170)
Information: Changed wire load model for 'apparch' from '(none)' to 'G5K'. (OPT-170)
Information: Changed wire load model for 'alt1' from '(none)' to 'G5K'. (OPT-170)
Information: Changed wire load model for 'astr' from '(none)' to 'G5K'. (OPT-170)
Information: Changed wire load model for 'alt1' from '(none)' to 'G5K'. (OPT-170)
Information: Changed wire load model for 'astr' from '(none)' to 'G5K'. (OPT-170)
Information: Changed wire load model for 'alt1' from '(none)' to 'G5K'. (OPT-170)
Information: Changed wire load model for 'apparch' from '(none)' to 'G5K'. (OPT-170)
Information: Changed wire load model for 'alt1' from '(none)' to 'G5K'. (OPT-170)
Information: Changed wire load model for 'astr' from '(none)' to 'G5K'. (OPT-170)
Information: Changed wire load model for 'alt1' from '(none)' to 'G5K'. (OPT-170)
Information: Changed wire load model for 'astr' from '(none)' to 'G5K'. (OPT-170)
Information: Changed wire load model for 'alt1' from '(none)' to 'G5K'. (OPT-170)
Information: Changed wire load model for 'astr' from '(none)' to 'G5K'. (OPT-170)
Information: Changed wire load model for 'alt1' from '(none)' to 'G5K'. (OPT-170)
Information: Changed wire load model for 'astr' from '(none)' to 'G5K'. (OPT-170)
Information: Changed wire load model for 'alt1' from '(none)' to 'G5K'. (OPT-170)
Information: Changed wire load model for 'apparch' from '(none)' to 'G5K'. (OPT-170)
Information: Changed wire load model for 'alt1' from '(none)' to 'G5K'. (OPT-170)
Information: Changed wire load model for 'apparch' from '(none)' to 'G5K'. (OPT-170)
Information: Changed wire load model for 'alt1' from '(none)' to 'G5K'. (OPT-170)
Information: Changed wire load model for 'apparch' from '(none)' to 'G5K'. (OPT-170)
Information: Changed wire load model for 'alt1' from '(none)' to 'G5K'. (OPT-170)
Information: Changed wire load model for 'apparch' from '(none)' to 'G5K'. (OPT-170)
  Allocating blocks in 'DW_fp_sum3_sig_width23_exp_width8_ieee_compliance0_arch_type0'
Warning: Dont_touch on net '*cell*85/M_2scompl[0]' may be overridden by compile because it
        is connected to generic logic. Use all_connected to see net
        connections. (OPT-461)
Warning: Dont_touch on net '*cell*85/M_2scompl[1]' may be overridden by compile because it
        is connected to generic logic. Use all_connected to see net
        connections. (OPT-461)
Warning: Dont_touch on net '*cell*85/M_2scompl[2]' may be overridden by compile because it
        is connected to generic logic. Use all_connected to see net
        connections. (OPT-461)
Warning: Dont_touch on net '*cell*85/M_2scompl[3]' may be overridden by compile because it
        is connected to generic logic. Use all_connected to see net
        connections. (OPT-461)
Warning: Dont_touch on net '*cell*85/M_2scompl[4]' may be overridden by compile because it
        is connected to generic logic. Use all_connected to see net
        connections. (OPT-461)
Warning: Dont_touch on net '*cell*85/M_2scompl[5]' may be overridden by compile because it
        is connected to generic logic. Use all_connected to see net
        connections. (OPT-461)
Warning: Dont_touch on net '*cell*85/M_2scompl[6]' may be overridden by compile because it
        is connected to generic logic. Use all_connected to see net
        connections. (OPT-461)
Warning: Dont_touch on net '*cell*85/M_2scompl[7]' may be overridden by compile because it
        is connected to generic logic. Use all_connected to see net
        connections. (OPT-461)
Warning: Dont_touch on net '*cell*85/M_2scompl[8]' may be overridden by compile because it
        is connected to generic logic. Use all_connected to see net
        connections. (OPT-461)
Warning: Dont_touch on net '*cell*85/M_2scompl[9]' may be overridden by compile because it
        is connected to generic logic. Use all_connected to see net
        connections. (OPT-461)
Warning: Dont_touch on net '*cell*85/M_2scompl[10]' may be overridden by compile because it
        is connected to generic logic. Use all_connected to see net
        connections. (OPT-461)
Warning: Dont_touch on net '*cell*85/M_2scompl[11]' may be overridden by compile because it
        is connected to generic logic. Use all_connected to see net
        connections. (OPT-461)
Warning: Dont_touch on net '*cell*85/M_2scompl[12]' may be overridden by compile because it
        is connected to generic logic. Use all_connected to see net
        connections. (OPT-461)
Warning: Dont_touch on net '*cell*85/M_2scompl[13]' may be overridden by compile because it
        is connected to generic logic. Use all_connected to see net
        connections. (OPT-461)
Warning: Dont_touch on net '*cell*85/M_2scompl[14]' may be overridden by compile because it
        is connected to generic logic. Use all_connected to see net
        connections. (OPT-461)
Warning: Dont_touch on net '*cell*85/M_2scompl[15]' may be overridden by compile because it
        is connected to generic logic. Use all_connected to see net
        connections. (OPT-461)
Warning: Dont_touch on net '*cell*85/M_2scompl[16]' may be overridden by compile because it
        is connected to generic logic. Use all_connected to see net
        connections. (OPT-461)
Warning: Dont_touch on net '*cell*85/M_2scompl[17]' may be overridden by compile because it
        is connected to generic logic. Use all_connected to see net
        connections. (OPT-461)
Warning: Dont_touch on net '*cell*85/M_2scompl[18]' may be overridden by compile because it
        is connected to generic logic. Use all_connected to see net
        connections. (OPT-461)
Warning: Dont_touch on net '*cell*85/M_2scompl[19]' may be overridden by compile because it
        is connected to generic logic. Use all_connected to see net
        connections. (OPT-461)
Warning: Dont_touch on net '*cell*85/M_2scompl[20]' may be overridden by compile because it
        is connected to generic logic. Use all_connected to see net
        connections. (OPT-461)
Warning: Dont_touch on net '*cell*85/M_2scompl[21]' may be overridden by compile because it
        is connected to generic logic. Use all_connected to see net
        connections. (OPT-461)
Warning: Dont_touch on net '*cell*85/M_2scompl[22]' may be overridden by compile because it
        is connected to generic logic. Use all_connected to see net
        connections. (OPT-461)
Warning: Dont_touch on net '*cell*85/M_2scompl[23]' may be overridden by compile because it
        is connected to generic logic. Use all_connected to see net
        connections. (OPT-461)
Warning: Dont_touch on net '*cell*85/M_2scompl[24]' may be overridden by compile because it
        is connected to generic logic. Use all_connected to see net
        connections. (OPT-461)
Warning: Dont_touch on net '*cell*85/a[0]' may be overridden by compile because it
        is connected to generic logic. Use all_connected to see net
        connections. (OPT-461)
Warning: Dont_touch on net '*cell*85/a[1]' may be overridden by compile because it
        is connected to generic logic. Use all_connected to see net
        connections. (OPT-461)
Warning: Dont_touch on net '*cell*85/a[2]' may be overridden by compile because it
        is connected to generic logic. Use all_connected to see net
        connections. (OPT-461)
Warning: Dont_touch on net '*cell*85/a[3]' may be overridden by compile because it
        is connected to generic logic. Use all_connected to see net
        connections. (OPT-461)
Warning: Dont_touch on net '*cell*85/a[4]' may be overridden by compile because it
        is connected to generic logic. Use all_connected to see net
        connections. (OPT-461)
Warning: Dont_touch on net '*cell*85/a[5]' may be overridden by compile because it
        is connected to generic logic. Use all_connected to see net
        connections. (OPT-461)
Warning: Dont_touch on net '*cell*85/a[6]' may be overridden by compile because it
        is connected to generic logic. Use all_connected to see net
        connections. (OPT-461)
Warning: Dont_touch on net '*cell*85/a[7]' may be overridden by compile because it
        is connected to generic logic. Use all_connected to see net
        connections. (OPT-461)
Warning: Dont_touch on net '*cell*85/a[8]' may be overridden by compile because it
        is connected to generic logic. Use all_connected to see net
        connections. (OPT-461)
Warning: Dont_touch on net '*cell*85/a[9]' may be overridden by compile because it
        is connected to generic logic. Use all_connected to see net
        connections. (OPT-461)
Warning: Dont_touch on net '*cell*85/a[10]' may be overridden by compile because it
        is connected to generic logic. Use all_connected to see net
        connections. (OPT-461)
Warning: Dont_touch on net '*cell*85/a[11]' may be overridden by compile because it
        is connected to generic logic. Use all_connected to see net
        connections. (OPT-461)
Warning: Dont_touch on net '*cell*85/a[12]' may be overridden by compile because it
        is connected to generic logic. Use all_connected to see net
        connections. (OPT-461)
Warning: Dont_touch on net '*cell*85/a[13]' may be overridden by compile because it
        is connected to generic logic. Use all_connected to see net
        connections. (OPT-461)
Warning: Dont_touch on net '*cell*85/a[14]' may be overridden by compile because it
        is connected to generic logic. Use all_connected to see net
        connections. (OPT-461)
Warning: Dont_touch on net '*cell*85/a[15]' may be overridden by compile because it
        is connected to generic logic. Use all_connected to see net
        connections. (OPT-461)
Warning: Dont_touch on net '*cell*85/a[16]' may be overridden by compile because it
        is connected to generic logic. Use all_connected to see net
        connections. (OPT-461)
Warning: Dont_touch on net '*cell*85/a[17]' may be overridden by compile because it
        is connected to generic logic. Use all_connected to see net
        connections. (OPT-461)
Warning: Dont_touch on net '*cell*85/a[18]' may be overridden by compile because it
        is connected to generic logic. Use all_connected to see net
        connections. (OPT-461)
Warning: Dont_touch on net '*cell*85/a[19]' may be overridden by compile because it
        is connected to generic logic. Use all_connected to see net
        connections. (OPT-461)
Warning: Dont_touch on net '*cell*85/a[20]' may be overridden by compile because it
        is connected to generic logic. Use all_connected to see net
        connections. (OPT-461)
Warning: Dont_touch on net '*cell*85/a[21]' may be overridden by compile because it
        is connected to generic logic. Use all_connected to see net
        connections. (OPT-461)
Warning: Dont_touch on net '*cell*85/a[22]' may be overridden by compile because it
        is connected to generic logic. Use all_connected to see net
        connections. (OPT-461)
Warning: Dont_touch on net '*cell*85/*Logic0*' may be overridden by compile because it
        is connected to generic logic. Use all_connected to see net
        connections. (OPT-461)
Warning: Dont_touch on net '*cell*89/M_2scompl[0]' may be overridden by compile because it
        is connected to generic logic. Use all_connected to see net
        connections. (OPT-461)
Warning: Dont_touch on net '*cell*89/M_2scompl[1]' may be overridden by compile because it
        is connected to generic logic. Use all_connected to see net
        connections. (OPT-461)
Warning: Dont_touch on net '*cell*89/M_2scompl[2]' may be overridden by compile because it
        is connected to generic logic. Use all_connected to see net
        connections. (OPT-461)
Warning: Dont_touch on net '*cell*89/M_2scompl[3]' may be overridden by compile because it
        is connected to generic logic. Use all_connected to see net
        connections. (OPT-461)
Warning: Dont_touch on net '*cell*89/M_2scompl[4]' may be overridden by compile because it
        is connected to generic logic. Use all_connected to see net
        connections. (OPT-461)
Warning: Dont_touch on net '*cell*89/M_2scompl[5]' may be overridden by compile because it
        is connected to generic logic. Use all_connected to see net
        connections. (OPT-461)
Warning: Dont_touch on net '*cell*89/M_2scompl[6]' may be overridden by compile because it
        is connected to generic logic. Use all_connected to see net
        connections. (OPT-461)
Warning: Dont_touch on net '*cell*89/M_2scompl[7]' may be overridden by compile because it
        is connected to generic logic. Use all_connected to see net
        connections. (OPT-461)
Warning: Dont_touch on net '*cell*89/M_2scompl[8]' may be overridden by compile because it
        is connected to generic logic. Use all_connected to see net
        connections. (OPT-461)
Warning: Dont_touch on net '*cell*89/M_2scompl[9]' may be overridden by compile because it
        is connected to generic logic. Use all_connected to see net
        connections. (OPT-461)
Warning: Dont_touch on net '*cell*89/M_2scompl[10]' may be overridden by compile because it
        is connected to generic logic. Use all_connected to see net
        connections. (OPT-461)
Warning: Dont_touch on net '*cell*89/M_2scompl[11]' may be overridden by compile because it
        is connected to generic logic. Use all_connected to see net
        connections. (OPT-461)
Warning: Dont_touch on net '*cell*89/M_2scompl[12]' may be overridden by compile because it
        is connected to generic logic. Use all_connected to see net
        connections. (OPT-461)
Warning: Dont_touch on net '*cell*89/M_2scompl[13]' may be overridden by compile because it
        is connected to generic logic. Use all_connected to see net
        connections. (OPT-461)
Warning: Dont_touch on net '*cell*89/M_2scompl[14]' may be overridden by compile because it
        is connected to generic logic. Use all_connected to see net
        connections. (OPT-461)
Warning: Dont_touch on net '*cell*89/M_2scompl[15]' may be overridden by compile because it
        is connected to generic logic. Use all_connected to see net
        connections. (OPT-461)
Warning: Dont_touch on net '*cell*89/M_2scompl[16]' may be overridden by compile because it
        is connected to generic logic. Use all_connected to see net
        connections. (OPT-461)
Warning: Dont_touch on net '*cell*89/M_2scompl[17]' may be overridden by compile because it
        is connected to generic logic. Use all_connected to see net
        connections. (OPT-461)
Warning: Dont_touch on net '*cell*89/M_2scompl[18]' may be overridden by compile because it
        is connected to generic logic. Use all_connected to see net
        connections. (OPT-461)
Warning: Dont_touch on net '*cell*89/M_2scompl[19]' may be overridden by compile because it
        is connected to generic logic. Use all_connected to see net
        connections. (OPT-461)
Warning: Dont_touch on net '*cell*89/M_2scompl[20]' may be overridden by compile because it
        is connected to generic logic. Use all_connected to see net
        connections. (OPT-461)
Warning: Dont_touch on net '*cell*89/M_2scompl[21]' may be overridden by compile because it
        is connected to generic logic. Use all_connected to see net
        connections. (OPT-461)
Warning: Dont_touch on net '*cell*89/M_2scompl[22]' may be overridden by compile because it
        is connected to generic logic. Use all_connected to see net
        connections. (OPT-461)
Warning: Dont_touch on net '*cell*89/M_2scompl[23]' may be overridden by compile because it
        is connected to generic logic. Use all_connected to see net
        connections. (OPT-461)
Warning: Dont_touch on net '*cell*89/M_2scompl[24]' may be overridden by compile because it
        is connected to generic logic. Use all_connected to see net
        connections. (OPT-461)
Warning: Dont_touch on net '*cell*89/a[0]' may be overridden by compile because it
        is connected to generic logic. Use all_connected to see net
        connections. (OPT-461)
Warning: Dont_touch on net '*cell*89/a[1]' may be overridden by compile because it
        is connected to generic logic. Use all_connected to see net
        connections. (OPT-461)
Warning: Dont_touch on net '*cell*89/a[2]' may be overridden by compile because it
        is connected to generic logic. Use all_connected to see net
        connections. (OPT-461)
Warning: Dont_touch on net '*cell*89/a[3]' may be overridden by compile because it
        is connected to generic logic. Use all_connected to see net
        connections. (OPT-461)
Warning: Dont_touch on net '*cell*89/a[4]' may be overridden by compile because it
        is connected to generic logic. Use all_connected to see net
        connections. (OPT-461)
Warning: Dont_touch on net '*cell*89/a[5]' may be overridden by compile because it
        is connected to generic logic. Use all_connected to see net
        connections. (OPT-461)
Warning: Dont_touch on net '*cell*89/a[6]' may be overridden by compile because it
        is connected to generic logic. Use all_connected to see net
        connections. (OPT-461)
Warning: Dont_touch on net '*cell*89/a[7]' may be overridden by compile because it
        is connected to generic logic. Use all_connected to see net
        connections. (OPT-461)
Warning: Dont_touch on net '*cell*89/a[8]' may be overridden by compile because it
        is connected to generic logic. Use all_connected to see net
        connections. (OPT-461)
Warning: Dont_touch on net '*cell*89/a[9]' may be overridden by compile because it
        is connected to generic logic. Use all_connected to see net
        connections. (OPT-461)
Warning: Dont_touch on net '*cell*89/a[10]' may be overridden by compile because it
        is connected to generic logic. Use all_connected to see net
        connections. (OPT-461)
Warning: Dont_touch on net '*cell*89/a[11]' may be overridden by compile because it
        is connected to generic logic. Use all_connected to see net
        connections. (OPT-461)
Warning: Dont_touch on net '*cell*89/a[12]' may be overridden by compile because it
        is connected to generic logic. Use all_connected to see net
        connections. (OPT-461)
Warning: Dont_touch on net '*cell*89/a[13]' may be overridden by compile because it
        is connected to generic logic. Use all_connected to see net
        connections. (OPT-461)
Warning: Dont_touch on net '*cell*89/a[14]' may be overridden by compile because it
        is connected to generic logic. Use all_connected to see net
        connections. (OPT-461)
Warning: Dont_touch on net '*cell*89/a[15]' may be overridden by compile because it
        is connected to generic logic. Use all_connected to see net
        connections. (OPT-461)
Warning: Dont_touch on net '*cell*89/a[16]' may be overridden by compile because it
        is connected to generic logic. Use all_connected to see net
        connections. (OPT-461)
Warning: Dont_touch on net '*cell*89/a[17]' may be overridden by compile because it
        is connected to generic logic. Use all_connected to see net
        connections. (OPT-461)
Warning: Dont_touch on net '*cell*89/a[18]' may be overridden by compile because it
        is connected to generic logic. Use all_connected to see net
        connections. (OPT-461)
Warning: Dont_touch on net '*cell*89/a[19]' may be overridden by compile because it
        is connected to generic logic. Use all_connected to see net
        connections. (OPT-461)
Warning: Dont_touch on net '*cell*89/a[20]' may be overridden by compile because it
        is connected to generic logic. Use all_connected to see net
        connections. (OPT-461)
Warning: Dont_touch on net '*cell*89/a[21]' may be overridden by compile because it
        is connected to generic logic. Use all_connected to see net
        connections. (OPT-461)
Warning: Dont_touch on net '*cell*89/a[22]' may be overridden by compile because it
        is connected to generic logic. Use all_connected to see net
        connections. (OPT-461)
Warning: Dont_touch on net '*cell*89/*Logic0*' may be overridden by compile because it
        is connected to generic logic. Use all_connected to see net
        connections. (OPT-461)
Warning: Dont_touch on net '*cell*91/N96' may be overridden by compile because it
        is connected to generic logic. Use all_connected to see net
        connections. (OPT-461)
Warning: Dont_touch on net '*cell*91/N95' may be overridden by compile because it
        is connected to generic logic. Use all_connected to see net
        connections. (OPT-461)
Warning: Dont_touch on net '*cell*91/N94' may be overridden by compile because it
        is connected to generic logic. Use all_connected to see net
        connections. (OPT-461)
Warning: Dont_touch on net '*cell*91/N93' may be overridden by compile because it
        is connected to generic logic. Use all_connected to see net
        connections. (OPT-461)
Warning: Dont_touch on net '*cell*91/N92' may be overridden by compile because it
        is connected to generic logic. Use all_connected to see net
        connections. (OPT-461)
Warning: Dont_touch on net '*cell*91/N91' may be overridden by compile because it
        is connected to generic logic. Use all_connected to see net
        connections. (OPT-461)
Warning: Dont_touch on net '*cell*91/N90' may be overridden by compile because it
        is connected to generic logic. Use all_connected to see net
        connections. (OPT-461)
Warning: Dont_touch on net '*cell*91/N89' may be overridden by compile because it
        is connected to generic logic. Use all_connected to see net
        connections. (OPT-461)
Warning: Dont_touch on net '*cell*91/*Logic0*' may be overridden by compile because it
        is connected to generic logic. Use all_connected to see net
        connections. (OPT-461)
Warning: Dont_touch on net '*cell*93/N104' may be overridden by compile because it
        is connected to generic logic. Use all_connected to see net
        connections. (OPT-461)
Warning: Dont_touch on net '*cell*93/N103' may be overridden by compile because it
        is connected to generic logic. Use all_connected to see net
        connections. (OPT-461)
Warning: Dont_touch on net '*cell*93/N102' may be overridden by compile because it
        is connected to generic logic. Use all_connected to see net
        connections. (OPT-461)
Warning: Dont_touch on net '*cell*93/N101' may be overridden by compile because it
        is connected to generic logic. Use all_connected to see net
        connections. (OPT-461)
Warning: Dont_touch on net '*cell*93/N100' may be overridden by compile because it
        is connected to generic logic. Use all_connected to see net
        connections. (OPT-461)
Warning: Dont_touch on net '*cell*93/N99' may be overridden by compile because it
        is connected to generic logic. Use all_connected to see net
        connections. (OPT-461)
Warning: Dont_touch on net '*cell*93/N98' may be overridden by compile because it
        is connected to generic logic. Use all_connected to see net
        connections. (OPT-461)
Warning: Dont_touch on net '*cell*93/N97' may be overridden by compile because it
        is connected to generic logic. Use all_connected to see net
        connections. (OPT-461)
Warning: Dont_touch on net '*cell*93/N96' may be overridden by compile because it
        is connected to generic logic. Use all_connected to see net
        connections. (OPT-461)
Warning: Dont_touch on net '*cell*93/*Logic0*' may be overridden by compile because it
        is connected to generic logic. Use all_connected to see net
        connections. (OPT-461)
Warning: Dont_touch on net '*cell*95/*Logic0*' may be overridden by compile because it
        is connected to generic logic. Use all_connected to see net
        connections. (OPT-461)
  Allocating blocks in 'DW_ifp_fp_conv_sig_widthi51_exp_widthi10_sig_width23_exp_width8_use_denormal0'
Information: Changed wire load model for 'alt1' from '(none)' to 'G5K'. (OPT-170)
Information: Changed wire load model for 'apparch' from '(none)' to 'G5K'. (OPT-170)
Information: Changed wire load model for 'alt1' from '(none)' to 'G5K'. (OPT-170)
Information: Changed wire load model for 'apparch' from '(none)' to 'G5K'. (OPT-170)
Information: Changed wire load model for 'alt1' from '(none)' to 'G5K'. (OPT-170)
Information: Changed wire load model for 'astr' from '(none)' to 'G5K'. (OPT-170)
  Allocating blocks in 'DW_lzd_a_width52'
  Allocating blocks in 'DW_lzod_a_width52_detect_10'
Information: Changed wire load model for 'alt1' from '(none)' to 'G5K'. (OPT-170)
Information: Changed wire load model for 'astr' from '(none)' to 'G5K'. (OPT-170)
Information: Changed wire load model for 'alt1' from '(none)' to 'G5K'. (OPT-170)
Information: Changed wire load model for 'apparch' from '(none)' to 'G5K'. (OPT-170)
Information: Changed wire load model for 'alt1' from '(none)' to 'G5K'. (OPT-170)
Information: Changed wire load model for 'apparch' from '(none)' to 'G5K'. (OPT-170)
  Allocating blocks in 'DW_ifp_addsub_sig_widthi28_exp_widthi9_sig_widtho51_exp_widtho10_use_denormal0_use_1scmpl0'
Information: Changed wire load model for 'alt1' from '(none)' to 'G5K'. (OPT-170)
Information: Changed wire load model for 'astr' from '(none)' to 'G5K'. (OPT-170)
Information: Changed wire load model for 'alt1' from '(none)' to 'G5K'. (OPT-170)
Information: Changed wire load model for 'astr' from '(none)' to 'G5K'. (OPT-170)
Information: Changed wire load model for 'alt1' from '(none)' to 'G5K'. (OPT-170)
Information: Changed wire load model for 'apparch' from '(none)' to 'G5K'. (OPT-170)
Information: Changed wire load model for 'alt1' from '(none)' to 'G5K'. (OPT-170)
Information: Changed wire load model for 'apparch' from '(none)' to 'G5K'. (OPT-170)
Information: Changed wire load model for 'alt1' from '(none)' to 'G5K'. (OPT-170)
Information: Changed wire load model for 'astr' from '(none)' to 'G5K'. (OPT-170)
  Allocating blocks in 'DW_ifp_addsub_sig_widthi25_exp_widthi8_sig_widtho28_exp_widtho9_use_denormal0_use_1scmpl0'
Information: Changed wire load model for 'alt1' from '(none)' to 'G5K'. (OPT-170)
Information: Changed wire load model for 'astr' from '(none)' to 'G5K'. (OPT-170)
Information: Changed wire load model for 'alt1' from '(none)' to 'G5K'. (OPT-170)
Information: Changed wire load model for 'astr' from '(none)' to 'G5K'. (OPT-170)
Information: Changed wire load model for 'alt1' from '(none)' to 'G5K'. (OPT-170)
Information: Changed wire load model for 'apparch' from '(none)' to 'G5K'. (OPT-170)
Information: Changed wire load model for 'alt1' from '(none)' to 'G5K'. (OPT-170)
Information: Changed wire load model for 'apparch' from '(none)' to 'G5K'. (OPT-170)
Information: Changed wire load model for 'alt1' from '(none)' to 'G5K'. (OPT-170)
Information: Changed wire load model for 'astr' from '(none)' to 'G5K'. (OPT-170)
  Allocating blocks in 'DW_fp_ifp_conv_sig_widthi23_exp_widthi8_sig_widtho28_exp_widtho9_use_denormal0_use_1scmpl0'
  Allocating blocks in 'DW_fp_ifp_conv_sig_widthi23_exp_widthi8_sig_widtho25_exp_widtho8_use_denormal0_use_1scmpl0'
Information: Changed wire load model for 'alt1' from '(none)' to 'G5K'. (OPT-170)
Information: Changed wire load model for 'astr' from '(none)' to 'G5K'. (OPT-170)
Information: Changed wire load model for 'alt1' from '(none)' to 'G5K'. (OPT-170)
Information: Changed wire load model for 'apparch' from '(none)' to 'G5K'. (OPT-170)
Information: Changed wire load model for 'alt1' from '(none)' to 'G5K'. (OPT-170)
Information: Changed wire load model for 'apparch' from '(none)' to 'G5K'. (OPT-170)
Information: Changed wire load model for 'alt1' from '(none)' to 'G5K'. (OPT-170)
Information: Changed wire load model for 'apparch' from '(none)' to 'G5K'. (OPT-170)
  Allocating blocks in 'DW_lzd_a_width53'
  Allocating blocks in 'DW_lzod_a_width53_detect_10'
Information: Changed wire load model for 'alt1' from '(none)' to 'G5K'. (OPT-170)
Information: Changed wire load model for 'apparch' from '(none)' to 'G5K'. (OPT-170)
Information: Changed wire load model for 'alt1' from '(none)' to 'G5K'. (OPT-170)
Information: Changed wire load model for 'apparch' from '(none)' to 'G5K'. (OPT-170)
Information: Changed wire load model for 'alt1' from '(none)' to 'G5K'. (OPT-170)
Information: Changed wire load model for 'astr' from '(none)' to 'G5K'. (OPT-170)
Information: Changed wire load model for 'alt1' from '(none)' to 'G5K'. (OPT-170)
Information: Changed wire load model for 'astr' from '(none)' to 'G5K'. (OPT-170)
Information: Changed wire load model for 'alt1' from '(none)' to 'G5K'. (OPT-170)
Information: Changed wire load model for 'apparch' from '(none)' to 'G5K'. (OPT-170)
Information: Changed wire load model for 'alt1' from '(none)' to 'G5K'. (OPT-170)
Information: Changed wire load model for 'astr' from '(none)' to 'G5K'. (OPT-170)
Information: Changed wire load model for 'alt1' from '(none)' to 'G5K'. (OPT-170)
Information: Changed wire load model for 'astr' from '(none)' to 'G5K'. (OPT-170)
Information: Changed wire load model for 'alt1' from '(none)' to 'G5K'. (OPT-170)
Information: Changed wire load model for 'astr' from '(none)' to 'G5K'. (OPT-170)
Information: Changed wire load model for 'alt1' from '(none)' to 'G5K'. (OPT-170)
Information: Changed wire load model for 'astr' from '(none)' to 'G5K'. (OPT-170)
Information: Changed wire load model for 'alt1' from '(none)' to 'G5K'. (OPT-170)
Information: Changed wire load model for 'apparch' from '(none)' to 'G5K'. (OPT-170)
Information: Changed wire load model for 'alt1' from '(none)' to 'G5K'. (OPT-170)
Information: Changed wire load model for 'apparch' from '(none)' to 'G5K'. (OPT-170)
Information: Changed wire load model for 'alt1' from '(none)' to 'G5K'. (OPT-170)
Information: Changed wire load model for 'apparch' from '(none)' to 'G5K'. (OPT-170)
Information: Changed wire load model for 'alt1' from '(none)' to 'G5K'. (OPT-170)
Information: Changed wire load model for 'apparch' from '(none)' to 'G5K'. (OPT-170)
  Allocating blocks in 'DW_fp_sum3_sig_width23_exp_width8_ieee_compliance0_arch_type0'
Warning: Dont_touch on net '*cell*85/M_2scompl[0]' may be overridden by compile because it
        is connected to generic logic. Use all_connected to see net
        connections. (OPT-461)
Warning: Dont_touch on net '*cell*85/M_2scompl[1]' may be overridden by compile because it
        is connected to generic logic. Use all_connected to see net
        connections. (OPT-461)
Warning: Dont_touch on net '*cell*85/M_2scompl[2]' may be overridden by compile because it
        is connected to generic logic. Use all_connected to see net
        connections. (OPT-461)
Warning: Dont_touch on net '*cell*85/M_2scompl[3]' may be overridden by compile because it
        is connected to generic logic. Use all_connected to see net
        connections. (OPT-461)
Warning: Dont_touch on net '*cell*85/M_2scompl[4]' may be overridden by compile because it
        is connected to generic logic. Use all_connected to see net
        connections. (OPT-461)
Warning: Dont_touch on net '*cell*85/M_2scompl[5]' may be overridden by compile because it
        is connected to generic logic. Use all_connected to see net
        connections. (OPT-461)
Warning: Dont_touch on net '*cell*85/M_2scompl[6]' may be overridden by compile because it
        is connected to generic logic. Use all_connected to see net
        connections. (OPT-461)
Warning: Dont_touch on net '*cell*85/M_2scompl[7]' may be overridden by compile because it
        is connected to generic logic. Use all_connected to see net
        connections. (OPT-461)
Warning: Dont_touch on net '*cell*85/M_2scompl[8]' may be overridden by compile because it
        is connected to generic logic. Use all_connected to see net
        connections. (OPT-461)
Warning: Dont_touch on net '*cell*85/M_2scompl[9]' may be overridden by compile because it
        is connected to generic logic. Use all_connected to see net
        connections. (OPT-461)
Warning: Dont_touch on net '*cell*85/M_2scompl[10]' may be overridden by compile because it
        is connected to generic logic. Use all_connected to see net
        connections. (OPT-461)
Warning: Dont_touch on net '*cell*85/M_2scompl[11]' may be overridden by compile because it
        is connected to generic logic. Use all_connected to see net
        connections. (OPT-461)
Warning: Dont_touch on net '*cell*85/M_2scompl[12]' may be overridden by compile because it
        is connected to generic logic. Use all_connected to see net
        connections. (OPT-461)
Warning: Dont_touch on net '*cell*85/M_2scompl[13]' may be overridden by compile because it
        is connected to generic logic. Use all_connected to see net
        connections. (OPT-461)
Warning: Dont_touch on net '*cell*85/M_2scompl[14]' may be overridden by compile because it
        is connected to generic logic. Use all_connected to see net
        connections. (OPT-461)
Warning: Dont_touch on net '*cell*85/M_2scompl[15]' may be overridden by compile because it
        is connected to generic logic. Use all_connected to see net
        connections. (OPT-461)
Warning: Dont_touch on net '*cell*85/M_2scompl[16]' may be overridden by compile because it
        is connected to generic logic. Use all_connected to see net
        connections. (OPT-461)
Warning: Dont_touch on net '*cell*85/M_2scompl[17]' may be overridden by compile because it
        is connected to generic logic. Use all_connected to see net
        connections. (OPT-461)
Warning: Dont_touch on net '*cell*85/M_2scompl[18]' may be overridden by compile because it
        is connected to generic logic. Use all_connected to see net
        connections. (OPT-461)
Warning: Dont_touch on net '*cell*85/M_2scompl[19]' may be overridden by compile because it
        is connected to generic logic. Use all_connected to see net
        connections. (OPT-461)
Warning: Dont_touch on net '*cell*85/M_2scompl[20]' may be overridden by compile because it
        is connected to generic logic. Use all_connected to see net
        connections. (OPT-461)
Warning: Dont_touch on net '*cell*85/M_2scompl[21]' may be overridden by compile because it
        is connected to generic logic. Use all_connected to see net
        connections. (OPT-461)
Warning: Dont_touch on net '*cell*85/M_2scompl[22]' may be overridden by compile because it
        is connected to generic logic. Use all_connected to see net
        connections. (OPT-461)
Warning: Dont_touch on net '*cell*85/M_2scompl[23]' may be overridden by compile because it
        is connected to generic logic. Use all_connected to see net
        connections. (OPT-461)
Warning: Dont_touch on net '*cell*85/M_2scompl[24]' may be overridden by compile because it
        is connected to generic logic. Use all_connected to see net
        connections. (OPT-461)
Warning: Dont_touch on net '*cell*85/a[0]' may be overridden by compile because it
        is connected to generic logic. Use all_connected to see net
        connections. (OPT-461)
Warning: Dont_touch on net '*cell*85/a[1]' may be overridden by compile because it
        is connected to generic logic. Use all_connected to see net
        connections. (OPT-461)
Warning: Dont_touch on net '*cell*85/a[2]' may be overridden by compile because it
        is connected to generic logic. Use all_connected to see net
        connections. (OPT-461)
Warning: Dont_touch on net '*cell*85/a[3]' may be overridden by compile because it
        is connected to generic logic. Use all_connected to see net
        connections. (OPT-461)
Warning: Dont_touch on net '*cell*85/a[4]' may be overridden by compile because it
        is connected to generic logic. Use all_connected to see net
        connections. (OPT-461)
Warning: Dont_touch on net '*cell*85/a[5]' may be overridden by compile because it
        is connected to generic logic. Use all_connected to see net
        connections. (OPT-461)
Warning: Dont_touch on net '*cell*85/a[6]' may be overridden by compile because it
        is connected to generic logic. Use all_connected to see net
        connections. (OPT-461)
Warning: Dont_touch on net '*cell*85/a[7]' may be overridden by compile because it
        is connected to generic logic. Use all_connected to see net
        connections. (OPT-461)
Warning: Dont_touch on net '*cell*85/a[8]' may be overridden by compile because it
        is connected to generic logic. Use all_connected to see net
        connections. (OPT-461)
Warning: Dont_touch on net '*cell*85/a[9]' may be overridden by compile because it
        is connected to generic logic. Use all_connected to see net
        connections. (OPT-461)
Warning: Dont_touch on net '*cell*85/a[10]' may be overridden by compile because it
        is connected to generic logic. Use all_connected to see net
        connections. (OPT-461)
Warning: Dont_touch on net '*cell*85/a[11]' may be overridden by compile because it
        is connected to generic logic. Use all_connected to see net
        connections. (OPT-461)
Warning: Dont_touch on net '*cell*85/a[12]' may be overridden by compile because it
        is connected to generic logic. Use all_connected to see net
        connections. (OPT-461)
Warning: Dont_touch on net '*cell*85/a[13]' may be overridden by compile because it
        is connected to generic logic. Use all_connected to see net
        connections. (OPT-461)
Warning: Dont_touch on net '*cell*85/a[14]' may be overridden by compile because it
        is connected to generic logic. Use all_connected to see net
        connections. (OPT-461)
Warning: Dont_touch on net '*cell*85/a[15]' may be overridden by compile because it
        is connected to generic logic. Use all_connected to see net
        connections. (OPT-461)
Warning: Dont_touch on net '*cell*85/a[16]' may be overridden by compile because it
        is connected to generic logic. Use all_connected to see net
        connections. (OPT-461)
Warning: Dont_touch on net '*cell*85/a[17]' may be overridden by compile because it
        is connected to generic logic. Use all_connected to see net
        connections. (OPT-461)
Warning: Dont_touch on net '*cell*85/a[18]' may be overridden by compile because it
        is connected to generic logic. Use all_connected to see net
        connections. (OPT-461)
Warning: Dont_touch on net '*cell*85/a[19]' may be overridden by compile because it
        is connected to generic logic. Use all_connected to see net
        connections. (OPT-461)
Warning: Dont_touch on net '*cell*85/a[20]' may be overridden by compile because it
        is connected to generic logic. Use all_connected to see net
        connections. (OPT-461)
Warning: Dont_touch on net '*cell*85/a[21]' may be overridden by compile because it
        is connected to generic logic. Use all_connected to see net
        connections. (OPT-461)
Warning: Dont_touch on net '*cell*85/a[22]' may be overridden by compile because it
        is connected to generic logic. Use all_connected to see net
        connections. (OPT-461)
Warning: Dont_touch on net '*cell*85/*Logic0*' may be overridden by compile because it
        is connected to generic logic. Use all_connected to see net
        connections. (OPT-461)
Warning: Dont_touch on net '*cell*89/M_2scompl[0]' may be overridden by compile because it
        is connected to generic logic. Use all_connected to see net
        connections. (OPT-461)
Warning: Dont_touch on net '*cell*89/M_2scompl[1]' may be overridden by compile because it
        is connected to generic logic. Use all_connected to see net
        connections. (OPT-461)
Warning: Dont_touch on net '*cell*89/M_2scompl[2]' may be overridden by compile because it
        is connected to generic logic. Use all_connected to see net
        connections. (OPT-461)
Warning: Dont_touch on net '*cell*89/M_2scompl[3]' may be overridden by compile because it
        is connected to generic logic. Use all_connected to see net
        connections. (OPT-461)
Warning: Dont_touch on net '*cell*89/M_2scompl[4]' may be overridden by compile because it
        is connected to generic logic. Use all_connected to see net
        connections. (OPT-461)
Warning: Dont_touch on net '*cell*89/M_2scompl[5]' may be overridden by compile because it
        is connected to generic logic. Use all_connected to see net
        connections. (OPT-461)
Warning: Dont_touch on net '*cell*89/M_2scompl[6]' may be overridden by compile because it
        is connected to generic logic. Use all_connected to see net
        connections. (OPT-461)
Warning: Dont_touch on net '*cell*89/M_2scompl[7]' may be overridden by compile because it
        is connected to generic logic. Use all_connected to see net
        connections. (OPT-461)
Warning: Dont_touch on net '*cell*89/M_2scompl[8]' may be overridden by compile because it
        is connected to generic logic. Use all_connected to see net
        connections. (OPT-461)
Warning: Dont_touch on net '*cell*89/M_2scompl[9]' may be overridden by compile because it
        is connected to generic logic. Use all_connected to see net
        connections. (OPT-461)
Warning: Dont_touch on net '*cell*89/M_2scompl[10]' may be overridden by compile because it
        is connected to generic logic. Use all_connected to see net
        connections. (OPT-461)
Warning: Dont_touch on net '*cell*89/M_2scompl[11]' may be overridden by compile because it
        is connected to generic logic. Use all_connected to see net
        connections. (OPT-461)
Warning: Dont_touch on net '*cell*89/M_2scompl[12]' may be overridden by compile because it
        is connected to generic logic. Use all_connected to see net
        connections. (OPT-461)
Warning: Dont_touch on net '*cell*89/M_2scompl[13]' may be overridden by compile because it
        is connected to generic logic. Use all_connected to see net
        connections. (OPT-461)
Warning: Dont_touch on net '*cell*89/M_2scompl[14]' may be overridden by compile because it
        is connected to generic logic. Use all_connected to see net
        connections. (OPT-461)
Warning: Dont_touch on net '*cell*89/M_2scompl[15]' may be overridden by compile because it
        is connected to generic logic. Use all_connected to see net
        connections. (OPT-461)
Warning: Dont_touch on net '*cell*89/M_2scompl[16]' may be overridden by compile because it
        is connected to generic logic. Use all_connected to see net
        connections. (OPT-461)
Warning: Dont_touch on net '*cell*89/M_2scompl[17]' may be overridden by compile because it
        is connected to generic logic. Use all_connected to see net
        connections. (OPT-461)
Warning: Dont_touch on net '*cell*89/M_2scompl[18]' may be overridden by compile because it
        is connected to generic logic. Use all_connected to see net
        connections. (OPT-461)
Warning: Dont_touch on net '*cell*89/M_2scompl[19]' may be overridden by compile because it
        is connected to generic logic. Use all_connected to see net
        connections. (OPT-461)
Warning: Dont_touch on net '*cell*89/M_2scompl[20]' may be overridden by compile because it
        is connected to generic logic. Use all_connected to see net
        connections. (OPT-461)
Warning: Dont_touch on net '*cell*89/M_2scompl[21]' may be overridden by compile because it
        is connected to generic logic. Use all_connected to see net
        connections. (OPT-461)
Warning: Dont_touch on net '*cell*89/M_2scompl[22]' may be overridden by compile because it
        is connected to generic logic. Use all_connected to see net
        connections. (OPT-461)
Warning: Dont_touch on net '*cell*89/M_2scompl[23]' may be overridden by compile because it
        is connected to generic logic. Use all_connected to see net
        connections. (OPT-461)
Warning: Dont_touch on net '*cell*89/M_2scompl[24]' may be overridden by compile because it
        is connected to generic logic. Use all_connected to see net
        connections. (OPT-461)
Warning: Dont_touch on net '*cell*89/a[0]' may be overridden by compile because it
        is connected to generic logic. Use all_connected to see net
        connections. (OPT-461)
Warning: Dont_touch on net '*cell*89/a[1]' may be overridden by compile because it
        is connected to generic logic. Use all_connected to see net
        connections. (OPT-461)
Warning: Dont_touch on net '*cell*89/a[2]' may be overridden by compile because it
        is connected to generic logic. Use all_connected to see net
        connections. (OPT-461)
Warning: Dont_touch on net '*cell*89/a[3]' may be overridden by compile because it
        is connected to generic logic. Use all_connected to see net
        connections. (OPT-461)
Warning: Dont_touch on net '*cell*89/a[4]' may be overridden by compile because it
        is connected to generic logic. Use all_connected to see net
        connections. (OPT-461)
Warning: Dont_touch on net '*cell*89/a[5]' may be overridden by compile because it
        is connected to generic logic. Use all_connected to see net
        connections. (OPT-461)
Warning: Dont_touch on net '*cell*89/a[6]' may be overridden by compile because it
        is connected to generic logic. Use all_connected to see net
        connections. (OPT-461)
Warning: Dont_touch on net '*cell*89/a[7]' may be overridden by compile because it
        is connected to generic logic. Use all_connected to see net
        connections. (OPT-461)
Warning: Dont_touch on net '*cell*89/a[8]' may be overridden by compile because it
        is connected to generic logic. Use all_connected to see net
        connections. (OPT-461)
Warning: Dont_touch on net '*cell*89/a[9]' may be overridden by compile because it
        is connected to generic logic. Use all_connected to see net
        connections. (OPT-461)
Warning: Dont_touch on net '*cell*89/a[10]' may be overridden by compile because it
        is connected to generic logic. Use all_connected to see net
        connections. (OPT-461)
Warning: Dont_touch on net '*cell*89/a[11]' may be overridden by compile because it
        is connected to generic logic. Use all_connected to see net
        connections. (OPT-461)
Warning: Dont_touch on net '*cell*89/a[12]' may be overridden by compile because it
        is connected to generic logic. Use all_connected to see net
        connections. (OPT-461)
Warning: Dont_touch on net '*cell*89/a[13]' may be overridden by compile because it
        is connected to generic logic. Use all_connected to see net
        connections. (OPT-461)
Warning: Dont_touch on net '*cell*89/a[14]' may be overridden by compile because it
        is connected to generic logic. Use all_connected to see net
        connections. (OPT-461)
Warning: Dont_touch on net '*cell*89/a[15]' may be overridden by compile because it
        is connected to generic logic. Use all_connected to see net
        connections. (OPT-461)
Warning: Dont_touch on net '*cell*89/a[16]' may be overridden by compile because it
        is connected to generic logic. Use all_connected to see net
        connections. (OPT-461)
Warning: Dont_touch on net '*cell*89/a[17]' may be overridden by compile because it
        is connected to generic logic. Use all_connected to see net
        connections. (OPT-461)
Warning: Dont_touch on net '*cell*89/a[18]' may be overridden by compile because it
        is connected to generic logic. Use all_connected to see net
        connections. (OPT-461)
Warning: Dont_touch on net '*cell*89/a[19]' may be overridden by compile because it
        is connected to generic logic. Use all_connected to see net
        connections. (OPT-461)
Warning: Dont_touch on net '*cell*89/a[20]' may be overridden by compile because it
        is connected to generic logic. Use all_connected to see net
        connections. (OPT-461)
Warning: Dont_touch on net '*cell*89/a[21]' may be overridden by compile because it
        is connected to generic logic. Use all_connected to see net
        connections. (OPT-461)
Warning: Dont_touch on net '*cell*89/a[22]' may be overridden by compile because it
        is connected to generic logic. Use all_connected to see net
        connections. (OPT-461)
Warning: Dont_touch on net '*cell*89/*Logic0*' may be overridden by compile because it
        is connected to generic logic. Use all_connected to see net
        connections. (OPT-461)
Warning: Dont_touch on net '*cell*91/N96' may be overridden by compile because it
        is connected to generic logic. Use all_connected to see net
        connections. (OPT-461)
Warning: Dont_touch on net '*cell*91/N95' may be overridden by compile because it
        is connected to generic logic. Use all_connected to see net
        connections. (OPT-461)
Warning: Dont_touch on net '*cell*91/N94' may be overridden by compile because it
        is connected to generic logic. Use all_connected to see net
        connections. (OPT-461)
Warning: Dont_touch on net '*cell*91/N93' may be overridden by compile because it
        is connected to generic logic. Use all_connected to see net
        connections. (OPT-461)
Warning: Dont_touch on net '*cell*91/N92' may be overridden by compile because it
        is connected to generic logic. Use all_connected to see net
        connections. (OPT-461)
Warning: Dont_touch on net '*cell*91/N91' may be overridden by compile because it
        is connected to generic logic. Use all_connected to see net
        connections. (OPT-461)
Warning: Dont_touch on net '*cell*91/N90' may be overridden by compile because it
        is connected to generic logic. Use all_connected to see net
        connections. (OPT-461)
Warning: Dont_touch on net '*cell*91/N89' may be overridden by compile because it
        is connected to generic logic. Use all_connected to see net
        connections. (OPT-461)
Warning: Dont_touch on net '*cell*91/*Logic0*' may be overridden by compile because it
        is connected to generic logic. Use all_connected to see net
        connections. (OPT-461)
Warning: Dont_touch on net '*cell*93/N104' may be overridden by compile because it
        is connected to generic logic. Use all_connected to see net
        connections. (OPT-461)
Warning: Dont_touch on net '*cell*93/N103' may be overridden by compile because it
        is connected to generic logic. Use all_connected to see net
        connections. (OPT-461)
Warning: Dont_touch on net '*cell*93/N102' may be overridden by compile because it
        is connected to generic logic. Use all_connected to see net
        connections. (OPT-461)
Warning: Dont_touch on net '*cell*93/N101' may be overridden by compile because it
        is connected to generic logic. Use all_connected to see net
        connections. (OPT-461)
Warning: Dont_touch on net '*cell*93/N100' may be overridden by compile because it
        is connected to generic logic. Use all_connected to see net
        connections. (OPT-461)
Warning: Dont_touch on net '*cell*93/N99' may be overridden by compile because it
        is connected to generic logic. Use all_connected to see net
        connections. (OPT-461)
Warning: Dont_touch on net '*cell*93/N98' may be overridden by compile because it
        is connected to generic logic. Use all_connected to see net
        connections. (OPT-461)
Warning: Dont_touch on net '*cell*93/N97' may be overridden by compile because it
        is connected to generic logic. Use all_connected to see net
        connections. (OPT-461)
Warning: Dont_touch on net '*cell*93/N96' may be overridden by compile because it
        is connected to generic logic. Use all_connected to see net
        connections. (OPT-461)
Warning: Dont_touch on net '*cell*93/*Logic0*' may be overridden by compile because it
        is connected to generic logic. Use all_connected to see net
        connections. (OPT-461)
Warning: Dont_touch on net '*cell*95/*Logic0*' may be overridden by compile because it
        is connected to generic logic. Use all_connected to see net
        connections. (OPT-461)
  Allocating blocks in 'DW_ifp_fp_conv_sig_widthi51_exp_widthi10_sig_width23_exp_width8_use_denormal0'
Information: Changed wire load model for 'alt1' from '(none)' to 'G5K'. (OPT-170)
Information: Changed wire load model for 'apparch' from '(none)' to 'G5K'. (OPT-170)
Information: Changed wire load model for 'alt1' from '(none)' to 'G5K'. (OPT-170)
Information: Changed wire load model for 'apparch' from '(none)' to 'G5K'. (OPT-170)
Information: Changed wire load model for 'alt1' from '(none)' to 'G5K'. (OPT-170)
Information: Changed wire load model for 'astr' from '(none)' to 'G5K'. (OPT-170)
  Allocating blocks in 'DW_lzd_a_width52'
  Allocating blocks in 'DW_lzod_a_width52_detect_10'
Information: Changed wire load model for 'alt1' from '(none)' to 'G5K'. (OPT-170)
Information: Changed wire load model for 'astr' from '(none)' to 'G5K'. (OPT-170)
Information: Changed wire load model for 'alt1' from '(none)' to 'G5K'. (OPT-170)
Information: Changed wire load model for 'apparch' from '(none)' to 'G5K'. (OPT-170)
Information: Changed wire load model for 'alt1' from '(none)' to 'G5K'. (OPT-170)
Information: Changed wire load model for 'apparch' from '(none)' to 'G5K'. (OPT-170)
  Allocating blocks in 'DW_ifp_addsub_sig_widthi28_exp_widthi9_sig_widtho51_exp_widtho10_use_denormal0_use_1scmpl0'
Information: Changed wire load model for 'alt1' from '(none)' to 'G5K'. (OPT-170)
Information: Changed wire load model for 'astr' from '(none)' to 'G5K'. (OPT-170)
Information: Changed wire load model for 'alt1' from '(none)' to 'G5K'. (OPT-170)
Information: Changed wire load model for 'astr' from '(none)' to 'G5K'. (OPT-170)
Information: Changed wire load model for 'alt1' from '(none)' to 'G5K'. (OPT-170)
Information: Changed wire load model for 'apparch' from '(none)' to 'G5K'. (OPT-170)
Information: Changed wire load model for 'alt1' from '(none)' to 'G5K'. (OPT-170)
Information: Changed wire load model for 'apparch' from '(none)' to 'G5K'. (OPT-170)
Information: Changed wire load model for 'alt1' from '(none)' to 'G5K'. (OPT-170)
Information: Changed wire load model for 'astr' from '(none)' to 'G5K'. (OPT-170)
  Allocating blocks in 'DW_ifp_addsub_sig_widthi25_exp_widthi8_sig_widtho28_exp_widtho9_use_denormal0_use_1scmpl0'
Information: Changed wire load model for 'alt1' from '(none)' to 'G5K'. (OPT-170)
Information: Changed wire load model for 'astr' from '(none)' to 'G5K'. (OPT-170)
Information: Changed wire load model for 'alt1' from '(none)' to 'G5K'. (OPT-170)
Information: Changed wire load model for 'astr' from '(none)' to 'G5K'. (OPT-170)
Information: Changed wire load model for 'alt1' from '(none)' to 'G5K'. (OPT-170)
Information: Changed wire load model for 'apparch' from '(none)' to 'G5K'. (OPT-170)
Information: Changed wire load model for 'alt1' from '(none)' to 'G5K'. (OPT-170)
Information: Changed wire load model for 'apparch' from '(none)' to 'G5K'. (OPT-170)
Information: Changed wire load model for 'alt1' from '(none)' to 'G5K'. (OPT-170)
Information: Changed wire load model for 'astr' from '(none)' to 'G5K'. (OPT-170)
  Allocating blocks in 'DW_fp_ifp_conv_sig_widthi23_exp_widthi8_sig_widtho28_exp_widtho9_use_denormal0_use_1scmpl0'
  Allocating blocks in 'DW_fp_ifp_conv_sig_widthi23_exp_widthi8_sig_widtho25_exp_widtho8_use_denormal0_use_1scmpl0'
Information: Changed wire load model for 'alt1' from '(none)' to 'G5K'. (OPT-170)
Information: Changed wire load model for 'astr' from '(none)' to 'G5K'. (OPT-170)
Information: Changed wire load model for 'alt1' from '(none)' to 'G5K'. (OPT-170)
Information: Changed wire load model for 'apparch' from '(none)' to 'G5K'. (OPT-170)
Information: Changed wire load model for 'alt1' from '(none)' to 'G5K'. (OPT-170)
Information: Changed wire load model for 'apparch' from '(none)' to 'G5K'. (OPT-170)
Information: Changed wire load model for 'alt1' from '(none)' to 'G5K'. (OPT-170)
Information: Changed wire load model for 'apparch' from '(none)' to 'G5K'. (OPT-170)
  Allocating blocks in 'DW_lzd_a_width53'
  Allocating blocks in 'DW_lzod_a_width53_detect_10'
Information: Changed wire load model for 'alt1' from '(none)' to 'G5K'. (OPT-170)
Information: Changed wire load model for 'apparch' from '(none)' to 'G5K'. (OPT-170)
Information: Changed wire load model for 'alt1' from '(none)' to 'G5K'. (OPT-170)
Information: Changed wire load model for 'apparch' from '(none)' to 'G5K'. (OPT-170)
Information: Changed wire load model for 'alt1' from '(none)' to 'G5K'. (OPT-170)
Information: Changed wire load model for 'astr' from '(none)' to 'G5K'. (OPT-170)
Information: Changed wire load model for 'alt1' from '(none)' to 'G5K'. (OPT-170)
Information: Changed wire load model for 'astr' from '(none)' to 'G5K'. (OPT-170)
Information: Changed wire load model for 'alt1' from '(none)' to 'G5K'. (OPT-170)
Information: Changed wire load model for 'apparch' from '(none)' to 'G5K'. (OPT-170)
Information: Changed wire load model for 'alt1' from '(none)' to 'G5K'. (OPT-170)
Information: Changed wire load model for 'astr' from '(none)' to 'G5K'. (OPT-170)
Information: Changed wire load model for 'alt1' from '(none)' to 'G5K'. (OPT-170)
Information: Changed wire load model for 'astr' from '(none)' to 'G5K'. (OPT-170)
Information: Changed wire load model for 'alt1' from '(none)' to 'G5K'. (OPT-170)
Information: Changed wire load model for 'astr' from '(none)' to 'G5K'. (OPT-170)
Information: Changed wire load model for 'alt1' from '(none)' to 'G5K'. (OPT-170)
Information: Changed wire load model for 'astr' from '(none)' to 'G5K'. (OPT-170)
Information: Changed wire load model for 'alt1' from '(none)' to 'G5K'. (OPT-170)
Information: Changed wire load model for 'apparch' from '(none)' to 'G5K'. (OPT-170)
Information: Changed wire load model for 'alt1' from '(none)' to 'G5K'. (OPT-170)
Information: Changed wire load model for 'apparch' from '(none)' to 'G5K'. (OPT-170)
Information: Changed wire load model for 'alt1' from '(none)' to 'G5K'. (OPT-170)
Information: Changed wire load model for 'apparch' from '(none)' to 'G5K'. (OPT-170)
Information: Changed wire load model for 'alt1' from '(none)' to 'G5K'. (OPT-170)
Information: Changed wire load model for 'apparch' from '(none)' to 'G5K'. (OPT-170)
  Allocating blocks in 'DW_fp_sum3_sig_width23_exp_width8_ieee_compliance0_arch_type0'
Warning: Dont_touch on net '*cell*85/M_2scompl[0]' may be overridden by compile because it
        is connected to generic logic. Use all_connected to see net
        connections. (OPT-461)
Warning: Dont_touch on net '*cell*85/M_2scompl[1]' may be overridden by compile because it
        is connected to generic logic. Use all_connected to see net
        connections. (OPT-461)
Warning: Dont_touch on net '*cell*85/M_2scompl[2]' may be overridden by compile because it
        is connected to generic logic. Use all_connected to see net
        connections. (OPT-461)
Warning: Dont_touch on net '*cell*85/M_2scompl[3]' may be overridden by compile because it
        is connected to generic logic. Use all_connected to see net
        connections. (OPT-461)
Warning: Dont_touch on net '*cell*85/M_2scompl[4]' may be overridden by compile because it
        is connected to generic logic. Use all_connected to see net
        connections. (OPT-461)
Warning: Dont_touch on net '*cell*85/M_2scompl[5]' may be overridden by compile because it
        is connected to generic logic. Use all_connected to see net
        connections. (OPT-461)
Warning: Dont_touch on net '*cell*85/M_2scompl[6]' may be overridden by compile because it
        is connected to generic logic. Use all_connected to see net
        connections. (OPT-461)
Warning: Dont_touch on net '*cell*85/M_2scompl[7]' may be overridden by compile because it
        is connected to generic logic. Use all_connected to see net
        connections. (OPT-461)
Warning: Dont_touch on net '*cell*85/M_2scompl[8]' may be overridden by compile because it
        is connected to generic logic. Use all_connected to see net
        connections. (OPT-461)
Warning: Dont_touch on net '*cell*85/M_2scompl[9]' may be overridden by compile because it
        is connected to generic logic. Use all_connected to see net
        connections. (OPT-461)
Warning: Dont_touch on net '*cell*85/M_2scompl[10]' may be overridden by compile because it
        is connected to generic logic. Use all_connected to see net
        connections. (OPT-461)
Warning: Dont_touch on net '*cell*85/M_2scompl[11]' may be overridden by compile because it
        is connected to generic logic. Use all_connected to see net
        connections. (OPT-461)
Warning: Dont_touch on net '*cell*85/M_2scompl[12]' may be overridden by compile because it
        is connected to generic logic. Use all_connected to see net
        connections. (OPT-461)
Warning: Dont_touch on net '*cell*85/M_2scompl[13]' may be overridden by compile because it
        is connected to generic logic. Use all_connected to see net
        connections. (OPT-461)
Warning: Dont_touch on net '*cell*85/M_2scompl[14]' may be overridden by compile because it
        is connected to generic logic. Use all_connected to see net
        connections. (OPT-461)
Warning: Dont_touch on net '*cell*85/M_2scompl[15]' may be overridden by compile because it
        is connected to generic logic. Use all_connected to see net
        connections. (OPT-461)
Warning: Dont_touch on net '*cell*85/M_2scompl[16]' may be overridden by compile because it
        is connected to generic logic. Use all_connected to see net
        connections. (OPT-461)
Warning: Dont_touch on net '*cell*85/M_2scompl[17]' may be overridden by compile because it
        is connected to generic logic. Use all_connected to see net
        connections. (OPT-461)
Warning: Dont_touch on net '*cell*85/M_2scompl[18]' may be overridden by compile because it
        is connected to generic logic. Use all_connected to see net
        connections. (OPT-461)
Warning: Dont_touch on net '*cell*85/M_2scompl[19]' may be overridden by compile because it
        is connected to generic logic. Use all_connected to see net
        connections. (OPT-461)
Warning: Dont_touch on net '*cell*85/M_2scompl[20]' may be overridden by compile because it
        is connected to generic logic. Use all_connected to see net
        connections. (OPT-461)
Warning: Dont_touch on net '*cell*85/M_2scompl[21]' may be overridden by compile because it
        is connected to generic logic. Use all_connected to see net
        connections. (OPT-461)
Warning: Dont_touch on net '*cell*85/M_2scompl[22]' may be overridden by compile because it
        is connected to generic logic. Use all_connected to see net
        connections. (OPT-461)
Warning: Dont_touch on net '*cell*85/M_2scompl[23]' may be overridden by compile because it
        is connected to generic logic. Use all_connected to see net
        connections. (OPT-461)
Warning: Dont_touch on net '*cell*85/M_2scompl[24]' may be overridden by compile because it
        is connected to generic logic. Use all_connected to see net
        connections. (OPT-461)
Warning: Dont_touch on net '*cell*85/a[0]' may be overridden by compile because it
        is connected to generic logic. Use all_connected to see net
        connections. (OPT-461)
Warning: Dont_touch on net '*cell*85/a[1]' may be overridden by compile because it
        is connected to generic logic. Use all_connected to see net
        connections. (OPT-461)
Warning: Dont_touch on net '*cell*85/a[2]' may be overridden by compile because it
        is connected to generic logic. Use all_connected to see net
        connections. (OPT-461)
Warning: Dont_touch on net '*cell*85/a[3]' may be overridden by compile because it
        is connected to generic logic. Use all_connected to see net
        connections. (OPT-461)
Warning: Dont_touch on net '*cell*85/a[4]' may be overridden by compile because it
        is connected to generic logic. Use all_connected to see net
        connections. (OPT-461)
Warning: Dont_touch on net '*cell*85/a[5]' may be overridden by compile because it
        is connected to generic logic. Use all_connected to see net
        connections. (OPT-461)
Warning: Dont_touch on net '*cell*85/a[6]' may be overridden by compile because it
        is connected to generic logic. Use all_connected to see net
        connections. (OPT-461)
Warning: Dont_touch on net '*cell*85/a[7]' may be overridden by compile because it
        is connected to generic logic. Use all_connected to see net
        connections. (OPT-461)
Warning: Dont_touch on net '*cell*85/a[8]' may be overridden by compile because it
        is connected to generic logic. Use all_connected to see net
        connections. (OPT-461)
Warning: Dont_touch on net '*cell*85/a[9]' may be overridden by compile because it
        is connected to generic logic. Use all_connected to see net
        connections. (OPT-461)
Warning: Dont_touch on net '*cell*85/a[10]' may be overridden by compile because it
        is connected to generic logic. Use all_connected to see net
        connections. (OPT-461)
Warning: Dont_touch on net '*cell*85/a[11]' may be overridden by compile because it
        is connected to generic logic. Use all_connected to see net
        connections. (OPT-461)
Warning: Dont_touch on net '*cell*85/a[12]' may be overridden by compile because it
        is connected to generic logic. Use all_connected to see net
        connections. (OPT-461)
Warning: Dont_touch on net '*cell*85/a[13]' may be overridden by compile because it
        is connected to generic logic. Use all_connected to see net
        connections. (OPT-461)
Warning: Dont_touch on net '*cell*85/a[14]' may be overridden by compile because it
        is connected to generic logic. Use all_connected to see net
        connections. (OPT-461)
Warning: Dont_touch on net '*cell*85/a[15]' may be overridden by compile because it
        is connected to generic logic. Use all_connected to see net
        connections. (OPT-461)
Warning: Dont_touch on net '*cell*85/a[16]' may be overridden by compile because it
        is connected to generic logic. Use all_connected to see net
        connections. (OPT-461)
Warning: Dont_touch on net '*cell*85/a[17]' may be overridden by compile because it
        is connected to generic logic. Use all_connected to see net
        connections. (OPT-461)
Warning: Dont_touch on net '*cell*85/a[18]' may be overridden by compile because it
        is connected to generic logic. Use all_connected to see net
        connections. (OPT-461)
Warning: Dont_touch on net '*cell*85/a[19]' may be overridden by compile because it
        is connected to generic logic. Use all_connected to see net
        connections. (OPT-461)
Warning: Dont_touch on net '*cell*85/a[20]' may be overridden by compile because it
        is connected to generic logic. Use all_connected to see net
        connections. (OPT-461)
Warning: Dont_touch on net '*cell*85/a[21]' may be overridden by compile because it
        is connected to generic logic. Use all_connected to see net
        connections. (OPT-461)
Warning: Dont_touch on net '*cell*85/a[22]' may be overridden by compile because it
        is connected to generic logic. Use all_connected to see net
        connections. (OPT-461)
Warning: Dont_touch on net '*cell*85/*Logic0*' may be overridden by compile because it
        is connected to generic logic. Use all_connected to see net
        connections. (OPT-461)
Warning: Dont_touch on net '*cell*89/M_2scompl[0]' may be overridden by compile because it
        is connected to generic logic. Use all_connected to see net
        connections. (OPT-461)
Warning: Dont_touch on net '*cell*89/M_2scompl[1]' may be overridden by compile because it
        is connected to generic logic. Use all_connected to see net
        connections. (OPT-461)
Warning: Dont_touch on net '*cell*89/M_2scompl[2]' may be overridden by compile because it
        is connected to generic logic. Use all_connected to see net
        connections. (OPT-461)
Warning: Dont_touch on net '*cell*89/M_2scompl[3]' may be overridden by compile because it
        is connected to generic logic. Use all_connected to see net
        connections. (OPT-461)
Warning: Dont_touch on net '*cell*89/M_2scompl[4]' may be overridden by compile because it
        is connected to generic logic. Use all_connected to see net
        connections. (OPT-461)
Warning: Dont_touch on net '*cell*89/M_2scompl[5]' may be overridden by compile because it
        is connected to generic logic. Use all_connected to see net
        connections. (OPT-461)
Warning: Dont_touch on net '*cell*89/M_2scompl[6]' may be overridden by compile because it
        is connected to generic logic. Use all_connected to see net
        connections. (OPT-461)
Warning: Dont_touch on net '*cell*89/M_2scompl[7]' may be overridden by compile because it
        is connected to generic logic. Use all_connected to see net
        connections. (OPT-461)
Warning: Dont_touch on net '*cell*89/M_2scompl[8]' may be overridden by compile because it
        is connected to generic logic. Use all_connected to see net
        connections. (OPT-461)
Warning: Dont_touch on net '*cell*89/M_2scompl[9]' may be overridden by compile because it
        is connected to generic logic. Use all_connected to see net
        connections. (OPT-461)
Warning: Dont_touch on net '*cell*89/M_2scompl[10]' may be overridden by compile because it
        is connected to generic logic. Use all_connected to see net
        connections. (OPT-461)
Warning: Dont_touch on net '*cell*89/M_2scompl[11]' may be overridden by compile because it
        is connected to generic logic. Use all_connected to see net
        connections. (OPT-461)
Warning: Dont_touch on net '*cell*89/M_2scompl[12]' may be overridden by compile because it
        is connected to generic logic. Use all_connected to see net
        connections. (OPT-461)
Warning: Dont_touch on net '*cell*89/M_2scompl[13]' may be overridden by compile because it
        is connected to generic logic. Use all_connected to see net
        connections. (OPT-461)
Warning: Dont_touch on net '*cell*89/M_2scompl[14]' may be overridden by compile because it
        is connected to generic logic. Use all_connected to see net
        connections. (OPT-461)
Warning: Dont_touch on net '*cell*89/M_2scompl[15]' may be overridden by compile because it
        is connected to generic logic. Use all_connected to see net
        connections. (OPT-461)
Warning: Dont_touch on net '*cell*89/M_2scompl[16]' may be overridden by compile because it
        is connected to generic logic. Use all_connected to see net
        connections. (OPT-461)
Warning: Dont_touch on net '*cell*89/M_2scompl[17]' may be overridden by compile because it
        is connected to generic logic. Use all_connected to see net
        connections. (OPT-461)
Warning: Dont_touch on net '*cell*89/M_2scompl[18]' may be overridden by compile because it
        is connected to generic logic. Use all_connected to see net
        connections. (OPT-461)
Warning: Dont_touch on net '*cell*89/M_2scompl[19]' may be overridden by compile because it
        is connected to generic logic. Use all_connected to see net
        connections. (OPT-461)
Warning: Dont_touch on net '*cell*89/M_2scompl[20]' may be overridden by compile because it
        is connected to generic logic. Use all_connected to see net
        connections. (OPT-461)
Warning: Dont_touch on net '*cell*89/M_2scompl[21]' may be overridden by compile because it
        is connected to generic logic. Use all_connected to see net
        connections. (OPT-461)
Warning: Dont_touch on net '*cell*89/M_2scompl[22]' may be overridden by compile because it
        is connected to generic logic. Use all_connected to see net
        connections. (OPT-461)
Warning: Dont_touch on net '*cell*89/M_2scompl[23]' may be overridden by compile because it
        is connected to generic logic. Use all_connected to see net
        connections. (OPT-461)
Warning: Dont_touch on net '*cell*89/M_2scompl[24]' may be overridden by compile because it
        is connected to generic logic. Use all_connected to see net
        connections. (OPT-461)
Warning: Dont_touch on net '*cell*89/a[0]' may be overridden by compile because it
        is connected to generic logic. Use all_connected to see net
        connections. (OPT-461)
Warning: Dont_touch on net '*cell*89/a[1]' may be overridden by compile because it
        is connected to generic logic. Use all_connected to see net
        connections. (OPT-461)
Warning: Dont_touch on net '*cell*89/a[2]' may be overridden by compile because it
        is connected to generic logic. Use all_connected to see net
        connections. (OPT-461)
Warning: Dont_touch on net '*cell*89/a[3]' may be overridden by compile because it
        is connected to generic logic. Use all_connected to see net
        connections. (OPT-461)
Warning: Dont_touch on net '*cell*89/a[4]' may be overridden by compile because it
        is connected to generic logic. Use all_connected to see net
        connections. (OPT-461)
Warning: Dont_touch on net '*cell*89/a[5]' may be overridden by compile because it
        is connected to generic logic. Use all_connected to see net
        connections. (OPT-461)
Warning: Dont_touch on net '*cell*89/a[6]' may be overridden by compile because it
        is connected to generic logic. Use all_connected to see net
        connections. (OPT-461)
Warning: Dont_touch on net '*cell*89/a[7]' may be overridden by compile because it
        is connected to generic logic. Use all_connected to see net
        connections. (OPT-461)
Warning: Dont_touch on net '*cell*89/a[8]' may be overridden by compile because it
        is connected to generic logic. Use all_connected to see net
        connections. (OPT-461)
Warning: Dont_touch on net '*cell*89/a[9]' may be overridden by compile because it
        is connected to generic logic. Use all_connected to see net
        connections. (OPT-461)
Warning: Dont_touch on net '*cell*89/a[10]' may be overridden by compile because it
        is connected to generic logic. Use all_connected to see net
        connections. (OPT-461)
Warning: Dont_touch on net '*cell*89/a[11]' may be overridden by compile because it
        is connected to generic logic. Use all_connected to see net
        connections. (OPT-461)
Warning: Dont_touch on net '*cell*89/a[12]' may be overridden by compile because it
        is connected to generic logic. Use all_connected to see net
        connections. (OPT-461)
Warning: Dont_touch on net '*cell*89/a[13]' may be overridden by compile because it
        is connected to generic logic. Use all_connected to see net
        connections. (OPT-461)
Warning: Dont_touch on net '*cell*89/a[14]' may be overridden by compile because it
        is connected to generic logic. Use all_connected to see net
        connections. (OPT-461)
Warning: Dont_touch on net '*cell*89/a[15]' may be overridden by compile because it
        is connected to generic logic. Use all_connected to see net
        connections. (OPT-461)
Warning: Dont_touch on net '*cell*89/a[16]' may be overridden by compile because it
        is connected to generic logic. Use all_connected to see net
        connections. (OPT-461)
Warning: Dont_touch on net '*cell*89/a[17]' may be overridden by compile because it
        is connected to generic logic. Use all_connected to see net
        connections. (OPT-461)
Warning: Dont_touch on net '*cell*89/a[18]' may be overridden by compile because it
        is connected to generic logic. Use all_connected to see net
        connections. (OPT-461)
Warning: Dont_touch on net '*cell*89/a[19]' may be overridden by compile because it
        is connected to generic logic. Use all_connected to see net
        connections. (OPT-461)
Warning: Dont_touch on net '*cell*89/a[20]' may be overridden by compile because it
        is connected to generic logic. Use all_connected to see net
        connections. (OPT-461)
Warning: Dont_touch on net '*cell*89/a[21]' may be overridden by compile because it
        is connected to generic logic. Use all_connected to see net
        connections. (OPT-461)
Warning: Dont_touch on net '*cell*89/a[22]' may be overridden by compile because it
        is connected to generic logic. Use all_connected to see net
        connections. (OPT-461)
Warning: Dont_touch on net '*cell*89/*Logic0*' may be overridden by compile because it
        is connected to generic logic. Use all_connected to see net
        connections. (OPT-461)
Warning: Dont_touch on net '*cell*91/N96' may be overridden by compile because it
        is connected to generic logic. Use all_connected to see net
        connections. (OPT-461)
Warning: Dont_touch on net '*cell*91/N95' may be overridden by compile because it
        is connected to generic logic. Use all_connected to see net
        connections. (OPT-461)
Warning: Dont_touch on net '*cell*91/N94' may be overridden by compile because it
        is connected to generic logic. Use all_connected to see net
        connections. (OPT-461)
Warning: Dont_touch on net '*cell*91/N93' may be overridden by compile because it
        is connected to generic logic. Use all_connected to see net
        connections. (OPT-461)
Warning: Dont_touch on net '*cell*91/N92' may be overridden by compile because it
        is connected to generic logic. Use all_connected to see net
        connections. (OPT-461)
Warning: Dont_touch on net '*cell*91/N91' may be overridden by compile because it
        is connected to generic logic. Use all_connected to see net
        connections. (OPT-461)
Warning: Dont_touch on net '*cell*91/N90' may be overridden by compile because it
        is connected to generic logic. Use all_connected to see net
        connections. (OPT-461)
Warning: Dont_touch on net '*cell*91/N89' may be overridden by compile because it
        is connected to generic logic. Use all_connected to see net
        connections. (OPT-461)
Warning: Dont_touch on net '*cell*91/*Logic0*' may be overridden by compile because it
        is connected to generic logic. Use all_connected to see net
        connections. (OPT-461)
Warning: Dont_touch on net '*cell*93/N104' may be overridden by compile because it
        is connected to generic logic. Use all_connected to see net
        connections. (OPT-461)
Warning: Dont_touch on net '*cell*93/N103' may be overridden by compile because it
        is connected to generic logic. Use all_connected to see net
        connections. (OPT-461)
Warning: Dont_touch on net '*cell*93/N102' may be overridden by compile because it
        is connected to generic logic. Use all_connected to see net
        connections. (OPT-461)
Warning: Dont_touch on net '*cell*93/N101' may be overridden by compile because it
        is connected to generic logic. Use all_connected to see net
        connections. (OPT-461)
Warning: Dont_touch on net '*cell*93/N100' may be overridden by compile because it
        is connected to generic logic. Use all_connected to see net
        connections. (OPT-461)
Warning: Dont_touch on net '*cell*93/N99' may be overridden by compile because it
        is connected to generic logic. Use all_connected to see net
        connections. (OPT-461)
Warning: Dont_touch on net '*cell*93/N98' may be overridden by compile because it
        is connected to generic logic. Use all_connected to see net
        connections. (OPT-461)
Warning: Dont_touch on net '*cell*93/N97' may be overridden by compile because it
        is connected to generic logic. Use all_connected to see net
        connections. (OPT-461)
Warning: Dont_touch on net '*cell*93/N96' may be overridden by compile because it
        is connected to generic logic. Use all_connected to see net
        connections. (OPT-461)
Warning: Dont_touch on net '*cell*93/*Logic0*' may be overridden by compile because it
        is connected to generic logic. Use all_connected to see net
        connections. (OPT-461)
Warning: Dont_touch on net '*cell*95/*Logic0*' may be overridden by compile because it
        is connected to generic logic. Use all_connected to see net
        connections. (OPT-461)
  Allocating blocks in 'DW_ifp_fp_conv_sig_widthi51_exp_widthi10_sig_width23_exp_width8_use_denormal0'
Information: Changed wire load model for 'alt1' from '(none)' to 'G5K'. (OPT-170)
Information: Changed wire load model for 'apparch' from '(none)' to 'G5K'. (OPT-170)
Information: Changed wire load model for 'alt1' from '(none)' to 'G5K'. (OPT-170)
Information: Changed wire load model for 'apparch' from '(none)' to 'G5K'. (OPT-170)
Information: Changed wire load model for 'alt1' from '(none)' to 'G5K'. (OPT-170)
Information: Changed wire load model for 'astr' from '(none)' to 'G5K'. (OPT-170)
  Allocating blocks in 'DW_lzd_a_width52'
  Allocating blocks in 'DW_lzod_a_width52_detect_10'
Information: Changed wire load model for 'alt1' from '(none)' to 'G5K'. (OPT-170)
Information: Changed wire load model for 'astr' from '(none)' to 'G5K'. (OPT-170)
Information: Changed wire load model for 'alt1' from '(none)' to 'G5K'. (OPT-170)
Information: Changed wire load model for 'apparch' from '(none)' to 'G5K'. (OPT-170)
Information: Changed wire load model for 'alt1' from '(none)' to 'G5K'. (OPT-170)
Information: Changed wire load model for 'apparch' from '(none)' to 'G5K'. (OPT-170)
  Allocating blocks in 'DW_ifp_addsub_sig_widthi28_exp_widthi9_sig_widtho51_exp_widtho10_use_denormal0_use_1scmpl0'
Information: Changed wire load model for 'alt1' from '(none)' to 'G5K'. (OPT-170)
Information: Changed wire load model for 'astr' from '(none)' to 'G5K'. (OPT-170)
Information: Changed wire load model for 'alt1' from '(none)' to 'G5K'. (OPT-170)
Information: Changed wire load model for 'astr' from '(none)' to 'G5K'. (OPT-170)
Information: Changed wire load model for 'alt1' from '(none)' to 'G5K'. (OPT-170)
Information: Changed wire load model for 'apparch' from '(none)' to 'G5K'. (OPT-170)
Information: Changed wire load model for 'alt1' from '(none)' to 'G5K'. (OPT-170)
Information: Changed wire load model for 'apparch' from '(none)' to 'G5K'. (OPT-170)
Information: Changed wire load model for 'alt1' from '(none)' to 'G5K'. (OPT-170)
Information: Changed wire load model for 'astr' from '(none)' to 'G5K'. (OPT-170)
  Allocating blocks in 'DW_ifp_addsub_sig_widthi25_exp_widthi8_sig_widtho28_exp_widtho9_use_denormal0_use_1scmpl0'
Information: Changed wire load model for 'alt1' from '(none)' to 'G5K'. (OPT-170)
Information: Changed wire load model for 'astr' from '(none)' to 'G5K'. (OPT-170)
Information: Changed wire load model for 'alt1' from '(none)' to 'G5K'. (OPT-170)
Information: Changed wire load model for 'astr' from '(none)' to 'G5K'. (OPT-170)
Information: Changed wire load model for 'alt1' from '(none)' to 'G5K'. (OPT-170)
Information: Changed wire load model for 'apparch' from '(none)' to 'G5K'. (OPT-170)
Information: Changed wire load model for 'alt1' from '(none)' to 'G5K'. (OPT-170)
Information: Changed wire load model for 'apparch' from '(none)' to 'G5K'. (OPT-170)
Information: Changed wire load model for 'alt1' from '(none)' to 'G5K'. (OPT-170)
Information: Changed wire load model for 'astr' from '(none)' to 'G5K'. (OPT-170)
  Allocating blocks in 'DW_fp_ifp_conv_sig_widthi23_exp_widthi8_sig_widtho28_exp_widtho9_use_denormal0_use_1scmpl0'
  Allocating blocks in 'DW_fp_ifp_conv_sig_widthi23_exp_widthi8_sig_widtho25_exp_widtho8_use_denormal0_use_1scmpl0'
Information: Changed wire load model for 'alt1' from '(none)' to 'G5K'. (OPT-170)
Information: Changed wire load model for 'astr' from '(none)' to 'G5K'. (OPT-170)
Information: Changed wire load model for 'alt1' from '(none)' to 'G5K'. (OPT-170)
Information: Changed wire load model for 'apparch' from '(none)' to 'G5K'. (OPT-170)
Information: Changed wire load model for 'alt1' from '(none)' to 'G5K'. (OPT-170)
Information: Changed wire load model for 'apparch' from '(none)' to 'G5K'. (OPT-170)
Information: Changed wire load model for 'alt1' from '(none)' to 'G5K'. (OPT-170)
Information: Changed wire load model for 'apparch' from '(none)' to 'G5K'. (OPT-170)
  Allocating blocks in 'DW_lzd_a_width53'
  Allocating blocks in 'DW_lzod_a_width53_detect_10'
Information: Changed wire load model for 'alt1' from '(none)' to 'G5K'. (OPT-170)
Information: Changed wire load model for 'apparch' from '(none)' to 'G5K'. (OPT-170)
Information: Changed wire load model for 'alt1' from '(none)' to 'G5K'. (OPT-170)
Information: Changed wire load model for 'apparch' from '(none)' to 'G5K'. (OPT-170)
Information: Changed wire load model for 'alt1' from '(none)' to 'G5K'. (OPT-170)
Information: Changed wire load model for 'astr' from '(none)' to 'G5K'. (OPT-170)
Information: Changed wire load model for 'alt1' from '(none)' to 'G5K'. (OPT-170)
Information: Changed wire load model for 'astr' from '(none)' to 'G5K'. (OPT-170)
Information: Changed wire load model for 'alt1' from '(none)' to 'G5K'. (OPT-170)
Information: Changed wire load model for 'apparch' from '(none)' to 'G5K'. (OPT-170)
Information: Changed wire load model for 'alt1' from '(none)' to 'G5K'. (OPT-170)
Information: Changed wire load model for 'astr' from '(none)' to 'G5K'. (OPT-170)
Information: Changed wire load model for 'alt1' from '(none)' to 'G5K'. (OPT-170)
Information: Changed wire load model for 'astr' from '(none)' to 'G5K'. (OPT-170)
Information: Changed wire load model for 'alt1' from '(none)' to 'G5K'. (OPT-170)
Information: Changed wire load model for 'astr' from '(none)' to 'G5K'. (OPT-170)
Information: Changed wire load model for 'alt1' from '(none)' to 'G5K'. (OPT-170)
Information: Changed wire load model for 'astr' from '(none)' to 'G5K'. (OPT-170)
Information: Changed wire load model for 'alt1' from '(none)' to 'G5K'. (OPT-170)
Information: Changed wire load model for 'apparch' from '(none)' to 'G5K'. (OPT-170)
Information: Changed wire load model for 'alt1' from '(none)' to 'G5K'. (OPT-170)
Information: Changed wire load model for 'apparch' from '(none)' to 'G5K'. (OPT-170)
Information: Changed wire load model for 'alt1' from '(none)' to 'G5K'. (OPT-170)
Information: Changed wire load model for 'apparch' from '(none)' to 'G5K'. (OPT-170)
Information: Changed wire load model for 'alt1' from '(none)' to 'G5K'. (OPT-170)
Information: Changed wire load model for 'apparch' from '(none)' to 'G5K'. (OPT-170)
  Allocating blocks in 'DW_fp_sum4_sig_width23_exp_width8_ieee_compliance0_arch_type0'
Warning: Dont_touch on net '*cell*95/M_2scompl[0]' may be overridden by compile because it
        is connected to generic logic. Use all_connected to see net
        connections. (OPT-461)
Warning: Dont_touch on net '*cell*95/M_2scompl[1]' may be overridden by compile because it
        is connected to generic logic. Use all_connected to see net
        connections. (OPT-461)
Warning: Dont_touch on net '*cell*95/M_2scompl[2]' may be overridden by compile because it
        is connected to generic logic. Use all_connected to see net
        connections. (OPT-461)
Warning: Dont_touch on net '*cell*95/M_2scompl[3]' may be overridden by compile because it
        is connected to generic logic. Use all_connected to see net
        connections. (OPT-461)
Warning: Dont_touch on net '*cell*95/M_2scompl[4]' may be overridden by compile because it
        is connected to generic logic. Use all_connected to see net
        connections. (OPT-461)
Warning: Dont_touch on net '*cell*95/M_2scompl[5]' may be overridden by compile because it
        is connected to generic logic. Use all_connected to see net
        connections. (OPT-461)
Warning: Dont_touch on net '*cell*95/M_2scompl[6]' may be overridden by compile because it
        is connected to generic logic. Use all_connected to see net
        connections. (OPT-461)
Warning: Dont_touch on net '*cell*95/M_2scompl[7]' may be overridden by compile because it
        is connected to generic logic. Use all_connected to see net
        connections. (OPT-461)
Warning: Dont_touch on net '*cell*95/M_2scompl[8]' may be overridden by compile because it
        is connected to generic logic. Use all_connected to see net
        connections. (OPT-461)
Warning: Dont_touch on net '*cell*95/M_2scompl[9]' may be overridden by compile because it
        is connected to generic logic. Use all_connected to see net
        connections. (OPT-461)
Warning: Dont_touch on net '*cell*95/M_2scompl[10]' may be overridden by compile because it
        is connected to generic logic. Use all_connected to see net
        connections. (OPT-461)
Warning: Dont_touch on net '*cell*95/M_2scompl[11]' may be overridden by compile because it
        is connected to generic logic. Use all_connected to see net
        connections. (OPT-461)
Warning: Dont_touch on net '*cell*95/M_2scompl[12]' may be overridden by compile because it
        is connected to generic logic. Use all_connected to see net
        connections. (OPT-461)
Warning: Dont_touch on net '*cell*95/M_2scompl[13]' may be overridden by compile because it
        is connected to generic logic. Use all_connected to see net
        connections. (OPT-461)
Warning: Dont_touch on net '*cell*95/M_2scompl[14]' may be overridden by compile because it
        is connected to generic logic. Use all_connected to see net
        connections. (OPT-461)
Warning: Dont_touch on net '*cell*95/M_2scompl[15]' may be overridden by compile because it
        is connected to generic logic. Use all_connected to see net
        connections. (OPT-461)
Warning: Dont_touch on net '*cell*95/M_2scompl[16]' may be overridden by compile because it
        is connected to generic logic. Use all_connected to see net
        connections. (OPT-461)
Warning: Dont_touch on net '*cell*95/M_2scompl[17]' may be overridden by compile because it
        is connected to generic logic. Use all_connected to see net
        connections. (OPT-461)
Warning: Dont_touch on net '*cell*95/M_2scompl[18]' may be overridden by compile because it
        is connected to generic logic. Use all_connected to see net
        connections. (OPT-461)
Warning: Dont_touch on net '*cell*95/M_2scompl[19]' may be overridden by compile because it
        is connected to generic logic. Use all_connected to see net
        connections. (OPT-461)
Warning: Dont_touch on net '*cell*95/M_2scompl[20]' may be overridden by compile because it
        is connected to generic logic. Use all_connected to see net
        connections. (OPT-461)
Warning: Dont_touch on net '*cell*95/M_2scompl[21]' may be overridden by compile because it
        is connected to generic logic. Use all_connected to see net
        connections. (OPT-461)
Warning: Dont_touch on net '*cell*95/M_2scompl[22]' may be overridden by compile because it
        is connected to generic logic. Use all_connected to see net
        connections. (OPT-461)
Warning: Dont_touch on net '*cell*95/M_2scompl[23]' may be overridden by compile because it
        is connected to generic logic. Use all_connected to see net
        connections. (OPT-461)
Warning: Dont_touch on net '*cell*95/M_2scompl[24]' may be overridden by compile because it
        is connected to generic logic. Use all_connected to see net
        connections. (OPT-461)
Warning: Dont_touch on net '*cell*95/a[0]' may be overridden by compile because it
        is connected to generic logic. Use all_connected to see net
        connections. (OPT-461)
Warning: Dont_touch on net '*cell*95/a[1]' may be overridden by compile because it
        is connected to generic logic. Use all_connected to see net
        connections. (OPT-461)
Warning: Dont_touch on net '*cell*95/a[2]' may be overridden by compile because it
        is connected to generic logic. Use all_connected to see net
        connections. (OPT-461)
Warning: Dont_touch on net '*cell*95/a[3]' may be overridden by compile because it
        is connected to generic logic. Use all_connected to see net
        connections. (OPT-461)
Warning: Dont_touch on net '*cell*95/a[4]' may be overridden by compile because it
        is connected to generic logic. Use all_connected to see net
        connections. (OPT-461)
Warning: Dont_touch on net '*cell*95/a[5]' may be overridden by compile because it
        is connected to generic logic. Use all_connected to see net
        connections. (OPT-461)
Warning: Dont_touch on net '*cell*95/a[6]' may be overridden by compile because it
        is connected to generic logic. Use all_connected to see net
        connections. (OPT-461)
Warning: Dont_touch on net '*cell*95/a[7]' may be overridden by compile because it
        is connected to generic logic. Use all_connected to see net
        connections. (OPT-461)
Warning: Dont_touch on net '*cell*95/a[8]' may be overridden by compile because it
        is connected to generic logic. Use all_connected to see net
        connections. (OPT-461)
Warning: Dont_touch on net '*cell*95/a[9]' may be overridden by compile because it
        is connected to generic logic. Use all_connected to see net
        connections. (OPT-461)
Warning: Dont_touch on net '*cell*95/a[10]' may be overridden by compile because it
        is connected to generic logic. Use all_connected to see net
        connections. (OPT-461)
Warning: Dont_touch on net '*cell*95/a[11]' may be overridden by compile because it
        is connected to generic logic. Use all_connected to see net
        connections. (OPT-461)
Warning: Dont_touch on net '*cell*95/a[12]' may be overridden by compile because it
        is connected to generic logic. Use all_connected to see net
        connections. (OPT-461)
Warning: Dont_touch on net '*cell*95/a[13]' may be overridden by compile because it
        is connected to generic logic. Use all_connected to see net
        connections. (OPT-461)
Warning: Dont_touch on net '*cell*95/a[14]' may be overridden by compile because it
        is connected to generic logic. Use all_connected to see net
        connections. (OPT-461)
Warning: Dont_touch on net '*cell*95/a[15]' may be overridden by compile because it
        is connected to generic logic. Use all_connected to see net
        connections. (OPT-461)
Warning: Dont_touch on net '*cell*95/a[16]' may be overridden by compile because it
        is connected to generic logic. Use all_connected to see net
        connections. (OPT-461)
Warning: Dont_touch on net '*cell*95/a[17]' may be overridden by compile because it
        is connected to generic logic. Use all_connected to see net
        connections. (OPT-461)
Warning: Dont_touch on net '*cell*95/a[18]' may be overridden by compile because it
        is connected to generic logic. Use all_connected to see net
        connections. (OPT-461)
Warning: Dont_touch on net '*cell*95/a[19]' may be overridden by compile because it
        is connected to generic logic. Use all_connected to see net
        connections. (OPT-461)
Warning: Dont_touch on net '*cell*95/a[20]' may be overridden by compile because it
        is connected to generic logic. Use all_connected to see net
        connections. (OPT-461)
Warning: Dont_touch on net '*cell*95/a[21]' may be overridden by compile because it
        is connected to generic logic. Use all_connected to see net
        connections. (OPT-461)
Warning: Dont_touch on net '*cell*95/a[22]' may be overridden by compile because it
        is connected to generic logic. Use all_connected to see net
        connections. (OPT-461)
Warning: Dont_touch on net '*cell*95/*Logic0*' may be overridden by compile because it
        is connected to generic logic. Use all_connected to see net
        connections. (OPT-461)
Warning: Dont_touch on net '*cell*103/N96' may be overridden by compile because it
        is connected to generic logic. Use all_connected to see net
        connections. (OPT-461)
Warning: Dont_touch on net '*cell*103/N95' may be overridden by compile because it
        is connected to generic logic. Use all_connected to see net
        connections. (OPT-461)
Warning: Dont_touch on net '*cell*103/N94' may be overridden by compile because it
        is connected to generic logic. Use all_connected to see net
        connections. (OPT-461)
Warning: Dont_touch on net '*cell*103/N93' may be overridden by compile because it
        is connected to generic logic. Use all_connected to see net
        connections. (OPT-461)
Warning: Dont_touch on net '*cell*103/N92' may be overridden by compile because it
        is connected to generic logic. Use all_connected to see net
        connections. (OPT-461)
Warning: Dont_touch on net '*cell*103/N91' may be overridden by compile because it
        is connected to generic logic. Use all_connected to see net
        connections. (OPT-461)
Warning: Dont_touch on net '*cell*103/N90' may be overridden by compile because it
        is connected to generic logic. Use all_connected to see net
        connections. (OPT-461)
Warning: Dont_touch on net '*cell*103/N89' may be overridden by compile because it
        is connected to generic logic. Use all_connected to see net
        connections. (OPT-461)
Warning: Dont_touch on net '*cell*103/*Logic0*' may be overridden by compile because it
        is connected to generic logic. Use all_connected to see net
        connections. (OPT-461)
Warning: Dont_touch on net '*cell*107/N104' may be overridden by compile because it
        is connected to generic logic. Use all_connected to see net
        connections. (OPT-461)
Warning: Dont_touch on net '*cell*107/N103' may be overridden by compile because it
        is connected to generic logic. Use all_connected to see net
        connections. (OPT-461)
Warning: Dont_touch on net '*cell*107/N102' may be overridden by compile because it
        is connected to generic logic. Use all_connected to see net
        connections. (OPT-461)
Warning: Dont_touch on net '*cell*107/N101' may be overridden by compile because it
        is connected to generic logic. Use all_connected to see net
        connections. (OPT-461)
Warning: Dont_touch on net '*cell*107/N100' may be overridden by compile because it
        is connected to generic logic. Use all_connected to see net
        connections. (OPT-461)
Warning: Dont_touch on net '*cell*107/N99' may be overridden by compile because it
        is connected to generic logic. Use all_connected to see net
        connections. (OPT-461)
Warning: Dont_touch on net '*cell*107/N98' may be overridden by compile because it
        is connected to generic logic. Use all_connected to see net
        connections. (OPT-461)
Warning: Dont_touch on net '*cell*107/N97' may be overridden by compile because it
        is connected to generic logic. Use all_connected to see net
        connections. (OPT-461)
Warning: Dont_touch on net '*cell*107/N96' may be overridden by compile because it
        is connected to generic logic. Use all_connected to see net
        connections. (OPT-461)
Warning: Dont_touch on net '*cell*107/*Logic0*' may be overridden by compile because it
        is connected to generic logic. Use all_connected to see net
        connections. (OPT-461)
Warning: Dont_touch on net '*cell*109/*Logic0*' may be overridden by compile because it
        is connected to generic logic. Use all_connected to see net
        connections. (OPT-461)
  Allocating blocks in 'DW_lzd_a_width29'
  Allocating blocks in 'DW_lzod_a_width29_detect_10'
  Allocating blocks in 'DW_ifp_fp_conv_sig_widthi51_exp_widthi10_sig_width23_exp_width8_use_denormal0'
Information: Changed wire load model for 'alt1' from '(none)' to 'G5K'. (OPT-170)
Information: Changed wire load model for 'apparch' from '(none)' to 'G5K'. (OPT-170)
Information: Changed wire load model for 'alt1' from '(none)' to 'G5K'. (OPT-170)
Information: Changed wire load model for 'apparch' from '(none)' to 'G5K'. (OPT-170)
Information: Changed wire load model for 'alt1' from '(none)' to 'G5K'. (OPT-170)
Information: Changed wire load model for 'astr' from '(none)' to 'G5K'. (OPT-170)
  Allocating blocks in 'DW_lzd_a_width52'
  Allocating blocks in 'DW_lzod_a_width52_detect_10'
Information: Changed wire load model for 'alt1' from '(none)' to 'G5K'. (OPT-170)
Information: Changed wire load model for 'astr' from '(none)' to 'G5K'. (OPT-170)
Information: Changed wire load model for 'alt1' from '(none)' to 'G5K'. (OPT-170)
Information: Changed wire load model for 'apparch' from '(none)' to 'G5K'. (OPT-170)
Information: Changed wire load model for 'alt1' from '(none)' to 'G5K'. (OPT-170)
Information: Changed wire load model for 'apparch' from '(none)' to 'G5K'. (OPT-170)
  Allocating blocks in 'DW_ifp_addsub_sig_widthi28_exp_widthi9_sig_widtho51_exp_widtho10_use_denormal0_use_1scmpl0'
Information: Changed wire load model for 'alt1' from '(none)' to 'G5K'. (OPT-170)
Information: Changed wire load model for 'astr' from '(none)' to 'G5K'. (OPT-170)
Information: Changed wire load model for 'alt1' from '(none)' to 'G5K'. (OPT-170)
Information: Changed wire load model for 'astr' from '(none)' to 'G5K'. (OPT-170)
Information: Changed wire load model for 'alt1' from '(none)' to 'G5K'. (OPT-170)
Information: Changed wire load model for 'apparch' from '(none)' to 'G5K'. (OPT-170)
Information: Changed wire load model for 'alt1' from '(none)' to 'G5K'. (OPT-170)
Information: Changed wire load model for 'apparch' from '(none)' to 'G5K'. (OPT-170)
Information: Changed wire load model for 'alt1' from '(none)' to 'G5K'. (OPT-170)
Information: Changed wire load model for 'astr' from '(none)' to 'G5K'. (OPT-170)
  Allocating blocks in 'DW_ifp_addsub_sig_widthi25_exp_widthi8_sig_widtho28_exp_widtho9_use_denormal0_use_1scmpl0'
Information: Changed wire load model for 'alt1' from '(none)' to 'G5K'. (OPT-170)
Information: Changed wire load model for 'astr' from '(none)' to 'G5K'. (OPT-170)
Information: Changed wire load model for 'alt1' from '(none)' to 'G5K'. (OPT-170)
Information: Changed wire load model for 'astr' from '(none)' to 'G5K'. (OPT-170)
Information: Changed wire load model for 'alt1' from '(none)' to 'G5K'. (OPT-170)
Information: Changed wire load model for 'apparch' from '(none)' to 'G5K'. (OPT-170)
Information: Changed wire load model for 'alt1' from '(none)' to 'G5K'. (OPT-170)
Information: Changed wire load model for 'apparch' from '(none)' to 'G5K'. (OPT-170)
Information: Changed wire load model for 'alt1' from '(none)' to 'G5K'. (OPT-170)
Information: Changed wire load model for 'astr' from '(none)' to 'G5K'. (OPT-170)
Information: Changed wire load model for 'alt1' from '(none)' to 'G5K'. (OPT-170)
Information: Changed wire load model for 'apparch' from '(none)' to 'G5K'. (OPT-170)
Information: Changed wire load model for 'alt1' from '(none)' to 'G5K'. (OPT-170)
Information: Changed wire load model for 'astr' from '(none)' to 'G5K'. (OPT-170)
  Allocating blocks in 'DW_fp_ifp_conv_sig_widthi23_exp_widthi8_sig_widtho25_exp_widtho8_use_denormal0_use_1scmpl0'
Information: Changed wire load model for 'alt1' from '(none)' to 'G5K'. (OPT-170)
Information: Changed wire load model for 'astr' from '(none)' to 'G5K'. (OPT-170)
  Allocating blocks in 'DW_lzd_a_width53'
  Allocating blocks in 'DW_lzod_a_width53_detect_10'
Information: Changed wire load model for 'alt1' from '(none)' to 'G5K'. (OPT-170)
Information: Changed wire load model for 'astr' from '(none)' to 'G5K'. (OPT-170)
Information: Changed wire load model for 'alt1' from '(none)' to 'G5K'. (OPT-170)
Information: Changed wire load model for 'astr' from '(none)' to 'G5K'. (OPT-170)
Information: Changed wire load model for 'alt1' from '(none)' to 'G5K'. (OPT-170)
Information: Changed wire load model for 'apparch' from '(none)' to 'G5K'. (OPT-170)
Information: Changed wire load model for 'alt1' from '(none)' to 'G5K'. (OPT-170)
Information: Changed wire load model for 'astr' from '(none)' to 'G5K'. (OPT-170)
Information: Changed wire load model for 'alt1' from '(none)' to 'G5K'. (OPT-170)
Information: Changed wire load model for 'astr' from '(none)' to 'G5K'. (OPT-170)
Information: Changed wire load model for 'alt1' from '(none)' to 'G5K'. (OPT-170)
Information: Changed wire load model for 'apparch' from '(none)' to 'G5K'. (OPT-170)
Information: Changed wire load model for 'alt1' from '(none)' to 'G5K'. (OPT-170)
Information: Changed wire load model for 'apparch' from '(none)' to 'G5K'. (OPT-170)
Information: Changed wire load model for 'alt1' from '(none)' to 'G5K'. (OPT-170)
Information: Changed wire load model for 'astr' from '(none)' to 'G5K'. (OPT-170)
Information: Changed wire load model for 'alt1' from '(none)' to 'G5K'. (OPT-170)
Information: Changed wire load model for 'astr' from '(none)' to 'G5K'. (OPT-170)
Information: Changed wire load model for 'alt1' from '(none)' to 'G5K'. (OPT-170)
Information: Changed wire load model for 'apparch' from '(none)' to 'G5K'. (OPT-170)
Information: Changed wire load model for 'alt1' from '(none)' to 'G5K'. (OPT-170)
Information: Changed wire load model for 'apparch' from '(none)' to 'G5K'. (OPT-170)
Information: Changed wire load model for 'alt1' from '(none)' to 'G5K'. (OPT-170)
Information: Changed wire load model for 'apparch' from '(none)' to 'G5K'. (OPT-170)
Information: Changed wire load model for 'alt1' from '(none)' to 'G5K'. (OPT-170)
Information: Changed wire load model for 'apparch' from '(none)' to 'G5K'. (OPT-170)
Information: Changed wire load model for 'alt1' from '(none)' to 'G5K'. (OPT-170)
Information: Changed wire load model for 'apparch' from '(none)' to 'G5K'. (OPT-170)
Information: Changed wire load model for 'alt1' from '(none)' to 'G5K'. (OPT-170)
Information: Changed wire load model for 'apparch' from '(none)' to 'G5K'. (OPT-170)
Information: Changed wire load model for 'alt1' from '(none)' to 'G5K'. (OPT-170)
Information: Changed wire load model for 'apparch' from '(none)' to 'G5K'. (OPT-170)
  Allocating blocks in 'DW_fp_sum4_sig_width23_exp_width8_ieee_compliance0_arch_type0'
Warning: Dont_touch on net '*cell*95/M_2scompl[0]' may be overridden by compile because it
        is connected to generic logic. Use all_connected to see net
        connections. (OPT-461)
Warning: Dont_touch on net '*cell*95/M_2scompl[1]' may be overridden by compile because it
        is connected to generic logic. Use all_connected to see net
        connections. (OPT-461)
Warning: Dont_touch on net '*cell*95/M_2scompl[2]' may be overridden by compile because it
        is connected to generic logic. Use all_connected to see net
        connections. (OPT-461)
Warning: Dont_touch on net '*cell*95/M_2scompl[3]' may be overridden by compile because it
        is connected to generic logic. Use all_connected to see net
        connections. (OPT-461)
Warning: Dont_touch on net '*cell*95/M_2scompl[4]' may be overridden by compile because it
        is connected to generic logic. Use all_connected to see net
        connections. (OPT-461)
Warning: Dont_touch on net '*cell*95/M_2scompl[5]' may be overridden by compile because it
        is connected to generic logic. Use all_connected to see net
        connections. (OPT-461)
Warning: Dont_touch on net '*cell*95/M_2scompl[6]' may be overridden by compile because it
        is connected to generic logic. Use all_connected to see net
        connections. (OPT-461)
Warning: Dont_touch on net '*cell*95/M_2scompl[7]' may be overridden by compile because it
        is connected to generic logic. Use all_connected to see net
        connections. (OPT-461)
Warning: Dont_touch on net '*cell*95/M_2scompl[8]' may be overridden by compile because it
        is connected to generic logic. Use all_connected to see net
        connections. (OPT-461)
Warning: Dont_touch on net '*cell*95/M_2scompl[9]' may be overridden by compile because it
        is connected to generic logic. Use all_connected to see net
        connections. (OPT-461)
Warning: Dont_touch on net '*cell*95/M_2scompl[10]' may be overridden by compile because it
        is connected to generic logic. Use all_connected to see net
        connections. (OPT-461)
Warning: Dont_touch on net '*cell*95/M_2scompl[11]' may be overridden by compile because it
        is connected to generic logic. Use all_connected to see net
        connections. (OPT-461)
Warning: Dont_touch on net '*cell*95/M_2scompl[12]' may be overridden by compile because it
        is connected to generic logic. Use all_connected to see net
        connections. (OPT-461)
Warning: Dont_touch on net '*cell*95/M_2scompl[13]' may be overridden by compile because it
        is connected to generic logic. Use all_connected to see net
        connections. (OPT-461)
Warning: Dont_touch on net '*cell*95/M_2scompl[14]' may be overridden by compile because it
        is connected to generic logic. Use all_connected to see net
        connections. (OPT-461)
Warning: Dont_touch on net '*cell*95/M_2scompl[15]' may be overridden by compile because it
        is connected to generic logic. Use all_connected to see net
        connections. (OPT-461)
Warning: Dont_touch on net '*cell*95/M_2scompl[16]' may be overridden by compile because it
        is connected to generic logic. Use all_connected to see net
        connections. (OPT-461)
Warning: Dont_touch on net '*cell*95/M_2scompl[17]' may be overridden by compile because it
        is connected to generic logic. Use all_connected to see net
        connections. (OPT-461)
Warning: Dont_touch on net '*cell*95/M_2scompl[18]' may be overridden by compile because it
        is connected to generic logic. Use all_connected to see net
        connections. (OPT-461)
Warning: Dont_touch on net '*cell*95/M_2scompl[19]' may be overridden by compile because it
        is connected to generic logic. Use all_connected to see net
        connections. (OPT-461)
Warning: Dont_touch on net '*cell*95/M_2scompl[20]' may be overridden by compile because it
        is connected to generic logic. Use all_connected to see net
        connections. (OPT-461)
Warning: Dont_touch on net '*cell*95/M_2scompl[21]' may be overridden by compile because it
        is connected to generic logic. Use all_connected to see net
        connections. (OPT-461)
Warning: Dont_touch on net '*cell*95/M_2scompl[22]' may be overridden by compile because it
        is connected to generic logic. Use all_connected to see net
        connections. (OPT-461)
Warning: Dont_touch on net '*cell*95/M_2scompl[23]' may be overridden by compile because it
        is connected to generic logic. Use all_connected to see net
        connections. (OPT-461)
Warning: Dont_touch on net '*cell*95/M_2scompl[24]' may be overridden by compile because it
        is connected to generic logic. Use all_connected to see net
        connections. (OPT-461)
Warning: Dont_touch on net '*cell*95/a[0]' may be overridden by compile because it
        is connected to generic logic. Use all_connected to see net
        connections. (OPT-461)
Warning: Dont_touch on net '*cell*95/a[1]' may be overridden by compile because it
        is connected to generic logic. Use all_connected to see net
        connections. (OPT-461)
Warning: Dont_touch on net '*cell*95/a[2]' may be overridden by compile because it
        is connected to generic logic. Use all_connected to see net
        connections. (OPT-461)
Warning: Dont_touch on net '*cell*95/a[3]' may be overridden by compile because it
        is connected to generic logic. Use all_connected to see net
        connections. (OPT-461)
Warning: Dont_touch on net '*cell*95/a[4]' may be overridden by compile because it
        is connected to generic logic. Use all_connected to see net
        connections. (OPT-461)
Warning: Dont_touch on net '*cell*95/a[5]' may be overridden by compile because it
        is connected to generic logic. Use all_connected to see net
        connections. (OPT-461)
Warning: Dont_touch on net '*cell*95/a[6]' may be overridden by compile because it
        is connected to generic logic. Use all_connected to see net
        connections. (OPT-461)
Warning: Dont_touch on net '*cell*95/a[7]' may be overridden by compile because it
        is connected to generic logic. Use all_connected to see net
        connections. (OPT-461)
Warning: Dont_touch on net '*cell*95/a[8]' may be overridden by compile because it
        is connected to generic logic. Use all_connected to see net
        connections. (OPT-461)
Warning: Dont_touch on net '*cell*95/a[9]' may be overridden by compile because it
        is connected to generic logic. Use all_connected to see net
        connections. (OPT-461)
Warning: Dont_touch on net '*cell*95/a[10]' may be overridden by compile because it
        is connected to generic logic. Use all_connected to see net
        connections. (OPT-461)
Warning: Dont_touch on net '*cell*95/a[11]' may be overridden by compile because it
        is connected to generic logic. Use all_connected to see net
        connections. (OPT-461)
Warning: Dont_touch on net '*cell*95/a[12]' may be overridden by compile because it
        is connected to generic logic. Use all_connected to see net
        connections. (OPT-461)
Warning: Dont_touch on net '*cell*95/a[13]' may be overridden by compile because it
        is connected to generic logic. Use all_connected to see net
        connections. (OPT-461)
Warning: Dont_touch on net '*cell*95/a[14]' may be overridden by compile because it
        is connected to generic logic. Use all_connected to see net
        connections. (OPT-461)
Warning: Dont_touch on net '*cell*95/a[15]' may be overridden by compile because it
        is connected to generic logic. Use all_connected to see net
        connections. (OPT-461)
Warning: Dont_touch on net '*cell*95/a[16]' may be overridden by compile because it
        is connected to generic logic. Use all_connected to see net
        connections. (OPT-461)
Warning: Dont_touch on net '*cell*95/a[17]' may be overridden by compile because it
        is connected to generic logic. Use all_connected to see net
        connections. (OPT-461)
Warning: Dont_touch on net '*cell*95/a[18]' may be overridden by compile because it
        is connected to generic logic. Use all_connected to see net
        connections. (OPT-461)
Warning: Dont_touch on net '*cell*95/a[19]' may be overridden by compile because it
        is connected to generic logic. Use all_connected to see net
        connections. (OPT-461)
Warning: Dont_touch on net '*cell*95/a[20]' may be overridden by compile because it
        is connected to generic logic. Use all_connected to see net
        connections. (OPT-461)
Warning: Dont_touch on net '*cell*95/a[21]' may be overridden by compile because it
        is connected to generic logic. Use all_connected to see net
        connections. (OPT-461)
Warning: Dont_touch on net '*cell*95/a[22]' may be overridden by compile because it
        is connected to generic logic. Use all_connected to see net
        connections. (OPT-461)
Warning: Dont_touch on net '*cell*95/*Logic0*' may be overridden by compile because it
        is connected to generic logic. Use all_connected to see net
        connections. (OPT-461)
Warning: Dont_touch on net '*cell*103/N96' may be overridden by compile because it
        is connected to generic logic. Use all_connected to see net
        connections. (OPT-461)
Warning: Dont_touch on net '*cell*103/N95' may be overridden by compile because it
        is connected to generic logic. Use all_connected to see net
        connections. (OPT-461)
Warning: Dont_touch on net '*cell*103/N94' may be overridden by compile because it
        is connected to generic logic. Use all_connected to see net
        connections. (OPT-461)
Warning: Dont_touch on net '*cell*103/N93' may be overridden by compile because it
        is connected to generic logic. Use all_connected to see net
        connections. (OPT-461)
Warning: Dont_touch on net '*cell*103/N92' may be overridden by compile because it
        is connected to generic logic. Use all_connected to see net
        connections. (OPT-461)
Warning: Dont_touch on net '*cell*103/N91' may be overridden by compile because it
        is connected to generic logic. Use all_connected to see net
        connections. (OPT-461)
Warning: Dont_touch on net '*cell*103/N90' may be overridden by compile because it
        is connected to generic logic. Use all_connected to see net
        connections. (OPT-461)
Warning: Dont_touch on net '*cell*103/N89' may be overridden by compile because it
        is connected to generic logic. Use all_connected to see net
        connections. (OPT-461)
Warning: Dont_touch on net '*cell*103/*Logic0*' may be overridden by compile because it
        is connected to generic logic. Use all_connected to see net
        connections. (OPT-461)
Warning: Dont_touch on net '*cell*107/N104' may be overridden by compile because it
        is connected to generic logic. Use all_connected to see net
        connections. (OPT-461)
Warning: Dont_touch on net '*cell*107/N103' may be overridden by compile because it
        is connected to generic logic. Use all_connected to see net
        connections. (OPT-461)
Warning: Dont_touch on net '*cell*107/N102' may be overridden by compile because it
        is connected to generic logic. Use all_connected to see net
        connections. (OPT-461)
Warning: Dont_touch on net '*cell*107/N101' may be overridden by compile because it
        is connected to generic logic. Use all_connected to see net
        connections. (OPT-461)
Warning: Dont_touch on net '*cell*107/N100' may be overridden by compile because it
        is connected to generic logic. Use all_connected to see net
        connections. (OPT-461)
Warning: Dont_touch on net '*cell*107/N99' may be overridden by compile because it
        is connected to generic logic. Use all_connected to see net
        connections. (OPT-461)
Warning: Dont_touch on net '*cell*107/N98' may be overridden by compile because it
        is connected to generic logic. Use all_connected to see net
        connections. (OPT-461)
Warning: Dont_touch on net '*cell*107/N97' may be overridden by compile because it
        is connected to generic logic. Use all_connected to see net
        connections. (OPT-461)
Warning: Dont_touch on net '*cell*107/N96' may be overridden by compile because it
        is connected to generic logic. Use all_connected to see net
        connections. (OPT-461)
Warning: Dont_touch on net '*cell*107/*Logic0*' may be overridden by compile because it
        is connected to generic logic. Use all_connected to see net
        connections. (OPT-461)
Warning: Dont_touch on net '*cell*109/*Logic0*' may be overridden by compile because it
        is connected to generic logic. Use all_connected to see net
        connections. (OPT-461)
  Allocating blocks in 'DW_lzd_a_width29'
  Allocating blocks in 'DW_lzod_a_width29_detect_10'
  Allocating blocks in 'DW_ifp_fp_conv_sig_widthi51_exp_widthi10_sig_width23_exp_width8_use_denormal0'
Information: Changed wire load model for 'alt1' from '(none)' to 'G5K'. (OPT-170)
Information: Changed wire load model for 'apparch' from '(none)' to 'G5K'. (OPT-170)
Information: Changed wire load model for 'alt1' from '(none)' to 'G5K'. (OPT-170)
Information: Changed wire load model for 'apparch' from '(none)' to 'G5K'. (OPT-170)
Information: Changed wire load model for 'alt1' from '(none)' to 'G5K'. (OPT-170)
Information: Changed wire load model for 'astr' from '(none)' to 'G5K'. (OPT-170)
  Allocating blocks in 'DW_lzd_a_width52'
  Allocating blocks in 'DW_lzod_a_width52_detect_10'
Information: Changed wire load model for 'alt1' from '(none)' to 'G5K'. (OPT-170)
Information: Changed wire load model for 'astr' from '(none)' to 'G5K'. (OPT-170)
Information: Changed wire load model for 'alt1' from '(none)' to 'G5K'. (OPT-170)
Information: Changed wire load model for 'apparch' from '(none)' to 'G5K'. (OPT-170)
Information: Changed wire load model for 'alt1' from '(none)' to 'G5K'. (OPT-170)
Information: Changed wire load model for 'apparch' from '(none)' to 'G5K'. (OPT-170)
  Allocating blocks in 'DW_ifp_addsub_sig_widthi28_exp_widthi9_sig_widtho51_exp_widtho10_use_denormal0_use_1scmpl0'
Information: Changed wire load model for 'alt1' from '(none)' to 'G5K'. (OPT-170)
Information: Changed wire load model for 'astr' from '(none)' to 'G5K'. (OPT-170)
Information: Changed wire load model for 'alt1' from '(none)' to 'G5K'. (OPT-170)
Information: Changed wire load model for 'astr' from '(none)' to 'G5K'. (OPT-170)
Information: Changed wire load model for 'alt1' from '(none)' to 'G5K'. (OPT-170)
Information: Changed wire load model for 'apparch' from '(none)' to 'G5K'. (OPT-170)
Information: Changed wire load model for 'alt1' from '(none)' to 'G5K'. (OPT-170)
Information: Changed wire load model for 'apparch' from '(none)' to 'G5K'. (OPT-170)
Information: Changed wire load model for 'alt1' from '(none)' to 'G5K'. (OPT-170)
Information: Changed wire load model for 'astr' from '(none)' to 'G5K'. (OPT-170)
  Allocating blocks in 'DW_ifp_addsub_sig_widthi25_exp_widthi8_sig_widtho28_exp_widtho9_use_denormal0_use_1scmpl0'
Information: Changed wire load model for 'alt1' from '(none)' to 'G5K'. (OPT-170)
Information: Changed wire load model for 'astr' from '(none)' to 'G5K'. (OPT-170)
Information: Changed wire load model for 'alt1' from '(none)' to 'G5K'. (OPT-170)
Information: Changed wire load model for 'astr' from '(none)' to 'G5K'. (OPT-170)
Information: Changed wire load model for 'alt1' from '(none)' to 'G5K'. (OPT-170)
Information: Changed wire load model for 'apparch' from '(none)' to 'G5K'. (OPT-170)
Information: Changed wire load model for 'alt1' from '(none)' to 'G5K'. (OPT-170)
Information: Changed wire load model for 'apparch' from '(none)' to 'G5K'. (OPT-170)
Information: Changed wire load model for 'alt1' from '(none)' to 'G5K'. (OPT-170)
Information: Changed wire load model for 'astr' from '(none)' to 'G5K'. (OPT-170)
Information: Changed wire load model for 'alt1' from '(none)' to 'G5K'. (OPT-170)
Information: Changed wire load model for 'apparch' from '(none)' to 'G5K'. (OPT-170)
Information: Changed wire load model for 'alt1' from '(none)' to 'G5K'. (OPT-170)
Information: Changed wire load model for 'astr' from '(none)' to 'G5K'. (OPT-170)
  Allocating blocks in 'DW_fp_ifp_conv_sig_widthi23_exp_widthi8_sig_widtho25_exp_widtho8_use_denormal0_use_1scmpl0'
Information: Changed wire load model for 'alt1' from '(none)' to 'G5K'. (OPT-170)
Information: Changed wire load model for 'astr' from '(none)' to 'G5K'. (OPT-170)
  Allocating blocks in 'DW_lzd_a_width53'
  Allocating blocks in 'DW_lzod_a_width53_detect_10'
Information: Changed wire load model for 'alt1' from '(none)' to 'G5K'. (OPT-170)
Information: Changed wire load model for 'astr' from '(none)' to 'G5K'. (OPT-170)
Information: Changed wire load model for 'alt1' from '(none)' to 'G5K'. (OPT-170)
Information: Changed wire load model for 'astr' from '(none)' to 'G5K'. (OPT-170)
Information: Changed wire load model for 'alt1' from '(none)' to 'G5K'. (OPT-170)
Information: Changed wire load model for 'apparch' from '(none)' to 'G5K'. (OPT-170)
Information: Changed wire load model for 'alt1' from '(none)' to 'G5K'. (OPT-170)
Information: Changed wire load model for 'astr' from '(none)' to 'G5K'. (OPT-170)
Information: Changed wire load model for 'alt1' from '(none)' to 'G5K'. (OPT-170)
Information: Changed wire load model for 'astr' from '(none)' to 'G5K'. (OPT-170)
Information: Changed wire load model for 'alt1' from '(none)' to 'G5K'. (OPT-170)
Information: Changed wire load model for 'apparch' from '(none)' to 'G5K'. (OPT-170)
Information: Changed wire load model for 'alt1' from '(none)' to 'G5K'. (OPT-170)
Information: Changed wire load model for 'apparch' from '(none)' to 'G5K'. (OPT-170)
Information: Changed wire load model for 'alt1' from '(none)' to 'G5K'. (OPT-170)
Information: Changed wire load model for 'astr' from '(none)' to 'G5K'. (OPT-170)
Information: Changed wire load model for 'alt1' from '(none)' to 'G5K'. (OPT-170)
Information: Changed wire load model for 'astr' from '(none)' to 'G5K'. (OPT-170)
Information: Changed wire load model for 'alt1' from '(none)' to 'G5K'. (OPT-170)
Information: Changed wire load model for 'apparch' from '(none)' to 'G5K'. (OPT-170)
Information: Changed wire load model for 'alt1' from '(none)' to 'G5K'. (OPT-170)
Information: Changed wire load model for 'apparch' from '(none)' to 'G5K'. (OPT-170)
Information: Changed wire load model for 'alt1' from '(none)' to 'G5K'. (OPT-170)
Information: Changed wire load model for 'apparch' from '(none)' to 'G5K'. (OPT-170)
Information: Changed wire load model for 'alt1' from '(none)' to 'G5K'. (OPT-170)
Information: Changed wire load model for 'apparch' from '(none)' to 'G5K'. (OPT-170)
Information: Changed wire load model for 'alt1' from '(none)' to 'G5K'. (OPT-170)
Information: Changed wire load model for 'apparch' from '(none)' to 'G5K'. (OPT-170)
Information: Changed wire load model for 'alt1' from '(none)' to 'G5K'. (OPT-170)
Information: Changed wire load model for 'apparch' from '(none)' to 'G5K'. (OPT-170)
Information: Changed wire load model for 'alt1' from '(none)' to 'G5K'. (OPT-170)
Information: Changed wire load model for 'apparch' from '(none)' to 'G5K'. (OPT-170)
  Allocating blocks in 'DW_fp_exp_sig_width23_exp_width8_ieee_compliance0_arch0'
Information: Changed wire load model for 'alt1' from '(none)' to 'G5K'. (OPT-170)
Information: Changed wire load model for 'astr' from '(none)' to 'G5K'. (OPT-170)
  Allocating blocks in 'DW_exp2_op_width26_arch0_err_range1'
Information: Changed wire load model for 'alt1' from '(none)' to 'G5K'. (OPT-170)
Information: Changed wire load model for 'apparch' from '(none)' to 'G5K'. (OPT-170)
Information: Changed wire load model for 'alt1' from '(none)' to 'G5K'. (OPT-170)
Information: Changed wire load model for 'apparch' from '(none)' to 'G5K'. (OPT-170)
Information: Changed wire load model for 'alt1' from '(none)' to 'G5K'. (OPT-170)
Information: Changed wire load model for 'apparch' from '(none)' to 'G5K'. (OPT-170)
Information: Changed wire load model for 'alt1' from '(none)' to 'G5K'. (OPT-170)
Information: Changed wire load model for 'apparch' from '(none)' to 'G5K'. (OPT-170)
Information: Changed wire load model for 'alt1' from '(none)' to 'G5K'. (OPT-170)
Information: Changed wire load model for 'astr' from '(none)' to 'G5K'. (OPT-170)
Information: Changed wire load model for 'alt1' from '(none)' to 'G5K'. (OPT-170)
Information: Changed wire load model for 'apparch' from '(none)' to 'G5K'. (OPT-170)
Information: Changed wire load model for 'alt1' from '(none)' to 'G5K'. (OPT-170)
Information: Changed wire load model for 'apparch' from '(none)' to 'G5K'. (OPT-170)
  Allocating blocks in 'DW_fp_add_sig_width23_exp_width8_ieee_compliance0'
Warning: Dont_touch on net '*cell*6/*Logic0*' may be overridden by compile because it
        is connected to generic logic. Use all_connected to see net
        connections. (OPT-461)
  Allocating blocks in 'DW_fp_addsub_sig_width23_exp_width8_ieee_compliance0'
Information: Changed wire load model for 'alt1' from '(none)' to 'G5K'. (OPT-170)
Information: Changed wire load model for 'astr' from '(none)' to 'G5K'. (OPT-170)
  Allocating blocks in 'DW_lzd_a_width27'
  Allocating blocks in 'DW_lzod_a_width27_detect_10'
Information: Changed wire load model for 'alt1' from '(none)' to 'G5K'. (OPT-170)
Information: Changed wire load model for 'astr' from '(none)' to 'G5K'. (OPT-170)
Information: Changed wire load model for 'alt1' from '(none)' to 'G5K'. (OPT-170)
Information: Changed wire load model for 'astr' from '(none)' to 'G5K'. (OPT-170)
Information: Changed wire load model for 'alt1' from '(none)' to 'G5K'. (OPT-170)
Information: Changed wire load model for 'apparch' from '(none)' to 'G5K'. (OPT-170)
Information: Changed wire load model for 'alt1' from '(none)' to 'G5K'. (OPT-170)
Information: Changed wire load model for 'apparch' from '(none)' to 'G5K'. (OPT-170)
Information: Changed wire load model for 'alt1' from '(none)' to 'G5K'. (OPT-170)
Information: Changed wire load model for 'astr' from '(none)' to 'G5K'. (OPT-170)
Information: Changed wire load model for 'alt1' from '(none)' to 'G5K'. (OPT-170)
Information: Changed wire load model for 'astr' from '(none)' to 'G5K'. (OPT-170)
  Allocating blocks in 'DW_fp_recip_sig_width23_exp_width8_ieee_compliance0_faithful_round0'
  Allocating blocks in 'DW_lzd_a_width3'
  Allocating blocks in 'DW_lzod_a_width3_detect_10'
Information: Changed wire load model for 'alt1' from '(none)' to 'G5K'. (OPT-170)
Information: Changed wire load model for 'apparch' from '(none)' to 'G5K'. (OPT-170)
Information: Changed wire load model for 'alt1' from '(none)' to 'G5K'. (OPT-170)
Information: Changed wire load model for 'apparch' from '(none)' to 'G5K'. (OPT-170)
Information: Changed wire load model for 'alt1' from '(none)' to 'G5K'. (OPT-170)
Information: Changed wire load model for 'apparch' from '(none)' to 'G5K'. (OPT-170)
Information: Changed wire load model for 'alt1' from '(none)' to 'G5K'. (OPT-170)
Information: Changed wire load model for 'apparch' from '(none)' to 'G5K'. (OPT-170)
Information: Changed wire load model for 'alt1' from '(none)' to 'G5K'. (OPT-170)
Information: Changed wire load model for 'apparch' from '(none)' to 'G5K'. (OPT-170)
Information: Changed wire load model for 'alt1' from '(none)' to 'G5K'. (OPT-170)
Information: Changed wire load model for 'apparch' from '(none)' to 'G5K'. (OPT-170)
Information: Changed wire load model for 'alt1' from '(none)' to 'G5K'. (OPT-170)
Information: Changed wire load model for 'apparch' from '(none)' to 'G5K'. (OPT-170)
  Allocating blocks in 'DW_fp_sub_sig_width23_exp_width8_ieee_compliance0'
Warning: Dont_touch on net '*cell*6/*Logic0*' may be overridden by compile because it
        is connected to generic logic. Use all_connected to see net
        connections. (OPT-461)
  Allocating blocks in 'DW_fp_addsub_sig_width23_exp_width8_ieee_compliance0'
Information: Changed wire load model for 'alt1' from '(none)' to 'G5K'. (OPT-170)
Information: Changed wire load model for 'astr' from '(none)' to 'G5K'. (OPT-170)
  Allocating blocks in 'DW_lzd_a_width27'
  Allocating blocks in 'DW_lzod_a_width27_detect_10'
Information: Changed wire load model for 'alt1' from '(none)' to 'G5K'. (OPT-170)
Information: Changed wire load model for 'astr' from '(none)' to 'G5K'. (OPT-170)
Information: Changed wire load model for 'alt1' from '(none)' to 'G5K'. (OPT-170)
Information: Changed wire load model for 'astr' from '(none)' to 'G5K'. (OPT-170)
Information: Changed wire load model for 'alt1' from '(none)' to 'G5K'. (OPT-170)
Information: Changed wire load model for 'apparch' from '(none)' to 'G5K'. (OPT-170)
Information: Changed wire load model for 'alt1' from '(none)' to 'G5K'. (OPT-170)
Information: Changed wire load model for 'apparch' from '(none)' to 'G5K'. (OPT-170)
Information: Changed wire load model for 'alt1' from '(none)' to 'G5K'. (OPT-170)
Information: Changed wire load model for 'astr' from '(none)' to 'G5K'. (OPT-170)
Information: Changed wire load model for 'alt1' from '(none)' to 'G5K'. (OPT-170)
Information: Changed wire load model for 'astr' from '(none)' to 'G5K'. (OPT-170)
Information: Changed wire load model for 'alt1' from '(none)' to 'G5K'. (OPT-170)
Information: Changed wire load model for 'apparch' from '(none)' to 'G5K'. (OPT-170)
Information: Changed wire load model for 'alt1' from '(none)' to 'G5K'. (OPT-170)
Information: Changed wire load model for 'apparch' from '(none)' to 'G5K'. (OPT-170)
  Allocating blocks in 'DW_fp_mult_sig_width23_exp_width8_ieee_compliance0'
  Allocating blocks in 'DW_lzd_a_width24'
  Allocating blocks in 'DW_lzod_a_width24_detect_10'
Information: Changed wire load model for 'alt1' from '(none)' to 'G5K'. (OPT-170)
Information: Changed wire load model for 'apparch' from '(none)' to 'G5K'. (OPT-170)
Information: Changed wire load model for 'alt1' from '(none)' to 'G5K'. (OPT-170)
Information: Changed wire load model for 'apparch' from '(none)' to 'G5K'. (OPT-170)
Information: Changed wire load model for 'alt1' from '(none)' to 'G5K'. (OPT-170)
Information: Changed wire load model for 'apparch' from '(none)' to 'G5K'. (OPT-170)
Information: Changed wire load model for 'alt1' from '(none)' to 'G5K'. (OPT-170)
Information: Changed wire load model for 'apparch' from '(none)' to 'G5K'. (OPT-170)
Information: Changed wire load model for 'alt1' from '(none)' to 'G5K'. (OPT-170)
Information: Changed wire load model for 'apparch' from '(none)' to 'G5K'. (OPT-170)
Information: Changed wire load model for 'alt1' from '(none)' to 'G5K'. (OPT-170)
Information: Changed wire load model for 'apparch' from '(none)' to 'G5K'. (OPT-170)
Information: Changed wire load model for 'alt1' from '(none)' to 'G5K'. (OPT-170)
Information: Changed wire load model for 'apparch' from '(none)' to 'G5K'. (OPT-170)
Information: Changed wire load model for 'alt1' from '(none)' to 'G5K'. (OPT-170)
Information: Changed wire load model for 'apparch' from '(none)' to 'G5K'. (OPT-170)
Information: Changed wire load model for 'alt1' from '(none)' to 'G5K'. (OPT-170)
Information: Changed wire load model for 'apparch' from '(none)' to 'G5K'. (OPT-170)
  Allocating blocks in 'DW_fp_mult_sig_width23_exp_width8_ieee_compliance0'
  Allocating blocks in 'DW_lzd_a_width24'
  Allocating blocks in 'DW_lzod_a_width24_detect_10'
Information: Changed wire load model for 'alt1' from '(none)' to 'G5K'. (OPT-170)
Information: Changed wire load model for 'apparch' from '(none)' to 'G5K'. (OPT-170)
Information: Changed wire load model for 'alt1' from '(none)' to 'G5K'. (OPT-170)
Information: Changed wire load model for 'apparch' from '(none)' to 'G5K'. (OPT-170)
Information: Changed wire load model for 'alt1' from '(none)' to 'G5K'. (OPT-170)
Information: Changed wire load model for 'apparch' from '(none)' to 'G5K'. (OPT-170)
Information: Changed wire load model for 'alt1' from '(none)' to 'G5K'. (OPT-170)
Information: Changed wire load model for 'apparch' from '(none)' to 'G5K'. (OPT-170)
Information: Changed wire load model for 'alt1' from '(none)' to 'G5K'. (OPT-170)
Information: Changed wire load model for 'apparch' from '(none)' to 'G5K'. (OPT-170)
Information: Changed wire load model for 'alt1' from '(none)' to 'G5K'. (OPT-170)
Information: Changed wire load model for 'apparch' from '(none)' to 'G5K'. (OPT-170)
Information: Changed wire load model for 'alt1' from '(none)' to 'G5K'. (OPT-170)
Information: Changed wire load model for 'apparch' from '(none)' to 'G5K'. (OPT-170)
Information: Changed wire load model for 'alt1' from '(none)' to 'G5K'. (OPT-170)
Information: Changed wire load model for 'apparch' from '(none)' to 'G5K'. (OPT-170)
Information: Changed wire load model for 'alt1' from '(none)' to 'G5K'. (OPT-170)
Information: Changed wire load model for 'apparch' from '(none)' to 'G5K'. (OPT-170)
  Allocating blocks in 'DW_fp_mult_sig_width23_exp_width8_ieee_compliance0'
  Allocating blocks in 'DW_lzd_a_width24'
  Allocating blocks in 'DW_lzod_a_width24_detect_10'
Information: Changed wire load model for 'alt1' from '(none)' to 'G5K'. (OPT-170)
Information: Changed wire load model for 'apparch' from '(none)' to 'G5K'. (OPT-170)
Information: Changed wire load model for 'alt1' from '(none)' to 'G5K'. (OPT-170)
Information: Changed wire load model for 'apparch' from '(none)' to 'G5K'. (OPT-170)
Information: Changed wire load model for 'alt1' from '(none)' to 'G5K'. (OPT-170)
Information: Changed wire load model for 'apparch' from '(none)' to 'G5K'. (OPT-170)
Information: Changed wire load model for 'alt1' from '(none)' to 'G5K'. (OPT-170)
Information: Changed wire load model for 'apparch' from '(none)' to 'G5K'. (OPT-170)
Information: Changed wire load model for 'alt1' from '(none)' to 'G5K'. (OPT-170)
Information: Changed wire load model for 'apparch' from '(none)' to 'G5K'. (OPT-170)
Information: Changed wire load model for 'alt1' from '(none)' to 'G5K'. (OPT-170)
Information: Changed wire load model for 'apparch' from '(none)' to 'G5K'. (OPT-170)
Information: Changed wire load model for 'alt1' from '(none)' to 'G5K'. (OPT-170)
Information: Changed wire load model for 'apparch' from '(none)' to 'G5K'. (OPT-170)
Information: Changed wire load model for 'alt1' from '(none)' to 'G5K'. (OPT-170)
Information: Changed wire load model for 'apparch' from '(none)' to 'G5K'. (OPT-170)
Information: Changed wire load model for 'alt1' from '(none)' to 'G5K'. (OPT-170)
Information: Changed wire load model for 'apparch' from '(none)' to 'G5K'. (OPT-170)
  Allocating blocks in 'DW_fp_mult_sig_width23_exp_width8_ieee_compliance0'
  Allocating blocks in 'DW_lzd_a_width24'
  Allocating blocks in 'DW_lzod_a_width24_detect_10'
Information: Changed wire load model for 'alt1' from '(none)' to 'G5K'. (OPT-170)
Information: Changed wire load model for 'apparch' from '(none)' to 'G5K'. (OPT-170)
Information: Changed wire load model for 'alt1' from '(none)' to 'G5K'. (OPT-170)
Information: Changed wire load model for 'apparch' from '(none)' to 'G5K'. (OPT-170)
Information: Changed wire load model for 'alt1' from '(none)' to 'G5K'. (OPT-170)
Information: Changed wire load model for 'apparch' from '(none)' to 'G5K'. (OPT-170)
Information: Changed wire load model for 'alt1' from '(none)' to 'G5K'. (OPT-170)
Information: Changed wire load model for 'apparch' from '(none)' to 'G5K'. (OPT-170)
Information: Changed wire load model for 'alt1' from '(none)' to 'G5K'. (OPT-170)
Information: Changed wire load model for 'apparch' from '(none)' to 'G5K'. (OPT-170)
Information: Changed wire load model for 'alt1' from '(none)' to 'G5K'. (OPT-170)
Information: Changed wire load model for 'apparch' from '(none)' to 'G5K'. (OPT-170)
Information: Changed wire load model for 'alt1' from '(none)' to 'G5K'. (OPT-170)
Information: Changed wire load model for 'apparch' from '(none)' to 'G5K'. (OPT-170)
Information: Changed wire load model for 'alt1' from '(none)' to 'G5K'. (OPT-170)
Information: Changed wire load model for 'apparch' from '(none)' to 'G5K'. (OPT-170)
Information: Changed wire load model for 'alt1' from '(none)' to 'G5K'. (OPT-170)
Information: Changed wire load model for 'apparch' from '(none)' to 'G5K'. (OPT-170)
  Allocating blocks in 'DW_fp_mult_sig_width23_exp_width8_ieee_compliance0'
  Allocating blocks in 'DW_lzd_a_width24'
  Allocating blocks in 'DW_lzod_a_width24_detect_10'
Information: Changed wire load model for 'alt1' from '(none)' to 'G5K'. (OPT-170)
Information: Changed wire load model for 'apparch' from '(none)' to 'G5K'. (OPT-170)
Information: Changed wire load model for 'alt1' from '(none)' to 'G5K'. (OPT-170)
Information: Changed wire load model for 'apparch' from '(none)' to 'G5K'. (OPT-170)
Information: Changed wire load model for 'alt1' from '(none)' to 'G5K'. (OPT-170)
Information: Changed wire load model for 'apparch' from '(none)' to 'G5K'. (OPT-170)
Information: Changed wire load model for 'alt1' from '(none)' to 'G5K'. (OPT-170)
Information: Changed wire load model for 'apparch' from '(none)' to 'G5K'. (OPT-170)
Information: Changed wire load model for 'alt1' from '(none)' to 'G5K'. (OPT-170)
Information: Changed wire load model for 'apparch' from '(none)' to 'G5K'. (OPT-170)
Information: Changed wire load model for 'alt1' from '(none)' to 'G5K'. (OPT-170)
Information: Changed wire load model for 'apparch' from '(none)' to 'G5K'. (OPT-170)
Information: Changed wire load model for 'alt1' from '(none)' to 'G5K'. (OPT-170)
Information: Changed wire load model for 'apparch' from '(none)' to 'G5K'. (OPT-170)
Information: Changed wire load model for 'alt1' from '(none)' to 'G5K'. (OPT-170)
Information: Changed wire load model for 'apparch' from '(none)' to 'G5K'. (OPT-170)
Information: Changed wire load model for 'alt1' from '(none)' to 'G5K'. (OPT-170)
Information: Changed wire load model for 'apparch' from '(none)' to 'G5K'. (OPT-170)
  Allocating blocks in 'DW_fp_mult_sig_width23_exp_width8_ieee_compliance0'
  Allocating blocks in 'DW_lzd_a_width24'
  Allocating blocks in 'DW_lzod_a_width24_detect_10'
Information: Changed wire load model for 'alt1' from '(none)' to 'G5K'. (OPT-170)
Information: Changed wire load model for 'apparch' from '(none)' to 'G5K'. (OPT-170)
Information: Changed wire load model for 'alt1' from '(none)' to 'G5K'. (OPT-170)
Information: Changed wire load model for 'apparch' from '(none)' to 'G5K'. (OPT-170)
Information: Changed wire load model for 'alt1' from '(none)' to 'G5K'. (OPT-170)
Information: Changed wire load model for 'apparch' from '(none)' to 'G5K'. (OPT-170)
Information: Changed wire load model for 'alt1' from '(none)' to 'G5K'. (OPT-170)
Information: Changed wire load model for 'apparch' from '(none)' to 'G5K'. (OPT-170)
Information: Changed wire load model for 'alt1' from '(none)' to 'G5K'. (OPT-170)
Information: Changed wire load model for 'apparch' from '(none)' to 'G5K'. (OPT-170)
Information: Changed wire load model for 'alt1' from '(none)' to 'G5K'. (OPT-170)
Information: Changed wire load model for 'apparch' from '(none)' to 'G5K'. (OPT-170)
Information: Changed wire load model for 'alt1' from '(none)' to 'G5K'. (OPT-170)
Information: Changed wire load model for 'apparch' from '(none)' to 'G5K'. (OPT-170)
Information: Changed wire load model for 'alt1' from '(none)' to 'G5K'. (OPT-170)
Information: Changed wire load model for 'apparch' from '(none)' to 'G5K'. (OPT-170)
Information: Changed wire load model for 'alt1' from '(none)' to 'G5K'. (OPT-170)
Information: Changed wire load model for 'apparch' from '(none)' to 'G5K'. (OPT-170)
  Allocating blocks in 'DW_fp_mult_sig_width23_exp_width8_ieee_compliance0'
  Allocating blocks in 'DW_lzd_a_width24'
  Allocating blocks in 'DW_lzod_a_width24_detect_10'
Information: Changed wire load model for 'alt1' from '(none)' to 'G5K'. (OPT-170)
Information: Changed wire load model for 'apparch' from '(none)' to 'G5K'. (OPT-170)
Information: Changed wire load model for 'alt1' from '(none)' to 'G5K'. (OPT-170)
Information: Changed wire load model for 'apparch' from '(none)' to 'G5K'. (OPT-170)
Information: Changed wire load model for 'alt1' from '(none)' to 'G5K'. (OPT-170)
Information: Changed wire load model for 'apparch' from '(none)' to 'G5K'. (OPT-170)
Information: Changed wire load model for 'alt1' from '(none)' to 'G5K'. (OPT-170)
Information: Changed wire load model for 'apparch' from '(none)' to 'G5K'. (OPT-170)
Information: Changed wire load model for 'alt1' from '(none)' to 'G5K'. (OPT-170)
Information: Changed wire load model for 'apparch' from '(none)' to 'G5K'. (OPT-170)
Information: Changed wire load model for 'alt1' from '(none)' to 'G5K'. (OPT-170)
Information: Changed wire load model for 'apparch' from '(none)' to 'G5K'. (OPT-170)
Information: Changed wire load model for 'alt1' from '(none)' to 'G5K'. (OPT-170)
Information: Changed wire load model for 'apparch' from '(none)' to 'G5K'. (OPT-170)
Information: Changed wire load model for 'alt1' from '(none)' to 'G5K'. (OPT-170)
Information: Changed wire load model for 'apparch' from '(none)' to 'G5K'. (OPT-170)
Information: Changed wire load model for 'alt1' from '(none)' to 'G5K'. (OPT-170)
Information: Changed wire load model for 'apparch' from '(none)' to 'G5K'. (OPT-170)
  Allocating blocks in 'DW_fp_mult_sig_width23_exp_width8_ieee_compliance0'
  Allocating blocks in 'DW_lzd_a_width24'
  Allocating blocks in 'DW_lzod_a_width24_detect_10'
Information: Changed wire load model for 'alt1' from '(none)' to 'G5K'. (OPT-170)
Information: Changed wire load model for 'apparch' from '(none)' to 'G5K'. (OPT-170)
Information: Changed wire load model for 'alt1' from '(none)' to 'G5K'. (OPT-170)
Information: Changed wire load model for 'apparch' from '(none)' to 'G5K'. (OPT-170)
Information: Changed wire load model for 'alt1' from '(none)' to 'G5K'. (OPT-170)
Information: Changed wire load model for 'apparch' from '(none)' to 'G5K'. (OPT-170)
Information: Changed wire load model for 'alt1' from '(none)' to 'G5K'. (OPT-170)
Information: Changed wire load model for 'apparch' from '(none)' to 'G5K'. (OPT-170)
Information: Changed wire load model for 'alt1' from '(none)' to 'G5K'. (OPT-170)
Information: Changed wire load model for 'apparch' from '(none)' to 'G5K'. (OPT-170)
Information: Changed wire load model for 'alt1' from '(none)' to 'G5K'. (OPT-170)
Information: Changed wire load model for 'apparch' from '(none)' to 'G5K'. (OPT-170)
Information: Changed wire load model for 'alt1' from '(none)' to 'G5K'. (OPT-170)
Information: Changed wire load model for 'apparch' from '(none)' to 'G5K'. (OPT-170)
Information: Changed wire load model for 'alt1' from '(none)' to 'G5K'. (OPT-170)
Information: Changed wire load model for 'apparch' from '(none)' to 'G5K'. (OPT-170)
Information: Changed wire load model for 'alt1' from '(none)' to 'G5K'. (OPT-170)
Information: Changed wire load model for 'apparch' from '(none)' to 'G5K'. (OPT-170)
  Allocating blocks in 'DW_fp_mult_sig_width23_exp_width8_ieee_compliance0'
  Allocating blocks in 'DW_lzd_a_width24'
  Allocating blocks in 'DW_lzod_a_width24_detect_10'
Information: Changed wire load model for 'alt1' from '(none)' to 'G5K'. (OPT-170)
Information: Changed wire load model for 'apparch' from '(none)' to 'G5K'. (OPT-170)
Information: Changed wire load model for 'alt1' from '(none)' to 'G5K'. (OPT-170)
Information: Changed wire load model for 'apparch' from '(none)' to 'G5K'. (OPT-170)
Information: Changed wire load model for 'alt1' from '(none)' to 'G5K'. (OPT-170)
Information: Changed wire load model for 'apparch' from '(none)' to 'G5K'. (OPT-170)
Information: Changed wire load model for 'alt1' from '(none)' to 'G5K'. (OPT-170)
Information: Changed wire load model for 'apparch' from '(none)' to 'G5K'. (OPT-170)
Information: Changed wire load model for 'alt1' from '(none)' to 'G5K'. (OPT-170)
Information: Changed wire load model for 'apparch' from '(none)' to 'G5K'. (OPT-170)
Information: Changed wire load model for 'alt1' from '(none)' to 'G5K'. (OPT-170)
Information: Changed wire load model for 'apparch' from '(none)' to 'G5K'. (OPT-170)
Information: Changed wire load model for 'alt1' from '(none)' to 'G5K'. (OPT-170)
Information: Changed wire load model for 'apparch' from '(none)' to 'G5K'. (OPT-170)
Information: Changed wire load model for 'alt1' from '(none)' to 'G5K'. (OPT-170)
Information: Changed wire load model for 'apparch' from '(none)' to 'G5K'. (OPT-170)
Information: Changed wire load model for 'alt1' from '(none)' to 'G5K'. (OPT-170)
Information: Changed wire load model for 'apparch' from '(none)' to 'G5K'. (OPT-170)
  Allocating blocks in 'DW_fp_mult_sig_width23_exp_width8_ieee_compliance0'
  Allocating blocks in 'DW_lzd_a_width24'
  Allocating blocks in 'DW_lzod_a_width24_detect_10'
Information: Changed wire load model for 'alt1' from '(none)' to 'G5K'. (OPT-170)
Information: Changed wire load model for 'apparch' from '(none)' to 'G5K'. (OPT-170)
Information: Changed wire load model for 'alt1' from '(none)' to 'G5K'. (OPT-170)
Information: Changed wire load model for 'apparch' from '(none)' to 'G5K'. (OPT-170)
Information: Changed wire load model for 'alt1' from '(none)' to 'G5K'. (OPT-170)
Information: Changed wire load model for 'apparch' from '(none)' to 'G5K'. (OPT-170)
Information: Changed wire load model for 'alt1' from '(none)' to 'G5K'. (OPT-170)
Information: Changed wire load model for 'apparch' from '(none)' to 'G5K'. (OPT-170)
Information: Changed wire load model for 'alt1' from '(none)' to 'G5K'. (OPT-170)
Information: Changed wire load model for 'apparch' from '(none)' to 'G5K'. (OPT-170)
Information: Changed wire load model for 'alt1' from '(none)' to 'G5K'. (OPT-170)
Information: Changed wire load model for 'apparch' from '(none)' to 'G5K'. (OPT-170)
Information: Changed wire load model for 'alt1' from '(none)' to 'G5K'. (OPT-170)
Information: Changed wire load model for 'apparch' from '(none)' to 'G5K'. (OPT-170)
Information: Changed wire load model for 'alt1' from '(none)' to 'G5K'. (OPT-170)
Information: Changed wire load model for 'apparch' from '(none)' to 'G5K'. (OPT-170)
Information: Changed wire load model for 'alt1' from '(none)' to 'G5K'. (OPT-170)
Information: Changed wire load model for 'apparch' from '(none)' to 'G5K'. (OPT-170)
  Allocating blocks in 'DW_fp_mult_sig_width23_exp_width8_ieee_compliance0'
  Allocating blocks in 'DW_lzd_a_width24'
  Allocating blocks in 'DW_lzod_a_width24_detect_10'
Information: Changed wire load model for 'alt1' from '(none)' to 'G5K'. (OPT-170)
Information: Changed wire load model for 'apparch' from '(none)' to 'G5K'. (OPT-170)
Information: Changed wire load model for 'alt1' from '(none)' to 'G5K'. (OPT-170)
Information: Changed wire load model for 'apparch' from '(none)' to 'G5K'. (OPT-170)
Information: Changed wire load model for 'alt1' from '(none)' to 'G5K'. (OPT-170)
Information: Changed wire load model for 'apparch' from '(none)' to 'G5K'. (OPT-170)
Information: Changed wire load model for 'alt1' from '(none)' to 'G5K'. (OPT-170)
Information: Changed wire load model for 'apparch' from '(none)' to 'G5K'. (OPT-170)
Information: Changed wire load model for 'alt1' from '(none)' to 'G5K'. (OPT-170)
Information: Changed wire load model for 'apparch' from '(none)' to 'G5K'. (OPT-170)
Information: Changed wire load model for 'alt1' from '(none)' to 'G5K'. (OPT-170)
Information: Changed wire load model for 'apparch' from '(none)' to 'G5K'. (OPT-170)
Information: Changed wire load model for 'alt1' from '(none)' to 'G5K'. (OPT-170)
Information: Changed wire load model for 'apparch' from '(none)' to 'G5K'. (OPT-170)
Information: Changed wire load model for 'alt1' from '(none)' to 'G5K'. (OPT-170)
Information: Changed wire load model for 'apparch' from '(none)' to 'G5K'. (OPT-170)
Information: Changed wire load model for 'alt1' from '(none)' to 'G5K'. (OPT-170)
Information: Changed wire load model for 'apparch' from '(none)' to 'G5K'. (OPT-170)
  Allocating blocks in 'DW_fp_mult_sig_width23_exp_width8_ieee_compliance0'
  Allocating blocks in 'DW_lzd_a_width24'
  Allocating blocks in 'DW_lzod_a_width24_detect_10'
Information: Changed wire load model for 'alt1' from '(none)' to 'G5K'. (OPT-170)
Information: Changed wire load model for 'apparch' from '(none)' to 'G5K'. (OPT-170)
Information: Changed wire load model for 'alt1' from '(none)' to 'G5K'. (OPT-170)
Information: Changed wire load model for 'apparch' from '(none)' to 'G5K'. (OPT-170)
Information: Changed wire load model for 'alt1' from '(none)' to 'G5K'. (OPT-170)
Information: Changed wire load model for 'apparch' from '(none)' to 'G5K'. (OPT-170)
Information: Changed wire load model for 'alt1' from '(none)' to 'G5K'. (OPT-170)
Information: Changed wire load model for 'apparch' from '(none)' to 'G5K'. (OPT-170)
Information: Changed wire load model for 'alt1' from '(none)' to 'G5K'. (OPT-170)
Information: Changed wire load model for 'apparch' from '(none)' to 'G5K'. (OPT-170)
Information: Changed wire load model for 'alt1' from '(none)' to 'G5K'. (OPT-170)
Information: Changed wire load model for 'apparch' from '(none)' to 'G5K'. (OPT-170)
Information: Changed wire load model for 'alt1' from '(none)' to 'G5K'. (OPT-170)
Information: Changed wire load model for 'apparch' from '(none)' to 'G5K'. (OPT-170)
Information: Changed wire load model for 'alt1' from '(none)' to 'G5K'. (OPT-170)
Information: Changed wire load model for 'apparch' from '(none)' to 'G5K'. (OPT-170)
Information: Changed wire load model for 'alt1' from '(none)' to 'G5K'. (OPT-170)
Information: Changed wire load model for 'apparch' from '(none)' to 'G5K'. (OPT-170)
  Allocating blocks in 'DW_fp_mult_sig_width23_exp_width8_ieee_compliance0'
  Allocating blocks in 'DW_lzd_a_width24'
  Allocating blocks in 'DW_lzod_a_width24_detect_10'
Information: Changed wire load model for 'alt1' from '(none)' to 'G5K'. (OPT-170)
Information: Changed wire load model for 'apparch' from '(none)' to 'G5K'. (OPT-170)
Information: Changed wire load model for 'alt1' from '(none)' to 'G5K'. (OPT-170)
Information: Changed wire load model for 'apparch' from '(none)' to 'G5K'. (OPT-170)
Information: Changed wire load model for 'alt1' from '(none)' to 'G5K'. (OPT-170)
Information: Changed wire load model for 'apparch' from '(none)' to 'G5K'. (OPT-170)
Information: Changed wire load model for 'alt1' from '(none)' to 'G5K'. (OPT-170)
Information: Changed wire load model for 'apparch' from '(none)' to 'G5K'. (OPT-170)
Information: Changed wire load model for 'alt1' from '(none)' to 'G5K'. (OPT-170)
Information: Changed wire load model for 'apparch' from '(none)' to 'G5K'. (OPT-170)
Information: Changed wire load model for 'alt1' from '(none)' to 'G5K'. (OPT-170)
Information: Changed wire load model for 'apparch' from '(none)' to 'G5K'. (OPT-170)
Information: Changed wire load model for 'alt1' from '(none)' to 'G5K'. (OPT-170)
Information: Changed wire load model for 'apparch' from '(none)' to 'G5K'. (OPT-170)
Information: Changed wire load model for 'alt1' from '(none)' to 'G5K'. (OPT-170)
Information: Changed wire load model for 'apparch' from '(none)' to 'G5K'. (OPT-170)
Information: Changed wire load model for 'alt1' from '(none)' to 'G5K'. (OPT-170)
Information: Changed wire load model for 'apparch' from '(none)' to 'G5K'. (OPT-170)
  Allocating blocks in 'DW_fp_mult_sig_width23_exp_width8_ieee_compliance0'
  Allocating blocks in 'DW_lzd_a_width24'
  Allocating blocks in 'DW_lzod_a_width24_detect_10'
Information: Changed wire load model for 'alt1' from '(none)' to 'G5K'. (OPT-170)
Information: Changed wire load model for 'apparch' from '(none)' to 'G5K'. (OPT-170)
Information: Changed wire load model for 'alt1' from '(none)' to 'G5K'. (OPT-170)
Information: Changed wire load model for 'apparch' from '(none)' to 'G5K'. (OPT-170)
Information: Changed wire load model for 'alt1' from '(none)' to 'G5K'. (OPT-170)
Information: Changed wire load model for 'apparch' from '(none)' to 'G5K'. (OPT-170)
Information: Changed wire load model for 'alt1' from '(none)' to 'G5K'. (OPT-170)
Information: Changed wire load model for 'apparch' from '(none)' to 'G5K'. (OPT-170)
Information: Changed wire load model for 'alt1' from '(none)' to 'G5K'. (OPT-170)
Information: Changed wire load model for 'apparch' from '(none)' to 'G5K'. (OPT-170)
Information: Changed wire load model for 'alt1' from '(none)' to 'G5K'. (OPT-170)
Information: Changed wire load model for 'apparch' from '(none)' to 'G5K'. (OPT-170)
Information: Changed wire load model for 'alt1' from '(none)' to 'G5K'. (OPT-170)
Information: Changed wire load model for 'apparch' from '(none)' to 'G5K'. (OPT-170)
Information: Changed wire load model for 'alt1' from '(none)' to 'G5K'. (OPT-170)
Information: Changed wire load model for 'apparch' from '(none)' to 'G5K'. (OPT-170)
Information: Changed wire load model for 'alt1' from '(none)' to 'G5K'. (OPT-170)
Information: Changed wire load model for 'apparch' from '(none)' to 'G5K'. (OPT-170)
  Allocating blocks in 'DW_fp_mult_sig_width23_exp_width8_ieee_compliance0'
  Allocating blocks in 'DW_lzd_a_width24'
  Allocating blocks in 'DW_lzod_a_width24_detect_10'
Information: Changed wire load model for 'alt1' from '(none)' to 'G5K'. (OPT-170)
Information: Changed wire load model for 'apparch' from '(none)' to 'G5K'. (OPT-170)
Information: Changed wire load model for 'alt1' from '(none)' to 'G5K'. (OPT-170)
Information: Changed wire load model for 'apparch' from '(none)' to 'G5K'. (OPT-170)
Information: Changed wire load model for 'alt1' from '(none)' to 'G5K'. (OPT-170)
Information: Changed wire load model for 'apparch' from '(none)' to 'G5K'. (OPT-170)
Information: Changed wire load model for 'alt1' from '(none)' to 'G5K'. (OPT-170)
Information: Changed wire load model for 'apparch' from '(none)' to 'G5K'. (OPT-170)
Information: Changed wire load model for 'alt1' from '(none)' to 'G5K'. (OPT-170)
Information: Changed wire load model for 'apparch' from '(none)' to 'G5K'. (OPT-170)
Information: Changed wire load model for 'alt1' from '(none)' to 'G5K'. (OPT-170)
Information: Changed wire load model for 'apparch' from '(none)' to 'G5K'. (OPT-170)
Information: Changed wire load model for 'alt1' from '(none)' to 'G5K'. (OPT-170)
Information: Changed wire load model for 'apparch' from '(none)' to 'G5K'. (OPT-170)
Information: Changed wire load model for 'alt1' from '(none)' to 'G5K'. (OPT-170)
Information: Changed wire load model for 'apparch' from '(none)' to 'G5K'. (OPT-170)
Information: Changed wire load model for 'alt1' from '(none)' to 'G5K'. (OPT-170)
Information: Changed wire load model for 'apparch' from '(none)' to 'G5K'. (OPT-170)
  Allocating blocks in 'DW_fp_mult_sig_width23_exp_width8_ieee_compliance0'
  Allocating blocks in 'DW_lzd_a_width24'
  Allocating blocks in 'DW_lzod_a_width24_detect_10'
Information: Changed wire load model for 'alt1' from '(none)' to 'G5K'. (OPT-170)
Information: Changed wire load model for 'apparch' from '(none)' to 'G5K'. (OPT-170)
Information: Changed wire load model for 'alt1' from '(none)' to 'G5K'. (OPT-170)
Information: Changed wire load model for 'apparch' from '(none)' to 'G5K'. (OPT-170)
Information: Changed wire load model for 'alt1' from '(none)' to 'G5K'. (OPT-170)
Information: Changed wire load model for 'apparch' from '(none)' to 'G5K'. (OPT-170)
Information: Changed wire load model for 'alt1' from '(none)' to 'G5K'. (OPT-170)
Information: Changed wire load model for 'apparch' from '(none)' to 'G5K'. (OPT-170)
Information: Changed wire load model for 'alt1' from '(none)' to 'G5K'. (OPT-170)
Information: Changed wire load model for 'apparch' from '(none)' to 'G5K'. (OPT-170)
Information: Changed wire load model for 'alt1' from '(none)' to 'G5K'. (OPT-170)
Information: Changed wire load model for 'apparch' from '(none)' to 'G5K'. (OPT-170)
Information: Changed wire load model for 'alt1' from '(none)' to 'G5K'. (OPT-170)
Information: Changed wire load model for 'apparch' from '(none)' to 'G5K'. (OPT-170)
Information: Changed wire load model for 'alt1' from '(none)' to 'G5K'. (OPT-170)
Information: Changed wire load model for 'apparch' from '(none)' to 'G5K'. (OPT-170)
Information: Changed wire load model for 'alt1' from '(none)' to 'G5K'. (OPT-170)
Information: Changed wire load model for 'apparch' from '(none)' to 'G5K'. (OPT-170)
  Allocating blocks in 'DW_fp_mult_sig_width23_exp_width8_ieee_compliance0'
  Allocating blocks in 'DW_lzd_a_width24'
  Allocating blocks in 'DW_lzod_a_width24_detect_10'
Information: Changed wire load model for 'alt1' from '(none)' to 'G5K'. (OPT-170)
Information: Changed wire load model for 'apparch' from '(none)' to 'G5K'. (OPT-170)
Information: Changed wire load model for 'alt1' from '(none)' to 'G5K'. (OPT-170)
Information: Changed wire load model for 'apparch' from '(none)' to 'G5K'. (OPT-170)
Information: Changed wire load model for 'alt1' from '(none)' to 'G5K'. (OPT-170)
Information: Changed wire load model for 'apparch' from '(none)' to 'G5K'. (OPT-170)
Information: Changed wire load model for 'alt1' from '(none)' to 'G5K'. (OPT-170)
Information: Changed wire load model for 'apparch' from '(none)' to 'G5K'. (OPT-170)
Information: Changed wire load model for 'alt1' from '(none)' to 'G5K'. (OPT-170)
Information: Changed wire load model for 'apparch' from '(none)' to 'G5K'. (OPT-170)
Information: Changed wire load model for 'alt1' from '(none)' to 'G5K'. (OPT-170)
Information: Changed wire load model for 'apparch' from '(none)' to 'G5K'. (OPT-170)
Information: Changed wire load model for 'alt1' from '(none)' to 'G5K'. (OPT-170)
Information: Changed wire load model for 'apparch' from '(none)' to 'G5K'. (OPT-170)
Information: Changed wire load model for 'alt1' from '(none)' to 'G5K'. (OPT-170)
Information: Changed wire load model for 'apparch' from '(none)' to 'G5K'. (OPT-170)
Information: Changed wire load model for 'alt1' from '(none)' to 'G5K'. (OPT-170)
Information: Changed wire load model for 'apparch' from '(none)' to 'G5K'. (OPT-170)
  Allocating blocks in 'DW_fp_mult_sig_width23_exp_width8_ieee_compliance0'
  Allocating blocks in 'DW_lzd_a_width24'
  Allocating blocks in 'DW_lzod_a_width24_detect_10'
Information: Changed wire load model for 'alt1' from '(none)' to 'G5K'. (OPT-170)
Information: Changed wire load model for 'apparch' from '(none)' to 'G5K'. (OPT-170)
Information: Changed wire load model for 'alt1' from '(none)' to 'G5K'. (OPT-170)
Information: Changed wire load model for 'apparch' from '(none)' to 'G5K'. (OPT-170)
Information: Changed wire load model for 'alt1' from '(none)' to 'G5K'. (OPT-170)
Information: Changed wire load model for 'apparch' from '(none)' to 'G5K'. (OPT-170)
Information: Changed wire load model for 'alt1' from '(none)' to 'G5K'. (OPT-170)
Information: Changed wire load model for 'apparch' from '(none)' to 'G5K'. (OPT-170)
Information: Changed wire load model for 'alt1' from '(none)' to 'G5K'. (OPT-170)
Information: Changed wire load model for 'apparch' from '(none)' to 'G5K'. (OPT-170)
Information: Changed wire load model for 'alt1' from '(none)' to 'G5K'. (OPT-170)
Information: Changed wire load model for 'apparch' from '(none)' to 'G5K'. (OPT-170)
Information: Changed wire load model for 'alt1' from '(none)' to 'G5K'. (OPT-170)
Information: Changed wire load model for 'apparch' from '(none)' to 'G5K'. (OPT-170)
Information: Changed wire load model for 'alt1' from '(none)' to 'G5K'. (OPT-170)
Information: Changed wire load model for 'apparch' from '(none)' to 'G5K'. (OPT-170)
Information: Changed wire load model for 'alt1' from '(none)' to 'G5K'. (OPT-170)
Information: Changed wire load model for 'apparch' from '(none)' to 'G5K'. (OPT-170)
  Allocating blocks in 'DW_fp_sum3_sig_width23_exp_width8_ieee_compliance0_arch_type0'
Warning: Dont_touch on net '*cell*85/M_2scompl[0]' may be overridden by compile because it
        is connected to generic logic. Use all_connected to see net
        connections. (OPT-461)
Warning: Dont_touch on net '*cell*85/M_2scompl[1]' may be overridden by compile because it
        is connected to generic logic. Use all_connected to see net
        connections. (OPT-461)
Warning: Dont_touch on net '*cell*85/M_2scompl[2]' may be overridden by compile because it
        is connected to generic logic. Use all_connected to see net
        connections. (OPT-461)
Warning: Dont_touch on net '*cell*85/M_2scompl[3]' may be overridden by compile because it
        is connected to generic logic. Use all_connected to see net
        connections. (OPT-461)
Warning: Dont_touch on net '*cell*85/M_2scompl[4]' may be overridden by compile because it
        is connected to generic logic. Use all_connected to see net
        connections. (OPT-461)
Warning: Dont_touch on net '*cell*85/M_2scompl[5]' may be overridden by compile because it
        is connected to generic logic. Use all_connected to see net
        connections. (OPT-461)
Warning: Dont_touch on net '*cell*85/M_2scompl[6]' may be overridden by compile because it
        is connected to generic logic. Use all_connected to see net
        connections. (OPT-461)
Warning: Dont_touch on net '*cell*85/M_2scompl[7]' may be overridden by compile because it
        is connected to generic logic. Use all_connected to see net
        connections. (OPT-461)
Warning: Dont_touch on net '*cell*85/M_2scompl[8]' may be overridden by compile because it
        is connected to generic logic. Use all_connected to see net
        connections. (OPT-461)
Warning: Dont_touch on net '*cell*85/M_2scompl[9]' may be overridden by compile because it
        is connected to generic logic. Use all_connected to see net
        connections. (OPT-461)
Warning: Dont_touch on net '*cell*85/M_2scompl[10]' may be overridden by compile because it
        is connected to generic logic. Use all_connected to see net
        connections. (OPT-461)
Warning: Dont_touch on net '*cell*85/M_2scompl[11]' may be overridden by compile because it
        is connected to generic logic. Use all_connected to see net
        connections. (OPT-461)
Warning: Dont_touch on net '*cell*85/M_2scompl[12]' may be overridden by compile because it
        is connected to generic logic. Use all_connected to see net
        connections. (OPT-461)
Warning: Dont_touch on net '*cell*85/M_2scompl[13]' may be overridden by compile because it
        is connected to generic logic. Use all_connected to see net
        connections. (OPT-461)
Warning: Dont_touch on net '*cell*85/M_2scompl[14]' may be overridden by compile because it
        is connected to generic logic. Use all_connected to see net
        connections. (OPT-461)
Warning: Dont_touch on net '*cell*85/M_2scompl[15]' may be overridden by compile because it
        is connected to generic logic. Use all_connected to see net
        connections. (OPT-461)
Warning: Dont_touch on net '*cell*85/M_2scompl[16]' may be overridden by compile because it
        is connected to generic logic. Use all_connected to see net
        connections. (OPT-461)
Warning: Dont_touch on net '*cell*85/M_2scompl[17]' may be overridden by compile because it
        is connected to generic logic. Use all_connected to see net
        connections. (OPT-461)
Warning: Dont_touch on net '*cell*85/M_2scompl[18]' may be overridden by compile because it
        is connected to generic logic. Use all_connected to see net
        connections. (OPT-461)
Warning: Dont_touch on net '*cell*85/M_2scompl[19]' may be overridden by compile because it
        is connected to generic logic. Use all_connected to see net
        connections. (OPT-461)
Warning: Dont_touch on net '*cell*85/M_2scompl[20]' may be overridden by compile because it
        is connected to generic logic. Use all_connected to see net
        connections. (OPT-461)
Warning: Dont_touch on net '*cell*85/M_2scompl[21]' may be overridden by compile because it
        is connected to generic logic. Use all_connected to see net
        connections. (OPT-461)
Warning: Dont_touch on net '*cell*85/M_2scompl[22]' may be overridden by compile because it
        is connected to generic logic. Use all_connected to see net
        connections. (OPT-461)
Warning: Dont_touch on net '*cell*85/M_2scompl[23]' may be overridden by compile because it
        is connected to generic logic. Use all_connected to see net
        connections. (OPT-461)
Warning: Dont_touch on net '*cell*85/M_2scompl[24]' may be overridden by compile because it
        is connected to generic logic. Use all_connected to see net
        connections. (OPT-461)
Warning: Dont_touch on net '*cell*85/a[0]' may be overridden by compile because it
        is connected to generic logic. Use all_connected to see net
        connections. (OPT-461)
Warning: Dont_touch on net '*cell*85/a[1]' may be overridden by compile because it
        is connected to generic logic. Use all_connected to see net
        connections. (OPT-461)
Warning: Dont_touch on net '*cell*85/a[2]' may be overridden by compile because it
        is connected to generic logic. Use all_connected to see net
        connections. (OPT-461)
Warning: Dont_touch on net '*cell*85/a[3]' may be overridden by compile because it
        is connected to generic logic. Use all_connected to see net
        connections. (OPT-461)
Warning: Dont_touch on net '*cell*85/a[4]' may be overridden by compile because it
        is connected to generic logic. Use all_connected to see net
        connections. (OPT-461)
Warning: Dont_touch on net '*cell*85/a[5]' may be overridden by compile because it
        is connected to generic logic. Use all_connected to see net
        connections. (OPT-461)
Warning: Dont_touch on net '*cell*85/a[6]' may be overridden by compile because it
        is connected to generic logic. Use all_connected to see net
        connections. (OPT-461)
Warning: Dont_touch on net '*cell*85/a[7]' may be overridden by compile because it
        is connected to generic logic. Use all_connected to see net
        connections. (OPT-461)
Warning: Dont_touch on net '*cell*85/a[8]' may be overridden by compile because it
        is connected to generic logic. Use all_connected to see net
        connections. (OPT-461)
Warning: Dont_touch on net '*cell*85/a[9]' may be overridden by compile because it
        is connected to generic logic. Use all_connected to see net
        connections. (OPT-461)
Warning: Dont_touch on net '*cell*85/a[10]' may be overridden by compile because it
        is connected to generic logic. Use all_connected to see net
        connections. (OPT-461)
Warning: Dont_touch on net '*cell*85/a[11]' may be overridden by compile because it
        is connected to generic logic. Use all_connected to see net
        connections. (OPT-461)
Warning: Dont_touch on net '*cell*85/a[12]' may be overridden by compile because it
        is connected to generic logic. Use all_connected to see net
        connections. (OPT-461)
Warning: Dont_touch on net '*cell*85/a[13]' may be overridden by compile because it
        is connected to generic logic. Use all_connected to see net
        connections. (OPT-461)
Warning: Dont_touch on net '*cell*85/a[14]' may be overridden by compile because it
        is connected to generic logic. Use all_connected to see net
        connections. (OPT-461)
Warning: Dont_touch on net '*cell*85/a[15]' may be overridden by compile because it
        is connected to generic logic. Use all_connected to see net
        connections. (OPT-461)
Warning: Dont_touch on net '*cell*85/a[16]' may be overridden by compile because it
        is connected to generic logic. Use all_connected to see net
        connections. (OPT-461)
Warning: Dont_touch on net '*cell*85/a[17]' may be overridden by compile because it
        is connected to generic logic. Use all_connected to see net
        connections. (OPT-461)
Warning: Dont_touch on net '*cell*85/a[18]' may be overridden by compile because it
        is connected to generic logic. Use all_connected to see net
        connections. (OPT-461)
Warning: Dont_touch on net '*cell*85/a[19]' may be overridden by compile because it
        is connected to generic logic. Use all_connected to see net
        connections. (OPT-461)
Warning: Dont_touch on net '*cell*85/a[20]' may be overridden by compile because it
        is connected to generic logic. Use all_connected to see net
        connections. (OPT-461)
Warning: Dont_touch on net '*cell*85/a[21]' may be overridden by compile because it
        is connected to generic logic. Use all_connected to see net
        connections. (OPT-461)
Warning: Dont_touch on net '*cell*85/a[22]' may be overridden by compile because it
        is connected to generic logic. Use all_connected to see net
        connections. (OPT-461)
Warning: Dont_touch on net '*cell*85/*Logic0*' may be overridden by compile because it
        is connected to generic logic. Use all_connected to see net
        connections. (OPT-461)
Warning: Dont_touch on net '*cell*89/M_2scompl[0]' may be overridden by compile because it
        is connected to generic logic. Use all_connected to see net
        connections. (OPT-461)
Warning: Dont_touch on net '*cell*89/M_2scompl[1]' may be overridden by compile because it
        is connected to generic logic. Use all_connected to see net
        connections. (OPT-461)
Warning: Dont_touch on net '*cell*89/M_2scompl[2]' may be overridden by compile because it
        is connected to generic logic. Use all_connected to see net
        connections. (OPT-461)
Warning: Dont_touch on net '*cell*89/M_2scompl[3]' may be overridden by compile because it
        is connected to generic logic. Use all_connected to see net
        connections. (OPT-461)
Warning: Dont_touch on net '*cell*89/M_2scompl[4]' may be overridden by compile because it
        is connected to generic logic. Use all_connected to see net
        connections. (OPT-461)
Warning: Dont_touch on net '*cell*89/M_2scompl[5]' may be overridden by compile because it
        is connected to generic logic. Use all_connected to see net
        connections. (OPT-461)
Warning: Dont_touch on net '*cell*89/M_2scompl[6]' may be overridden by compile because it
        is connected to generic logic. Use all_connected to see net
        connections. (OPT-461)
Warning: Dont_touch on net '*cell*89/M_2scompl[7]' may be overridden by compile because it
        is connected to generic logic. Use all_connected to see net
        connections. (OPT-461)
Warning: Dont_touch on net '*cell*89/M_2scompl[8]' may be overridden by compile because it
        is connected to generic logic. Use all_connected to see net
        connections. (OPT-461)
Warning: Dont_touch on net '*cell*89/M_2scompl[9]' may be overridden by compile because it
        is connected to generic logic. Use all_connected to see net
        connections. (OPT-461)
Warning: Dont_touch on net '*cell*89/M_2scompl[10]' may be overridden by compile because it
        is connected to generic logic. Use all_connected to see net
        connections. (OPT-461)
Warning: Dont_touch on net '*cell*89/M_2scompl[11]' may be overridden by compile because it
        is connected to generic logic. Use all_connected to see net
        connections. (OPT-461)
Warning: Dont_touch on net '*cell*89/M_2scompl[12]' may be overridden by compile because it
        is connected to generic logic. Use all_connected to see net
        connections. (OPT-461)
Warning: Dont_touch on net '*cell*89/M_2scompl[13]' may be overridden by compile because it
        is connected to generic logic. Use all_connected to see net
        connections. (OPT-461)
Warning: Dont_touch on net '*cell*89/M_2scompl[14]' may be overridden by compile because it
        is connected to generic logic. Use all_connected to see net
        connections. (OPT-461)
Warning: Dont_touch on net '*cell*89/M_2scompl[15]' may be overridden by compile because it
        is connected to generic logic. Use all_connected to see net
        connections. (OPT-461)
Warning: Dont_touch on net '*cell*89/M_2scompl[16]' may be overridden by compile because it
        is connected to generic logic. Use all_connected to see net
        connections. (OPT-461)
Warning: Dont_touch on net '*cell*89/M_2scompl[17]' may be overridden by compile because it
        is connected to generic logic. Use all_connected to see net
        connections. (OPT-461)
Warning: Dont_touch on net '*cell*89/M_2scompl[18]' may be overridden by compile because it
        is connected to generic logic. Use all_connected to see net
        connections. (OPT-461)
Warning: Dont_touch on net '*cell*89/M_2scompl[19]' may be overridden by compile because it
        is connected to generic logic. Use all_connected to see net
        connections. (OPT-461)
Warning: Dont_touch on net '*cell*89/M_2scompl[20]' may be overridden by compile because it
        is connected to generic logic. Use all_connected to see net
        connections. (OPT-461)
Warning: Dont_touch on net '*cell*89/M_2scompl[21]' may be overridden by compile because it
        is connected to generic logic. Use all_connected to see net
        connections. (OPT-461)
Warning: Dont_touch on net '*cell*89/M_2scompl[22]' may be overridden by compile because it
        is connected to generic logic. Use all_connected to see net
        connections. (OPT-461)
Warning: Dont_touch on net '*cell*89/M_2scompl[23]' may be overridden by compile because it
        is connected to generic logic. Use all_connected to see net
        connections. (OPT-461)
Warning: Dont_touch on net '*cell*89/M_2scompl[24]' may be overridden by compile because it
        is connected to generic logic. Use all_connected to see net
        connections. (OPT-461)
Warning: Dont_touch on net '*cell*89/a[0]' may be overridden by compile because it
        is connected to generic logic. Use all_connected to see net
        connections. (OPT-461)
Warning: Dont_touch on net '*cell*89/a[1]' may be overridden by compile because it
        is connected to generic logic. Use all_connected to see net
        connections. (OPT-461)
Warning: Dont_touch on net '*cell*89/a[2]' may be overridden by compile because it
        is connected to generic logic. Use all_connected to see net
        connections. (OPT-461)
Warning: Dont_touch on net '*cell*89/a[3]' may be overridden by compile because it
        is connected to generic logic. Use all_connected to see net
        connections. (OPT-461)
Warning: Dont_touch on net '*cell*89/a[4]' may be overridden by compile because it
        is connected to generic logic. Use all_connected to see net
        connections. (OPT-461)
Warning: Dont_touch on net '*cell*89/a[5]' may be overridden by compile because it
        is connected to generic logic. Use all_connected to see net
        connections. (OPT-461)
Warning: Dont_touch on net '*cell*89/a[6]' may be overridden by compile because it
        is connected to generic logic. Use all_connected to see net
        connections. (OPT-461)
Warning: Dont_touch on net '*cell*89/a[7]' may be overridden by compile because it
        is connected to generic logic. Use all_connected to see net
        connections. (OPT-461)
Warning: Dont_touch on net '*cell*89/a[8]' may be overridden by compile because it
        is connected to generic logic. Use all_connected to see net
        connections. (OPT-461)
Warning: Dont_touch on net '*cell*89/a[9]' may be overridden by compile because it
        is connected to generic logic. Use all_connected to see net
        connections. (OPT-461)
Warning: Dont_touch on net '*cell*89/a[10]' may be overridden by compile because it
        is connected to generic logic. Use all_connected to see net
        connections. (OPT-461)
Warning: Dont_touch on net '*cell*89/a[11]' may be overridden by compile because it
        is connected to generic logic. Use all_connected to see net
        connections. (OPT-461)
Warning: Dont_touch on net '*cell*89/a[12]' may be overridden by compile because it
        is connected to generic logic. Use all_connected to see net
        connections. (OPT-461)
Warning: Dont_touch on net '*cell*89/a[13]' may be overridden by compile because it
        is connected to generic logic. Use all_connected to see net
        connections. (OPT-461)
Warning: Dont_touch on net '*cell*89/a[14]' may be overridden by compile because it
        is connected to generic logic. Use all_connected to see net
        connections. (OPT-461)
Warning: Dont_touch on net '*cell*89/a[15]' may be overridden by compile because it
        is connected to generic logic. Use all_connected to see net
        connections. (OPT-461)
Warning: Dont_touch on net '*cell*89/a[16]' may be overridden by compile because it
        is connected to generic logic. Use all_connected to see net
        connections. (OPT-461)
Warning: Dont_touch on net '*cell*89/a[17]' may be overridden by compile because it
        is connected to generic logic. Use all_connected to see net
        connections. (OPT-461)
Warning: Dont_touch on net '*cell*89/a[18]' may be overridden by compile because it
        is connected to generic logic. Use all_connected to see net
        connections. (OPT-461)
Warning: Dont_touch on net '*cell*89/a[19]' may be overridden by compile because it
        is connected to generic logic. Use all_connected to see net
        connections. (OPT-461)
Warning: Dont_touch on net '*cell*89/a[20]' may be overridden by compile because it
        is connected to generic logic. Use all_connected to see net
        connections. (OPT-461)
Warning: Dont_touch on net '*cell*89/a[21]' may be overridden by compile because it
        is connected to generic logic. Use all_connected to see net
        connections. (OPT-461)
Warning: Dont_touch on net '*cell*89/a[22]' may be overridden by compile because it
        is connected to generic logic. Use all_connected to see net
        connections. (OPT-461)
Warning: Dont_touch on net '*cell*89/*Logic0*' may be overridden by compile because it
        is connected to generic logic. Use all_connected to see net
        connections. (OPT-461)
Warning: Dont_touch on net '*cell*91/N96' may be overridden by compile because it
        is connected to generic logic. Use all_connected to see net
        connections. (OPT-461)
Warning: Dont_touch on net '*cell*91/N95' may be overridden by compile because it
        is connected to generic logic. Use all_connected to see net
        connections. (OPT-461)
Warning: Dont_touch on net '*cell*91/N94' may be overridden by compile because it
        is connected to generic logic. Use all_connected to see net
        connections. (OPT-461)
Warning: Dont_touch on net '*cell*91/N93' may be overridden by compile because it
        is connected to generic logic. Use all_connected to see net
        connections. (OPT-461)
Warning: Dont_touch on net '*cell*91/N92' may be overridden by compile because it
        is connected to generic logic. Use all_connected to see net
        connections. (OPT-461)
Warning: Dont_touch on net '*cell*91/N91' may be overridden by compile because it
        is connected to generic logic. Use all_connected to see net
        connections. (OPT-461)
Warning: Dont_touch on net '*cell*91/N90' may be overridden by compile because it
        is connected to generic logic. Use all_connected to see net
        connections. (OPT-461)
Warning: Dont_touch on net '*cell*91/N89' may be overridden by compile because it
        is connected to generic logic. Use all_connected to see net
        connections. (OPT-461)
Warning: Dont_touch on net '*cell*91/*Logic0*' may be overridden by compile because it
        is connected to generic logic. Use all_connected to see net
        connections. (OPT-461)
Warning: Dont_touch on net '*cell*93/N104' may be overridden by compile because it
        is connected to generic logic. Use all_connected to see net
        connections. (OPT-461)
Warning: Dont_touch on net '*cell*93/N103' may be overridden by compile because it
        is connected to generic logic. Use all_connected to see net
        connections. (OPT-461)
Warning: Dont_touch on net '*cell*93/N102' may be overridden by compile because it
        is connected to generic logic. Use all_connected to see net
        connections. (OPT-461)
Warning: Dont_touch on net '*cell*93/N101' may be overridden by compile because it
        is connected to generic logic. Use all_connected to see net
        connections. (OPT-461)
Warning: Dont_touch on net '*cell*93/N100' may be overridden by compile because it
        is connected to generic logic. Use all_connected to see net
        connections. (OPT-461)
Warning: Dont_touch on net '*cell*93/N99' may be overridden by compile because it
        is connected to generic logic. Use all_connected to see net
        connections. (OPT-461)
Warning: Dont_touch on net '*cell*93/N98' may be overridden by compile because it
        is connected to generic logic. Use all_connected to see net
        connections. (OPT-461)
Warning: Dont_touch on net '*cell*93/N97' may be overridden by compile because it
        is connected to generic logic. Use all_connected to see net
        connections. (OPT-461)
Warning: Dont_touch on net '*cell*93/N96' may be overridden by compile because it
        is connected to generic logic. Use all_connected to see net
        connections. (OPT-461)
Warning: Dont_touch on net '*cell*93/*Logic0*' may be overridden by compile because it
        is connected to generic logic. Use all_connected to see net
        connections. (OPT-461)
Warning: Dont_touch on net '*cell*95/*Logic0*' may be overridden by compile because it
        is connected to generic logic. Use all_connected to see net
        connections. (OPT-461)
  Allocating blocks in 'DW_ifp_fp_conv_sig_widthi51_exp_widthi10_sig_width23_exp_width8_use_denormal0'
Information: Changed wire load model for 'alt1' from '(none)' to 'G5K'. (OPT-170)
Information: Changed wire load model for 'apparch' from '(none)' to 'G5K'. (OPT-170)
Information: Changed wire load model for 'alt1' from '(none)' to 'G5K'. (OPT-170)
Information: Changed wire load model for 'apparch' from '(none)' to 'G5K'. (OPT-170)
Information: Changed wire load model for 'alt1' from '(none)' to 'G5K'. (OPT-170)
Information: Changed wire load model for 'astr' from '(none)' to 'G5K'. (OPT-170)
  Allocating blocks in 'DW_lzd_a_width52'
  Allocating blocks in 'DW_lzod_a_width52_detect_10'
Information: Changed wire load model for 'alt1' from '(none)' to 'G5K'. (OPT-170)
Information: Changed wire load model for 'astr' from '(none)' to 'G5K'. (OPT-170)
Information: Changed wire load model for 'alt1' from '(none)' to 'G5K'. (OPT-170)
Information: Changed wire load model for 'apparch' from '(none)' to 'G5K'. (OPT-170)
Information: Changed wire load model for 'alt1' from '(none)' to 'G5K'. (OPT-170)
Information: Changed wire load model for 'apparch' from '(none)' to 'G5K'. (OPT-170)
  Allocating blocks in 'DW_ifp_addsub_sig_widthi28_exp_widthi9_sig_widtho51_exp_widtho10_use_denormal0_use_1scmpl0'
Information: Changed wire load model for 'alt1' from '(none)' to 'G5K'. (OPT-170)
Information: Changed wire load model for 'astr' from '(none)' to 'G5K'. (OPT-170)
Information: Changed wire load model for 'alt1' from '(none)' to 'G5K'. (OPT-170)
Information: Changed wire load model for 'astr' from '(none)' to 'G5K'. (OPT-170)
Information: Changed wire load model for 'alt1' from '(none)' to 'G5K'. (OPT-170)
Information: Changed wire load model for 'apparch' from '(none)' to 'G5K'. (OPT-170)
Information: Changed wire load model for 'alt1' from '(none)' to 'G5K'. (OPT-170)
Information: Changed wire load model for 'apparch' from '(none)' to 'G5K'. (OPT-170)
Information: Changed wire load model for 'alt1' from '(none)' to 'G5K'. (OPT-170)
Information: Changed wire load model for 'astr' from '(none)' to 'G5K'. (OPT-170)
  Allocating blocks in 'DW_ifp_addsub_sig_widthi25_exp_widthi8_sig_widtho28_exp_widtho9_use_denormal0_use_1scmpl0'
Information: Changed wire load model for 'alt1' from '(none)' to 'G5K'. (OPT-170)
Information: Changed wire load model for 'astr' from '(none)' to 'G5K'. (OPT-170)
Information: Changed wire load model for 'alt1' from '(none)' to 'G5K'. (OPT-170)
Information: Changed wire load model for 'astr' from '(none)' to 'G5K'. (OPT-170)
Information: Changed wire load model for 'alt1' from '(none)' to 'G5K'. (OPT-170)
Information: Changed wire load model for 'apparch' from '(none)' to 'G5K'. (OPT-170)
Information: Changed wire load model for 'alt1' from '(none)' to 'G5K'. (OPT-170)
Information: Changed wire load model for 'apparch' from '(none)' to 'G5K'. (OPT-170)
Information: Changed wire load model for 'alt1' from '(none)' to 'G5K'. (OPT-170)
Information: Changed wire load model for 'astr' from '(none)' to 'G5K'. (OPT-170)
  Allocating blocks in 'DW_fp_ifp_conv_sig_widthi23_exp_widthi8_sig_widtho28_exp_widtho9_use_denormal0_use_1scmpl0'
  Allocating blocks in 'DW_fp_ifp_conv_sig_widthi23_exp_widthi8_sig_widtho25_exp_widtho8_use_denormal0_use_1scmpl0'
Information: Changed wire load model for 'alt1' from '(none)' to 'G5K'. (OPT-170)
Information: Changed wire load model for 'astr' from '(none)' to 'G5K'. (OPT-170)
Information: Changed wire load model for 'alt1' from '(none)' to 'G5K'. (OPT-170)
Information: Changed wire load model for 'apparch' from '(none)' to 'G5K'. (OPT-170)
Information: Changed wire load model for 'alt1' from '(none)' to 'G5K'. (OPT-170)
Information: Changed wire load model for 'apparch' from '(none)' to 'G5K'. (OPT-170)
Information: Changed wire load model for 'alt1' from '(none)' to 'G5K'. (OPT-170)
Information: Changed wire load model for 'apparch' from '(none)' to 'G5K'. (OPT-170)
  Allocating blocks in 'DW_lzd_a_width53'
  Allocating blocks in 'DW_lzod_a_width53_detect_10'
Information: Changed wire load model for 'alt1' from '(none)' to 'G5K'. (OPT-170)
Information: Changed wire load model for 'apparch' from '(none)' to 'G5K'. (OPT-170)
Information: Changed wire load model for 'alt1' from '(none)' to 'G5K'. (OPT-170)
Information: Changed wire load model for 'apparch' from '(none)' to 'G5K'. (OPT-170)
Information: Changed wire load model for 'alt1' from '(none)' to 'G5K'. (OPT-170)
Information: Changed wire load model for 'astr' from '(none)' to 'G5K'. (OPT-170)
Information: Changed wire load model for 'alt1' from '(none)' to 'G5K'. (OPT-170)
Information: Changed wire load model for 'astr' from '(none)' to 'G5K'. (OPT-170)
Information: Changed wire load model for 'alt1' from '(none)' to 'G5K'. (OPT-170)
Information: Changed wire load model for 'apparch' from '(none)' to 'G5K'. (OPT-170)
Information: Changed wire load model for 'alt1' from '(none)' to 'G5K'. (OPT-170)
Information: Changed wire load model for 'astr' from '(none)' to 'G5K'. (OPT-170)
Information: Changed wire load model for 'alt1' from '(none)' to 'G5K'. (OPT-170)
Information: Changed wire load model for 'astr' from '(none)' to 'G5K'. (OPT-170)
Information: Changed wire load model for 'alt1' from '(none)' to 'G5K'. (OPT-170)
Information: Changed wire load model for 'astr' from '(none)' to 'G5K'. (OPT-170)
Information: Changed wire load model for 'alt1' from '(none)' to 'G5K'. (OPT-170)
Information: Changed wire load model for 'astr' from '(none)' to 'G5K'. (OPT-170)
Information: Changed wire load model for 'alt1' from '(none)' to 'G5K'. (OPT-170)
Information: Changed wire load model for 'apparch' from '(none)' to 'G5K'. (OPT-170)
Information: Changed wire load model for 'alt1' from '(none)' to 'G5K'. (OPT-170)
Information: Changed wire load model for 'apparch' from '(none)' to 'G5K'. (OPT-170)
Information: Changed wire load model for 'alt1' from '(none)' to 'G5K'. (OPT-170)
Information: Changed wire load model for 'apparch' from '(none)' to 'G5K'. (OPT-170)
Information: Changed wire load model for 'alt1' from '(none)' to 'G5K'. (OPT-170)
Information: Changed wire load model for 'apparch' from '(none)' to 'G5K'. (OPT-170)
  Allocating blocks in 'DW_fp_sum3_sig_width23_exp_width8_ieee_compliance0_arch_type0'
Warning: Dont_touch on net '*cell*85/M_2scompl[0]' may be overridden by compile because it
        is connected to generic logic. Use all_connected to see net
        connections. (OPT-461)
Warning: Dont_touch on net '*cell*85/M_2scompl[1]' may be overridden by compile because it
        is connected to generic logic. Use all_connected to see net
        connections. (OPT-461)
Warning: Dont_touch on net '*cell*85/M_2scompl[2]' may be overridden by compile because it
        is connected to generic logic. Use all_connected to see net
        connections. (OPT-461)
Warning: Dont_touch on net '*cell*85/M_2scompl[3]' may be overridden by compile because it
        is connected to generic logic. Use all_connected to see net
        connections. (OPT-461)
Warning: Dont_touch on net '*cell*85/M_2scompl[4]' may be overridden by compile because it
        is connected to generic logic. Use all_connected to see net
        connections. (OPT-461)
Warning: Dont_touch on net '*cell*85/M_2scompl[5]' may be overridden by compile because it
        is connected to generic logic. Use all_connected to see net
        connections. (OPT-461)
Warning: Dont_touch on net '*cell*85/M_2scompl[6]' may be overridden by compile because it
        is connected to generic logic. Use all_connected to see net
        connections. (OPT-461)
Warning: Dont_touch on net '*cell*85/M_2scompl[7]' may be overridden by compile because it
        is connected to generic logic. Use all_connected to see net
        connections. (OPT-461)
Warning: Dont_touch on net '*cell*85/M_2scompl[8]' may be overridden by compile because it
        is connected to generic logic. Use all_connected to see net
        connections. (OPT-461)
Warning: Dont_touch on net '*cell*85/M_2scompl[9]' may be overridden by compile because it
        is connected to generic logic. Use all_connected to see net
        connections. (OPT-461)
Warning: Dont_touch on net '*cell*85/M_2scompl[10]' may be overridden by compile because it
        is connected to generic logic. Use all_connected to see net
        connections. (OPT-461)
Warning: Dont_touch on net '*cell*85/M_2scompl[11]' may be overridden by compile because it
        is connected to generic logic. Use all_connected to see net
        connections. (OPT-461)
Warning: Dont_touch on net '*cell*85/M_2scompl[12]' may be overridden by compile because it
        is connected to generic logic. Use all_connected to see net
        connections. (OPT-461)
Warning: Dont_touch on net '*cell*85/M_2scompl[13]' may be overridden by compile because it
        is connected to generic logic. Use all_connected to see net
        connections. (OPT-461)
Warning: Dont_touch on net '*cell*85/M_2scompl[14]' may be overridden by compile because it
        is connected to generic logic. Use all_connected to see net
        connections. (OPT-461)
Warning: Dont_touch on net '*cell*85/M_2scompl[15]' may be overridden by compile because it
        is connected to generic logic. Use all_connected to see net
        connections. (OPT-461)
Warning: Dont_touch on net '*cell*85/M_2scompl[16]' may be overridden by compile because it
        is connected to generic logic. Use all_connected to see net
        connections. (OPT-461)
Warning: Dont_touch on net '*cell*85/M_2scompl[17]' may be overridden by compile because it
        is connected to generic logic. Use all_connected to see net
        connections. (OPT-461)
Warning: Dont_touch on net '*cell*85/M_2scompl[18]' may be overridden by compile because it
        is connected to generic logic. Use all_connected to see net
        connections. (OPT-461)
Warning: Dont_touch on net '*cell*85/M_2scompl[19]' may be overridden by compile because it
        is connected to generic logic. Use all_connected to see net
        connections. (OPT-461)
Warning: Dont_touch on net '*cell*85/M_2scompl[20]' may be overridden by compile because it
        is connected to generic logic. Use all_connected to see net
        connections. (OPT-461)
Warning: Dont_touch on net '*cell*85/M_2scompl[21]' may be overridden by compile because it
        is connected to generic logic. Use all_connected to see net
        connections. (OPT-461)
Warning: Dont_touch on net '*cell*85/M_2scompl[22]' may be overridden by compile because it
        is connected to generic logic. Use all_connected to see net
        connections. (OPT-461)
Warning: Dont_touch on net '*cell*85/M_2scompl[23]' may be overridden by compile because it
        is connected to generic logic. Use all_connected to see net
        connections. (OPT-461)
Warning: Dont_touch on net '*cell*85/M_2scompl[24]' may be overridden by compile because it
        is connected to generic logic. Use all_connected to see net
        connections. (OPT-461)
Warning: Dont_touch on net '*cell*85/a[0]' may be overridden by compile because it
        is connected to generic logic. Use all_connected to see net
        connections. (OPT-461)
Warning: Dont_touch on net '*cell*85/a[1]' may be overridden by compile because it
        is connected to generic logic. Use all_connected to see net
        connections. (OPT-461)
Warning: Dont_touch on net '*cell*85/a[2]' may be overridden by compile because it
        is connected to generic logic. Use all_connected to see net
        connections. (OPT-461)
Warning: Dont_touch on net '*cell*85/a[3]' may be overridden by compile because it
        is connected to generic logic. Use all_connected to see net
        connections. (OPT-461)
Warning: Dont_touch on net '*cell*85/a[4]' may be overridden by compile because it
        is connected to generic logic. Use all_connected to see net
        connections. (OPT-461)
Warning: Dont_touch on net '*cell*85/a[5]' may be overridden by compile because it
        is connected to generic logic. Use all_connected to see net
        connections. (OPT-461)
Warning: Dont_touch on net '*cell*85/a[6]' may be overridden by compile because it
        is connected to generic logic. Use all_connected to see net
        connections. (OPT-461)
Warning: Dont_touch on net '*cell*85/a[7]' may be overridden by compile because it
        is connected to generic logic. Use all_connected to see net
        connections. (OPT-461)
Warning: Dont_touch on net '*cell*85/a[8]' may be overridden by compile because it
        is connected to generic logic. Use all_connected to see net
        connections. (OPT-461)
Warning: Dont_touch on net '*cell*85/a[9]' may be overridden by compile because it
        is connected to generic logic. Use all_connected to see net
        connections. (OPT-461)
Warning: Dont_touch on net '*cell*85/a[10]' may be overridden by compile because it
        is connected to generic logic. Use all_connected to see net
        connections. (OPT-461)
Warning: Dont_touch on net '*cell*85/a[11]' may be overridden by compile because it
        is connected to generic logic. Use all_connected to see net
        connections. (OPT-461)
Warning: Dont_touch on net '*cell*85/a[12]' may be overridden by compile because it
        is connected to generic logic. Use all_connected to see net
        connections. (OPT-461)
Warning: Dont_touch on net '*cell*85/a[13]' may be overridden by compile because it
        is connected to generic logic. Use all_connected to see net
        connections. (OPT-461)
Warning: Dont_touch on net '*cell*85/a[14]' may be overridden by compile because it
        is connected to generic logic. Use all_connected to see net
        connections. (OPT-461)
Warning: Dont_touch on net '*cell*85/a[15]' may be overridden by compile because it
        is connected to generic logic. Use all_connected to see net
        connections. (OPT-461)
Warning: Dont_touch on net '*cell*85/a[16]' may be overridden by compile because it
        is connected to generic logic. Use all_connected to see net
        connections. (OPT-461)
Warning: Dont_touch on net '*cell*85/a[17]' may be overridden by compile because it
        is connected to generic logic. Use all_connected to see net
        connections. (OPT-461)
Warning: Dont_touch on net '*cell*85/a[18]' may be overridden by compile because it
        is connected to generic logic. Use all_connected to see net
        connections. (OPT-461)
Warning: Dont_touch on net '*cell*85/a[19]' may be overridden by compile because it
        is connected to generic logic. Use all_connected to see net
        connections. (OPT-461)
Warning: Dont_touch on net '*cell*85/a[20]' may be overridden by compile because it
        is connected to generic logic. Use all_connected to see net
        connections. (OPT-461)
Warning: Dont_touch on net '*cell*85/a[21]' may be overridden by compile because it
        is connected to generic logic. Use all_connected to see net
        connections. (OPT-461)
Warning: Dont_touch on net '*cell*85/a[22]' may be overridden by compile because it
        is connected to generic logic. Use all_connected to see net
        connections. (OPT-461)
Warning: Dont_touch on net '*cell*85/*Logic0*' may be overridden by compile because it
        is connected to generic logic. Use all_connected to see net
        connections. (OPT-461)
Warning: Dont_touch on net '*cell*89/M_2scompl[0]' may be overridden by compile because it
        is connected to generic logic. Use all_connected to see net
        connections. (OPT-461)
Warning: Dont_touch on net '*cell*89/M_2scompl[1]' may be overridden by compile because it
        is connected to generic logic. Use all_connected to see net
        connections. (OPT-461)
Warning: Dont_touch on net '*cell*89/M_2scompl[2]' may be overridden by compile because it
        is connected to generic logic. Use all_connected to see net
        connections. (OPT-461)
Warning: Dont_touch on net '*cell*89/M_2scompl[3]' may be overridden by compile because it
        is connected to generic logic. Use all_connected to see net
        connections. (OPT-461)
Warning: Dont_touch on net '*cell*89/M_2scompl[4]' may be overridden by compile because it
        is connected to generic logic. Use all_connected to see net
        connections. (OPT-461)
Warning: Dont_touch on net '*cell*89/M_2scompl[5]' may be overridden by compile because it
        is connected to generic logic. Use all_connected to see net
        connections. (OPT-461)
Warning: Dont_touch on net '*cell*89/M_2scompl[6]' may be overridden by compile because it
        is connected to generic logic. Use all_connected to see net
        connections. (OPT-461)
Warning: Dont_touch on net '*cell*89/M_2scompl[7]' may be overridden by compile because it
        is connected to generic logic. Use all_connected to see net
        connections. (OPT-461)
Warning: Dont_touch on net '*cell*89/M_2scompl[8]' may be overridden by compile because it
        is connected to generic logic. Use all_connected to see net
        connections. (OPT-461)
Warning: Dont_touch on net '*cell*89/M_2scompl[9]' may be overridden by compile because it
        is connected to generic logic. Use all_connected to see net
        connections. (OPT-461)
Warning: Dont_touch on net '*cell*89/M_2scompl[10]' may be overridden by compile because it
        is connected to generic logic. Use all_connected to see net
        connections. (OPT-461)
Warning: Dont_touch on net '*cell*89/M_2scompl[11]' may be overridden by compile because it
        is connected to generic logic. Use all_connected to see net
        connections. (OPT-461)
Warning: Dont_touch on net '*cell*89/M_2scompl[12]' may be overridden by compile because it
        is connected to generic logic. Use all_connected to see net
        connections. (OPT-461)
Warning: Dont_touch on net '*cell*89/M_2scompl[13]' may be overridden by compile because it
        is connected to generic logic. Use all_connected to see net
        connections. (OPT-461)
Warning: Dont_touch on net '*cell*89/M_2scompl[14]' may be overridden by compile because it
        is connected to generic logic. Use all_connected to see net
        connections. (OPT-461)
Warning: Dont_touch on net '*cell*89/M_2scompl[15]' may be overridden by compile because it
        is connected to generic logic. Use all_connected to see net
        connections. (OPT-461)
Warning: Dont_touch on net '*cell*89/M_2scompl[16]' may be overridden by compile because it
        is connected to generic logic. Use all_connected to see net
        connections. (OPT-461)
Warning: Dont_touch on net '*cell*89/M_2scompl[17]' may be overridden by compile because it
        is connected to generic logic. Use all_connected to see net
        connections. (OPT-461)
Warning: Dont_touch on net '*cell*89/M_2scompl[18]' may be overridden by compile because it
        is connected to generic logic. Use all_connected to see net
        connections. (OPT-461)
Warning: Dont_touch on net '*cell*89/M_2scompl[19]' may be overridden by compile because it
        is connected to generic logic. Use all_connected to see net
        connections. (OPT-461)
Warning: Dont_touch on net '*cell*89/M_2scompl[20]' may be overridden by compile because it
        is connected to generic logic. Use all_connected to see net
        connections. (OPT-461)
Warning: Dont_touch on net '*cell*89/M_2scompl[21]' may be overridden by compile because it
        is connected to generic logic. Use all_connected to see net
        connections. (OPT-461)
Warning: Dont_touch on net '*cell*89/M_2scompl[22]' may be overridden by compile because it
        is connected to generic logic. Use all_connected to see net
        connections. (OPT-461)
Warning: Dont_touch on net '*cell*89/M_2scompl[23]' may be overridden by compile because it
        is connected to generic logic. Use all_connected to see net
        connections. (OPT-461)
Warning: Dont_touch on net '*cell*89/M_2scompl[24]' may be overridden by compile because it
        is connected to generic logic. Use all_connected to see net
        connections. (OPT-461)
Warning: Dont_touch on net '*cell*89/a[0]' may be overridden by compile because it
        is connected to generic logic. Use all_connected to see net
        connections. (OPT-461)
Warning: Dont_touch on net '*cell*89/a[1]' may be overridden by compile because it
        is connected to generic logic. Use all_connected to see net
        connections. (OPT-461)
Warning: Dont_touch on net '*cell*89/a[2]' may be overridden by compile because it
        is connected to generic logic. Use all_connected to see net
        connections. (OPT-461)
Warning: Dont_touch on net '*cell*89/a[3]' may be overridden by compile because it
        is connected to generic logic. Use all_connected to see net
        connections. (OPT-461)
Warning: Dont_touch on net '*cell*89/a[4]' may be overridden by compile because it
        is connected to generic logic. Use all_connected to see net
        connections. (OPT-461)
Warning: Dont_touch on net '*cell*89/a[5]' may be overridden by compile because it
        is connected to generic logic. Use all_connected to see net
        connections. (OPT-461)
Warning: Dont_touch on net '*cell*89/a[6]' may be overridden by compile because it
        is connected to generic logic. Use all_connected to see net
        connections. (OPT-461)
Warning: Dont_touch on net '*cell*89/a[7]' may be overridden by compile because it
        is connected to generic logic. Use all_connected to see net
        connections. (OPT-461)
Warning: Dont_touch on net '*cell*89/a[8]' may be overridden by compile because it
        is connected to generic logic. Use all_connected to see net
        connections. (OPT-461)
Warning: Dont_touch on net '*cell*89/a[9]' may be overridden by compile because it
        is connected to generic logic. Use all_connected to see net
        connections. (OPT-461)
Warning: Dont_touch on net '*cell*89/a[10]' may be overridden by compile because it
        is connected to generic logic. Use all_connected to see net
        connections. (OPT-461)
Warning: Dont_touch on net '*cell*89/a[11]' may be overridden by compile because it
        is connected to generic logic. Use all_connected to see net
        connections. (OPT-461)
Warning: Dont_touch on net '*cell*89/a[12]' may be overridden by compile because it
        is connected to generic logic. Use all_connected to see net
        connections. (OPT-461)
Warning: Dont_touch on net '*cell*89/a[13]' may be overridden by compile because it
        is connected to generic logic. Use all_connected to see net
        connections. (OPT-461)
Warning: Dont_touch on net '*cell*89/a[14]' may be overridden by compile because it
        is connected to generic logic. Use all_connected to see net
        connections. (OPT-461)
Warning: Dont_touch on net '*cell*89/a[15]' may be overridden by compile because it
        is connected to generic logic. Use all_connected to see net
        connections. (OPT-461)
Warning: Dont_touch on net '*cell*89/a[16]' may be overridden by compile because it
        is connected to generic logic. Use all_connected to see net
        connections. (OPT-461)
Warning: Dont_touch on net '*cell*89/a[17]' may be overridden by compile because it
        is connected to generic logic. Use all_connected to see net
        connections. (OPT-461)
Warning: Dont_touch on net '*cell*89/a[18]' may be overridden by compile because it
        is connected to generic logic. Use all_connected to see net
        connections. (OPT-461)
Warning: Dont_touch on net '*cell*89/a[19]' may be overridden by compile because it
        is connected to generic logic. Use all_connected to see net
        connections. (OPT-461)
Warning: Dont_touch on net '*cell*89/a[20]' may be overridden by compile because it
        is connected to generic logic. Use all_connected to see net
        connections. (OPT-461)
Warning: Dont_touch on net '*cell*89/a[21]' may be overridden by compile because it
        is connected to generic logic. Use all_connected to see net
        connections. (OPT-461)
Warning: Dont_touch on net '*cell*89/a[22]' may be overridden by compile because it
        is connected to generic logic. Use all_connected to see net
        connections. (OPT-461)
Warning: Dont_touch on net '*cell*89/*Logic0*' may be overridden by compile because it
        is connected to generic logic. Use all_connected to see net
        connections. (OPT-461)
Warning: Dont_touch on net '*cell*91/N96' may be overridden by compile because it
        is connected to generic logic. Use all_connected to see net
        connections. (OPT-461)
Warning: Dont_touch on net '*cell*91/N95' may be overridden by compile because it
        is connected to generic logic. Use all_connected to see net
        connections. (OPT-461)
Warning: Dont_touch on net '*cell*91/N94' may be overridden by compile because it
        is connected to generic logic. Use all_connected to see net
        connections. (OPT-461)
Warning: Dont_touch on net '*cell*91/N93' may be overridden by compile because it
        is connected to generic logic. Use all_connected to see net
        connections. (OPT-461)
Warning: Dont_touch on net '*cell*91/N92' may be overridden by compile because it
        is connected to generic logic. Use all_connected to see net
        connections. (OPT-461)
Warning: Dont_touch on net '*cell*91/N91' may be overridden by compile because it
        is connected to generic logic. Use all_connected to see net
        connections. (OPT-461)
Warning: Dont_touch on net '*cell*91/N90' may be overridden by compile because it
        is connected to generic logic. Use all_connected to see net
        connections. (OPT-461)
Warning: Dont_touch on net '*cell*91/N89' may be overridden by compile because it
        is connected to generic logic. Use all_connected to see net
        connections. (OPT-461)
Warning: Dont_touch on net '*cell*91/*Logic0*' may be overridden by compile because it
        is connected to generic logic. Use all_connected to see net
        connections. (OPT-461)
Warning: Dont_touch on net '*cell*93/N104' may be overridden by compile because it
        is connected to generic logic. Use all_connected to see net
        connections. (OPT-461)
Warning: Dont_touch on net '*cell*93/N103' may be overridden by compile because it
        is connected to generic logic. Use all_connected to see net
        connections. (OPT-461)
Warning: Dont_touch on net '*cell*93/N102' may be overridden by compile because it
        is connected to generic logic. Use all_connected to see net
        connections. (OPT-461)
Warning: Dont_touch on net '*cell*93/N101' may be overridden by compile because it
        is connected to generic logic. Use all_connected to see net
        connections. (OPT-461)
Warning: Dont_touch on net '*cell*93/N100' may be overridden by compile because it
        is connected to generic logic. Use all_connected to see net
        connections. (OPT-461)
Warning: Dont_touch on net '*cell*93/N99' may be overridden by compile because it
        is connected to generic logic. Use all_connected to see net
        connections. (OPT-461)
Warning: Dont_touch on net '*cell*93/N98' may be overridden by compile because it
        is connected to generic logic. Use all_connected to see net
        connections. (OPT-461)
Warning: Dont_touch on net '*cell*93/N97' may be overridden by compile because it
        is connected to generic logic. Use all_connected to see net
        connections. (OPT-461)
Warning: Dont_touch on net '*cell*93/N96' may be overridden by compile because it
        is connected to generic logic. Use all_connected to see net
        connections. (OPT-461)
Warning: Dont_touch on net '*cell*93/*Logic0*' may be overridden by compile because it
        is connected to generic logic. Use all_connected to see net
        connections. (OPT-461)
Warning: Dont_touch on net '*cell*95/*Logic0*' may be overridden by compile because it
        is connected to generic logic. Use all_connected to see net
        connections. (OPT-461)
  Allocating blocks in 'DW_ifp_fp_conv_sig_widthi51_exp_widthi10_sig_width23_exp_width8_use_denormal0'
Information: Changed wire load model for 'alt1' from '(none)' to 'G5K'. (OPT-170)
Information: Changed wire load model for 'apparch' from '(none)' to 'G5K'. (OPT-170)
Information: Changed wire load model for 'alt1' from '(none)' to 'G5K'. (OPT-170)
Information: Changed wire load model for 'apparch' from '(none)' to 'G5K'. (OPT-170)
Information: Changed wire load model for 'alt1' from '(none)' to 'G5K'. (OPT-170)
Information: Changed wire load model for 'astr' from '(none)' to 'G5K'. (OPT-170)
  Allocating blocks in 'DW_lzd_a_width52'
  Allocating blocks in 'DW_lzod_a_width52_detect_10'
Information: Changed wire load model for 'alt1' from '(none)' to 'G5K'. (OPT-170)
Information: Changed wire load model for 'astr' from '(none)' to 'G5K'. (OPT-170)
Information: Changed wire load model for 'alt1' from '(none)' to 'G5K'. (OPT-170)
Information: Changed wire load model for 'apparch' from '(none)' to 'G5K'. (OPT-170)
Information: Changed wire load model for 'alt1' from '(none)' to 'G5K'. (OPT-170)
Information: Changed wire load model for 'apparch' from '(none)' to 'G5K'. (OPT-170)
  Allocating blocks in 'DW_ifp_addsub_sig_widthi28_exp_widthi9_sig_widtho51_exp_widtho10_use_denormal0_use_1scmpl0'
Information: Changed wire load model for 'alt1' from '(none)' to 'G5K'. (OPT-170)
Information: Changed wire load model for 'astr' from '(none)' to 'G5K'. (OPT-170)
Information: Changed wire load model for 'alt1' from '(none)' to 'G5K'. (OPT-170)
Information: Changed wire load model for 'astr' from '(none)' to 'G5K'. (OPT-170)
Information: Changed wire load model for 'alt1' from '(none)' to 'G5K'. (OPT-170)
Information: Changed wire load model for 'apparch' from '(none)' to 'G5K'. (OPT-170)
Information: Changed wire load model for 'alt1' from '(none)' to 'G5K'. (OPT-170)
Information: Changed wire load model for 'apparch' from '(none)' to 'G5K'. (OPT-170)
Information: Changed wire load model for 'alt1' from '(none)' to 'G5K'. (OPT-170)
Information: Changed wire load model for 'astr' from '(none)' to 'G5K'. (OPT-170)
  Allocating blocks in 'DW_ifp_addsub_sig_widthi25_exp_widthi8_sig_widtho28_exp_widtho9_use_denormal0_use_1scmpl0'
Information: Changed wire load model for 'alt1' from '(none)' to 'G5K'. (OPT-170)
Information: Changed wire load model for 'astr' from '(none)' to 'G5K'. (OPT-170)
Information: Changed wire load model for 'alt1' from '(none)' to 'G5K'. (OPT-170)
Information: Changed wire load model for 'astr' from '(none)' to 'G5K'. (OPT-170)
Information: Changed wire load model for 'alt1' from '(none)' to 'G5K'. (OPT-170)
Information: Changed wire load model for 'apparch' from '(none)' to 'G5K'. (OPT-170)
Information: Changed wire load model for 'alt1' from '(none)' to 'G5K'. (OPT-170)
Information: Changed wire load model for 'apparch' from '(none)' to 'G5K'. (OPT-170)
Information: Changed wire load model for 'alt1' from '(none)' to 'G5K'. (OPT-170)
Information: Changed wire load model for 'astr' from '(none)' to 'G5K'. (OPT-170)
  Allocating blocks in 'DW_fp_ifp_conv_sig_widthi23_exp_widthi8_sig_widtho28_exp_widtho9_use_denormal0_use_1scmpl0'
  Allocating blocks in 'DW_fp_ifp_conv_sig_widthi23_exp_widthi8_sig_widtho25_exp_widtho8_use_denormal0_use_1scmpl0'
Information: Changed wire load model for 'alt1' from '(none)' to 'G5K'. (OPT-170)
Information: Changed wire load model for 'astr' from '(none)' to 'G5K'. (OPT-170)
Information: Changed wire load model for 'alt1' from '(none)' to 'G5K'. (OPT-170)
Information: Changed wire load model for 'apparch' from '(none)' to 'G5K'. (OPT-170)
Information: Changed wire load model for 'alt1' from '(none)' to 'G5K'. (OPT-170)
Information: Changed wire load model for 'apparch' from '(none)' to 'G5K'. (OPT-170)
Information: Changed wire load model for 'alt1' from '(none)' to 'G5K'. (OPT-170)
Information: Changed wire load model for 'apparch' from '(none)' to 'G5K'. (OPT-170)
  Allocating blocks in 'DW_lzd_a_width53'
  Allocating blocks in 'DW_lzod_a_width53_detect_10'
Information: Changed wire load model for 'alt1' from '(none)' to 'G5K'. (OPT-170)
Information: Changed wire load model for 'apparch' from '(none)' to 'G5K'. (OPT-170)
Information: Changed wire load model for 'alt1' from '(none)' to 'G5K'. (OPT-170)
Information: Changed wire load model for 'apparch' from '(none)' to 'G5K'. (OPT-170)
Information: Changed wire load model for 'alt1' from '(none)' to 'G5K'. (OPT-170)
Information: Changed wire load model for 'astr' from '(none)' to 'G5K'. (OPT-170)
Information: Changed wire load model for 'alt1' from '(none)' to 'G5K'. (OPT-170)
Information: Changed wire load model for 'astr' from '(none)' to 'G5K'. (OPT-170)
Information: Changed wire load model for 'alt1' from '(none)' to 'G5K'. (OPT-170)
Information: Changed wire load model for 'apparch' from '(none)' to 'G5K'. (OPT-170)
Information: Changed wire load model for 'alt1' from '(none)' to 'G5K'. (OPT-170)
Information: Changed wire load model for 'astr' from '(none)' to 'G5K'. (OPT-170)
Information: Changed wire load model for 'alt1' from '(none)' to 'G5K'. (OPT-170)
Information: Changed wire load model for 'astr' from '(none)' to 'G5K'. (OPT-170)
Information: Changed wire load model for 'alt1' from '(none)' to 'G5K'. (OPT-170)
Information: Changed wire load model for 'astr' from '(none)' to 'G5K'. (OPT-170)
Information: Changed wire load model for 'alt1' from '(none)' to 'G5K'. (OPT-170)
Information: Changed wire load model for 'astr' from '(none)' to 'G5K'. (OPT-170)
Information: Changed wire load model for 'alt1' from '(none)' to 'G5K'. (OPT-170)
Information: Changed wire load model for 'apparch' from '(none)' to 'G5K'. (OPT-170)
Information: Changed wire load model for 'alt1' from '(none)' to 'G5K'. (OPT-170)
Information: Changed wire load model for 'apparch' from '(none)' to 'G5K'. (OPT-170)
Information: Changed wire load model for 'alt1' from '(none)' to 'G5K'. (OPT-170)
Information: Changed wire load model for 'apparch' from '(none)' to 'G5K'. (OPT-170)
Information: Changed wire load model for 'alt1' from '(none)' to 'G5K'. (OPT-170)
Information: Changed wire load model for 'apparch' from '(none)' to 'G5K'. (OPT-170)
  Allocating blocks in 'DW_fp_sum3_sig_width23_exp_width8_ieee_compliance0_arch_type0'
Warning: Dont_touch on net '*cell*85/M_2scompl[0]' may be overridden by compile because it
        is connected to generic logic. Use all_connected to see net
        connections. (OPT-461)
Warning: Dont_touch on net '*cell*85/M_2scompl[1]' may be overridden by compile because it
        is connected to generic logic. Use all_connected to see net
        connections. (OPT-461)
Warning: Dont_touch on net '*cell*85/M_2scompl[2]' may be overridden by compile because it
        is connected to generic logic. Use all_connected to see net
        connections. (OPT-461)
Warning: Dont_touch on net '*cell*85/M_2scompl[3]' may be overridden by compile because it
        is connected to generic logic. Use all_connected to see net
        connections. (OPT-461)
Warning: Dont_touch on net '*cell*85/M_2scompl[4]' may be overridden by compile because it
        is connected to generic logic. Use all_connected to see net
        connections. (OPT-461)
Warning: Dont_touch on net '*cell*85/M_2scompl[5]' may be overridden by compile because it
        is connected to generic logic. Use all_connected to see net
        connections. (OPT-461)
Warning: Dont_touch on net '*cell*85/M_2scompl[6]' may be overridden by compile because it
        is connected to generic logic. Use all_connected to see net
        connections. (OPT-461)
Warning: Dont_touch on net '*cell*85/M_2scompl[7]' may be overridden by compile because it
        is connected to generic logic. Use all_connected to see net
        connections. (OPT-461)
Warning: Dont_touch on net '*cell*85/M_2scompl[8]' may be overridden by compile because it
        is connected to generic logic. Use all_connected to see net
        connections. (OPT-461)
Warning: Dont_touch on net '*cell*85/M_2scompl[9]' may be overridden by compile because it
        is connected to generic logic. Use all_connected to see net
        connections. (OPT-461)
Warning: Dont_touch on net '*cell*85/M_2scompl[10]' may be overridden by compile because it
        is connected to generic logic. Use all_connected to see net
        connections. (OPT-461)
Warning: Dont_touch on net '*cell*85/M_2scompl[11]' may be overridden by compile because it
        is connected to generic logic. Use all_connected to see net
        connections. (OPT-461)
Warning: Dont_touch on net '*cell*85/M_2scompl[12]' may be overridden by compile because it
        is connected to generic logic. Use all_connected to see net
        connections. (OPT-461)
Warning: Dont_touch on net '*cell*85/M_2scompl[13]' may be overridden by compile because it
        is connected to generic logic. Use all_connected to see net
        connections. (OPT-461)
Warning: Dont_touch on net '*cell*85/M_2scompl[14]' may be overridden by compile because it
        is connected to generic logic. Use all_connected to see net
        connections. (OPT-461)
Warning: Dont_touch on net '*cell*85/M_2scompl[15]' may be overridden by compile because it
        is connected to generic logic. Use all_connected to see net
        connections. (OPT-461)
Warning: Dont_touch on net '*cell*85/M_2scompl[16]' may be overridden by compile because it
        is connected to generic logic. Use all_connected to see net
        connections. (OPT-461)
Warning: Dont_touch on net '*cell*85/M_2scompl[17]' may be overridden by compile because it
        is connected to generic logic. Use all_connected to see net
        connections. (OPT-461)
Warning: Dont_touch on net '*cell*85/M_2scompl[18]' may be overridden by compile because it
        is connected to generic logic. Use all_connected to see net
        connections. (OPT-461)
Warning: Dont_touch on net '*cell*85/M_2scompl[19]' may be overridden by compile because it
        is connected to generic logic. Use all_connected to see net
        connections. (OPT-461)
Warning: Dont_touch on net '*cell*85/M_2scompl[20]' may be overridden by compile because it
        is connected to generic logic. Use all_connected to see net
        connections. (OPT-461)
Warning: Dont_touch on net '*cell*85/M_2scompl[21]' may be overridden by compile because it
        is connected to generic logic. Use all_connected to see net
        connections. (OPT-461)
Warning: Dont_touch on net '*cell*85/M_2scompl[22]' may be overridden by compile because it
        is connected to generic logic. Use all_connected to see net
        connections. (OPT-461)
Warning: Dont_touch on net '*cell*85/M_2scompl[23]' may be overridden by compile because it
        is connected to generic logic. Use all_connected to see net
        connections. (OPT-461)
Warning: Dont_touch on net '*cell*85/M_2scompl[24]' may be overridden by compile because it
        is connected to generic logic. Use all_connected to see net
        connections. (OPT-461)
Warning: Dont_touch on net '*cell*85/a[0]' may be overridden by compile because it
        is connected to generic logic. Use all_connected to see net
        connections. (OPT-461)
Warning: Dont_touch on net '*cell*85/a[1]' may be overridden by compile because it
        is connected to generic logic. Use all_connected to see net
        connections. (OPT-461)
Warning: Dont_touch on net '*cell*85/a[2]' may be overridden by compile because it
        is connected to generic logic. Use all_connected to see net
        connections. (OPT-461)
Warning: Dont_touch on net '*cell*85/a[3]' may be overridden by compile because it
        is connected to generic logic. Use all_connected to see net
        connections. (OPT-461)
Warning: Dont_touch on net '*cell*85/a[4]' may be overridden by compile because it
        is connected to generic logic. Use all_connected to see net
        connections. (OPT-461)
Warning: Dont_touch on net '*cell*85/a[5]' may be overridden by compile because it
        is connected to generic logic. Use all_connected to see net
        connections. (OPT-461)
Warning: Dont_touch on net '*cell*85/a[6]' may be overridden by compile because it
        is connected to generic logic. Use all_connected to see net
        connections. (OPT-461)
Warning: Dont_touch on net '*cell*85/a[7]' may be overridden by compile because it
        is connected to generic logic. Use all_connected to see net
        connections. (OPT-461)
Warning: Dont_touch on net '*cell*85/a[8]' may be overridden by compile because it
        is connected to generic logic. Use all_connected to see net
        connections. (OPT-461)
Warning: Dont_touch on net '*cell*85/a[9]' may be overridden by compile because it
        is connected to generic logic. Use all_connected to see net
        connections. (OPT-461)
Warning: Dont_touch on net '*cell*85/a[10]' may be overridden by compile because it
        is connected to generic logic. Use all_connected to see net
        connections. (OPT-461)
Warning: Dont_touch on net '*cell*85/a[11]' may be overridden by compile because it
        is connected to generic logic. Use all_connected to see net
        connections. (OPT-461)
Warning: Dont_touch on net '*cell*85/a[12]' may be overridden by compile because it
        is connected to generic logic. Use all_connected to see net
        connections. (OPT-461)
Warning: Dont_touch on net '*cell*85/a[13]' may be overridden by compile because it
        is connected to generic logic. Use all_connected to see net
        connections. (OPT-461)
Warning: Dont_touch on net '*cell*85/a[14]' may be overridden by compile because it
        is connected to generic logic. Use all_connected to see net
        connections. (OPT-461)
Warning: Dont_touch on net '*cell*85/a[15]' may be overridden by compile because it
        is connected to generic logic. Use all_connected to see net
        connections. (OPT-461)
Warning: Dont_touch on net '*cell*85/a[16]' may be overridden by compile because it
        is connected to generic logic. Use all_connected to see net
        connections. (OPT-461)
Warning: Dont_touch on net '*cell*85/a[17]' may be overridden by compile because it
        is connected to generic logic. Use all_connected to see net
        connections. (OPT-461)
Warning: Dont_touch on net '*cell*85/a[18]' may be overridden by compile because it
        is connected to generic logic. Use all_connected to see net
        connections. (OPT-461)
Warning: Dont_touch on net '*cell*85/a[19]' may be overridden by compile because it
        is connected to generic logic. Use all_connected to see net
        connections. (OPT-461)
Warning: Dont_touch on net '*cell*85/a[20]' may be overridden by compile because it
        is connected to generic logic. Use all_connected to see net
        connections. (OPT-461)
Warning: Dont_touch on net '*cell*85/a[21]' may be overridden by compile because it
        is connected to generic logic. Use all_connected to see net
        connections. (OPT-461)
Warning: Dont_touch on net '*cell*85/a[22]' may be overridden by compile because it
        is connected to generic logic. Use all_connected to see net
        connections. (OPT-461)
Warning: Dont_touch on net '*cell*85/*Logic0*' may be overridden by compile because it
        is connected to generic logic. Use all_connected to see net
        connections. (OPT-461)
Warning: Dont_touch on net '*cell*89/M_2scompl[0]' may be overridden by compile because it
        is connected to generic logic. Use all_connected to see net
        connections. (OPT-461)
Warning: Dont_touch on net '*cell*89/M_2scompl[1]' may be overridden by compile because it
        is connected to generic logic. Use all_connected to see net
        connections. (OPT-461)
Warning: Dont_touch on net '*cell*89/M_2scompl[2]' may be overridden by compile because it
        is connected to generic logic. Use all_connected to see net
        connections. (OPT-461)
Warning: Dont_touch on net '*cell*89/M_2scompl[3]' may be overridden by compile because it
        is connected to generic logic. Use all_connected to see net
        connections. (OPT-461)
Warning: Dont_touch on net '*cell*89/M_2scompl[4]' may be overridden by compile because it
        is connected to generic logic. Use all_connected to see net
        connections. (OPT-461)
Warning: Dont_touch on net '*cell*89/M_2scompl[5]' may be overridden by compile because it
        is connected to generic logic. Use all_connected to see net
        connections. (OPT-461)
Warning: Dont_touch on net '*cell*89/M_2scompl[6]' may be overridden by compile because it
        is connected to generic logic. Use all_connected to see net
        connections. (OPT-461)
Warning: Dont_touch on net '*cell*89/M_2scompl[7]' may be overridden by compile because it
        is connected to generic logic. Use all_connected to see net
        connections. (OPT-461)
Warning: Dont_touch on net '*cell*89/M_2scompl[8]' may be overridden by compile because it
        is connected to generic logic. Use all_connected to see net
        connections. (OPT-461)
Warning: Dont_touch on net '*cell*89/M_2scompl[9]' may be overridden by compile because it
        is connected to generic logic. Use all_connected to see net
        connections. (OPT-461)
Warning: Dont_touch on net '*cell*89/M_2scompl[10]' may be overridden by compile because it
        is connected to generic logic. Use all_connected to see net
        connections. (OPT-461)
Warning: Dont_touch on net '*cell*89/M_2scompl[11]' may be overridden by compile because it
        is connected to generic logic. Use all_connected to see net
        connections. (OPT-461)
Warning: Dont_touch on net '*cell*89/M_2scompl[12]' may be overridden by compile because it
        is connected to generic logic. Use all_connected to see net
        connections. (OPT-461)
Warning: Dont_touch on net '*cell*89/M_2scompl[13]' may be overridden by compile because it
        is connected to generic logic. Use all_connected to see net
        connections. (OPT-461)
Warning: Dont_touch on net '*cell*89/M_2scompl[14]' may be overridden by compile because it
        is connected to generic logic. Use all_connected to see net
        connections. (OPT-461)
Warning: Dont_touch on net '*cell*89/M_2scompl[15]' may be overridden by compile because it
        is connected to generic logic. Use all_connected to see net
        connections. (OPT-461)
Warning: Dont_touch on net '*cell*89/M_2scompl[16]' may be overridden by compile because it
        is connected to generic logic. Use all_connected to see net
        connections. (OPT-461)
Warning: Dont_touch on net '*cell*89/M_2scompl[17]' may be overridden by compile because it
        is connected to generic logic. Use all_connected to see net
        connections. (OPT-461)
Warning: Dont_touch on net '*cell*89/M_2scompl[18]' may be overridden by compile because it
        is connected to generic logic. Use all_connected to see net
        connections. (OPT-461)
Warning: Dont_touch on net '*cell*89/M_2scompl[19]' may be overridden by compile because it
        is connected to generic logic. Use all_connected to see net
        connections. (OPT-461)
Warning: Dont_touch on net '*cell*89/M_2scompl[20]' may be overridden by compile because it
        is connected to generic logic. Use all_connected to see net
        connections. (OPT-461)
Warning: Dont_touch on net '*cell*89/M_2scompl[21]' may be overridden by compile because it
        is connected to generic logic. Use all_connected to see net
        connections. (OPT-461)
Warning: Dont_touch on net '*cell*89/M_2scompl[22]' may be overridden by compile because it
        is connected to generic logic. Use all_connected to see net
        connections. (OPT-461)
Warning: Dont_touch on net '*cell*89/M_2scompl[23]' may be overridden by compile because it
        is connected to generic logic. Use all_connected to see net
        connections. (OPT-461)
Warning: Dont_touch on net '*cell*89/M_2scompl[24]' may be overridden by compile because it
        is connected to generic logic. Use all_connected to see net
        connections. (OPT-461)
Warning: Dont_touch on net '*cell*89/a[0]' may be overridden by compile because it
        is connected to generic logic. Use all_connected to see net
        connections. (OPT-461)
Warning: Dont_touch on net '*cell*89/a[1]' may be overridden by compile because it
        is connected to generic logic. Use all_connected to see net
        connections. (OPT-461)
Warning: Dont_touch on net '*cell*89/a[2]' may be overridden by compile because it
        is connected to generic logic. Use all_connected to see net
        connections. (OPT-461)
Warning: Dont_touch on net '*cell*89/a[3]' may be overridden by compile because it
        is connected to generic logic. Use all_connected to see net
        connections. (OPT-461)
Warning: Dont_touch on net '*cell*89/a[4]' may be overridden by compile because it
        is connected to generic logic. Use all_connected to see net
        connections. (OPT-461)
Warning: Dont_touch on net '*cell*89/a[5]' may be overridden by compile because it
        is connected to generic logic. Use all_connected to see net
        connections. (OPT-461)
Warning: Dont_touch on net '*cell*89/a[6]' may be overridden by compile because it
        is connected to generic logic. Use all_connected to see net
        connections. (OPT-461)
Warning: Dont_touch on net '*cell*89/a[7]' may be overridden by compile because it
        is connected to generic logic. Use all_connected to see net
        connections. (OPT-461)
Warning: Dont_touch on net '*cell*89/a[8]' may be overridden by compile because it
        is connected to generic logic. Use all_connected to see net
        connections. (OPT-461)
Warning: Dont_touch on net '*cell*89/a[9]' may be overridden by compile because it
        is connected to generic logic. Use all_connected to see net
        connections. (OPT-461)
Warning: Dont_touch on net '*cell*89/a[10]' may be overridden by compile because it
        is connected to generic logic. Use all_connected to see net
        connections. (OPT-461)
Warning: Dont_touch on net '*cell*89/a[11]' may be overridden by compile because it
        is connected to generic logic. Use all_connected to see net
        connections. (OPT-461)
Warning: Dont_touch on net '*cell*89/a[12]' may be overridden by compile because it
        is connected to generic logic. Use all_connected to see net
        connections. (OPT-461)
Warning: Dont_touch on net '*cell*89/a[13]' may be overridden by compile because it
        is connected to generic logic. Use all_connected to see net
        connections. (OPT-461)
Warning: Dont_touch on net '*cell*89/a[14]' may be overridden by compile because it
        is connected to generic logic. Use all_connected to see net
        connections. (OPT-461)
Warning: Dont_touch on net '*cell*89/a[15]' may be overridden by compile because it
        is connected to generic logic. Use all_connected to see net
        connections. (OPT-461)
Warning: Dont_touch on net '*cell*89/a[16]' may be overridden by compile because it
        is connected to generic logic. Use all_connected to see net
        connections. (OPT-461)
Warning: Dont_touch on net '*cell*89/a[17]' may be overridden by compile because it
        is connected to generic logic. Use all_connected to see net
        connections. (OPT-461)
Warning: Dont_touch on net '*cell*89/a[18]' may be overridden by compile because it
        is connected to generic logic. Use all_connected to see net
        connections. (OPT-461)
Warning: Dont_touch on net '*cell*89/a[19]' may be overridden by compile because it
        is connected to generic logic. Use all_connected to see net
        connections. (OPT-461)
Warning: Dont_touch on net '*cell*89/a[20]' may be overridden by compile because it
        is connected to generic logic. Use all_connected to see net
        connections. (OPT-461)
Warning: Dont_touch on net '*cell*89/a[21]' may be overridden by compile because it
        is connected to generic logic. Use all_connected to see net
        connections. (OPT-461)
Warning: Dont_touch on net '*cell*89/a[22]' may be overridden by compile because it
        is connected to generic logic. Use all_connected to see net
        connections. (OPT-461)
Warning: Dont_touch on net '*cell*89/*Logic0*' may be overridden by compile because it
        is connected to generic logic. Use all_connected to see net
        connections. (OPT-461)
Warning: Dont_touch on net '*cell*91/N96' may be overridden by compile because it
        is connected to generic logic. Use all_connected to see net
        connections. (OPT-461)
Warning: Dont_touch on net '*cell*91/N95' may be overridden by compile because it
        is connected to generic logic. Use all_connected to see net
        connections. (OPT-461)
Warning: Dont_touch on net '*cell*91/N94' may be overridden by compile because it
        is connected to generic logic. Use all_connected to see net
        connections. (OPT-461)
Warning: Dont_touch on net '*cell*91/N93' may be overridden by compile because it
        is connected to generic logic. Use all_connected to see net
        connections. (OPT-461)
Warning: Dont_touch on net '*cell*91/N92' may be overridden by compile because it
        is connected to generic logic. Use all_connected to see net
        connections. (OPT-461)
Warning: Dont_touch on net '*cell*91/N91' may be overridden by compile because it
        is connected to generic logic. Use all_connected to see net
        connections. (OPT-461)
Warning: Dont_touch on net '*cell*91/N90' may be overridden by compile because it
        is connected to generic logic. Use all_connected to see net
        connections. (OPT-461)
Warning: Dont_touch on net '*cell*91/N89' may be overridden by compile because it
        is connected to generic logic. Use all_connected to see net
        connections. (OPT-461)
Warning: Dont_touch on net '*cell*91/*Logic0*' may be overridden by compile because it
        is connected to generic logic. Use all_connected to see net
        connections. (OPT-461)
Warning: Dont_touch on net '*cell*93/N104' may be overridden by compile because it
        is connected to generic logic. Use all_connected to see net
        connections. (OPT-461)
Warning: Dont_touch on net '*cell*93/N103' may be overridden by compile because it
        is connected to generic logic. Use all_connected to see net
        connections. (OPT-461)
Warning: Dont_touch on net '*cell*93/N102' may be overridden by compile because it
        is connected to generic logic. Use all_connected to see net
        connections. (OPT-461)
Warning: Dont_touch on net '*cell*93/N101' may be overridden by compile because it
        is connected to generic logic. Use all_connected to see net
        connections. (OPT-461)
Warning: Dont_touch on net '*cell*93/N100' may be overridden by compile because it
        is connected to generic logic. Use all_connected to see net
        connections. (OPT-461)
Warning: Dont_touch on net '*cell*93/N99' may be overridden by compile because it
        is connected to generic logic. Use all_connected to see net
        connections. (OPT-461)
Warning: Dont_touch on net '*cell*93/N98' may be overridden by compile because it
        is connected to generic logic. Use all_connected to see net
        connections. (OPT-461)
Warning: Dont_touch on net '*cell*93/N97' may be overridden by compile because it
        is connected to generic logic. Use all_connected to see net
        connections. (OPT-461)
Warning: Dont_touch on net '*cell*93/N96' may be overridden by compile because it
        is connected to generic logic. Use all_connected to see net
        connections. (OPT-461)
Warning: Dont_touch on net '*cell*93/*Logic0*' may be overridden by compile because it
        is connected to generic logic. Use all_connected to see net
        connections. (OPT-461)
Warning: Dont_touch on net '*cell*95/*Logic0*' may be overridden by compile because it
        is connected to generic logic. Use all_connected to see net
        connections. (OPT-461)
  Allocating blocks in 'DW_ifp_fp_conv_sig_widthi51_exp_widthi10_sig_width23_exp_width8_use_denormal0'
Information: Changed wire load model for 'alt1' from '(none)' to 'G5K'. (OPT-170)
Information: Changed wire load model for 'apparch' from '(none)' to 'G5K'. (OPT-170)
Information: Changed wire load model for 'alt1' from '(none)' to 'G5K'. (OPT-170)
Information: Changed wire load model for 'apparch' from '(none)' to 'G5K'. (OPT-170)
Information: Changed wire load model for 'alt1' from '(none)' to 'G5K'. (OPT-170)
Information: Changed wire load model for 'astr' from '(none)' to 'G5K'. (OPT-170)
  Allocating blocks in 'DW_lzd_a_width52'
  Allocating blocks in 'DW_lzod_a_width52_detect_10'
Information: Changed wire load model for 'alt1' from '(none)' to 'G5K'. (OPT-170)
Information: Changed wire load model for 'astr' from '(none)' to 'G5K'. (OPT-170)
Information: Changed wire load model for 'alt1' from '(none)' to 'G5K'. (OPT-170)
Information: Changed wire load model for 'apparch' from '(none)' to 'G5K'. (OPT-170)
Information: Changed wire load model for 'alt1' from '(none)' to 'G5K'. (OPT-170)
Information: Changed wire load model for 'apparch' from '(none)' to 'G5K'. (OPT-170)
  Allocating blocks in 'DW_ifp_addsub_sig_widthi28_exp_widthi9_sig_widtho51_exp_widtho10_use_denormal0_use_1scmpl0'
Information: Changed wire load model for 'alt1' from '(none)' to 'G5K'. (OPT-170)
Information: Changed wire load model for 'astr' from '(none)' to 'G5K'. (OPT-170)
Information: Changed wire load model for 'alt1' from '(none)' to 'G5K'. (OPT-170)
Information: Changed wire load model for 'astr' from '(none)' to 'G5K'. (OPT-170)
Information: Changed wire load model for 'alt1' from '(none)' to 'G5K'. (OPT-170)
Information: Changed wire load model for 'apparch' from '(none)' to 'G5K'. (OPT-170)
Information: Changed wire load model for 'alt1' from '(none)' to 'G5K'. (OPT-170)
Information: Changed wire load model for 'apparch' from '(none)' to 'G5K'. (OPT-170)
Information: Changed wire load model for 'alt1' from '(none)' to 'G5K'. (OPT-170)
Information: Changed wire load model for 'astr' from '(none)' to 'G5K'. (OPT-170)
  Allocating blocks in 'DW_ifp_addsub_sig_widthi25_exp_widthi8_sig_widtho28_exp_widtho9_use_denormal0_use_1scmpl0'
Information: Changed wire load model for 'alt1' from '(none)' to 'G5K'. (OPT-170)
Information: Changed wire load model for 'astr' from '(none)' to 'G5K'. (OPT-170)
Information: Changed wire load model for 'alt1' from '(none)' to 'G5K'. (OPT-170)
Information: Changed wire load model for 'astr' from '(none)' to 'G5K'. (OPT-170)
Information: Changed wire load model for 'alt1' from '(none)' to 'G5K'. (OPT-170)
Information: Changed wire load model for 'apparch' from '(none)' to 'G5K'. (OPT-170)
Information: Changed wire load model for 'alt1' from '(none)' to 'G5K'. (OPT-170)
Information: Changed wire load model for 'apparch' from '(none)' to 'G5K'. (OPT-170)
Information: Changed wire load model for 'alt1' from '(none)' to 'G5K'. (OPT-170)
Information: Changed wire load model for 'astr' from '(none)' to 'G5K'. (OPT-170)
  Allocating blocks in 'DW_fp_ifp_conv_sig_widthi23_exp_widthi8_sig_widtho28_exp_widtho9_use_denormal0_use_1scmpl0'
  Allocating blocks in 'DW_fp_ifp_conv_sig_widthi23_exp_widthi8_sig_widtho25_exp_widtho8_use_denormal0_use_1scmpl0'
Information: Changed wire load model for 'alt1' from '(none)' to 'G5K'. (OPT-170)
Information: Changed wire load model for 'astr' from '(none)' to 'G5K'. (OPT-170)
Information: Changed wire load model for 'alt1' from '(none)' to 'G5K'. (OPT-170)
Information: Changed wire load model for 'apparch' from '(none)' to 'G5K'. (OPT-170)
Information: Changed wire load model for 'alt1' from '(none)' to 'G5K'. (OPT-170)
Information: Changed wire load model for 'apparch' from '(none)' to 'G5K'. (OPT-170)
Information: Changed wire load model for 'alt1' from '(none)' to 'G5K'. (OPT-170)
Information: Changed wire load model for 'apparch' from '(none)' to 'G5K'. (OPT-170)
  Allocating blocks in 'DW_lzd_a_width53'
  Allocating blocks in 'DW_lzod_a_width53_detect_10'
Information: Changed wire load model for 'alt1' from '(none)' to 'G5K'. (OPT-170)
Information: Changed wire load model for 'apparch' from '(none)' to 'G5K'. (OPT-170)
Information: Changed wire load model for 'alt1' from '(none)' to 'G5K'. (OPT-170)
Information: Changed wire load model for 'apparch' from '(none)' to 'G5K'. (OPT-170)
Information: Changed wire load model for 'alt1' from '(none)' to 'G5K'. (OPT-170)
Information: Changed wire load model for 'astr' from '(none)' to 'G5K'. (OPT-170)
Information: Changed wire load model for 'alt1' from '(none)' to 'G5K'. (OPT-170)
Information: Changed wire load model for 'astr' from '(none)' to 'G5K'. (OPT-170)
Information: Changed wire load model for 'alt1' from '(none)' to 'G5K'. (OPT-170)
Information: Changed wire load model for 'apparch' from '(none)' to 'G5K'. (OPT-170)
Information: Changed wire load model for 'alt1' from '(none)' to 'G5K'. (OPT-170)
Information: Changed wire load model for 'astr' from '(none)' to 'G5K'. (OPT-170)
Information: Changed wire load model for 'alt1' from '(none)' to 'G5K'. (OPT-170)
Information: Changed wire load model for 'astr' from '(none)' to 'G5K'. (OPT-170)
Information: Changed wire load model for 'alt1' from '(none)' to 'G5K'. (OPT-170)
Information: Changed wire load model for 'astr' from '(none)' to 'G5K'. (OPT-170)
Information: Changed wire load model for 'alt1' from '(none)' to 'G5K'. (OPT-170)
Information: Changed wire load model for 'astr' from '(none)' to 'G5K'. (OPT-170)
Information: Changed wire load model for 'alt1' from '(none)' to 'G5K'. (OPT-170)
Information: Changed wire load model for 'apparch' from '(none)' to 'G5K'. (OPT-170)
Information: Changed wire load model for 'alt1' from '(none)' to 'G5K'. (OPT-170)
Information: Changed wire load model for 'apparch' from '(none)' to 'G5K'. (OPT-170)
Information: Changed wire load model for 'alt1' from '(none)' to 'G5K'. (OPT-170)
Information: Changed wire load model for 'apparch' from '(none)' to 'G5K'. (OPT-170)
Information: Changed wire load model for 'alt1' from '(none)' to 'G5K'. (OPT-170)
Information: Changed wire load model for 'apparch' from '(none)' to 'G5K'. (OPT-170)
  Allocating blocks in 'DW_fp_sum3_sig_width23_exp_width8_ieee_compliance0_arch_type0'
Warning: Dont_touch on net '*cell*85/M_2scompl[0]' may be overridden by compile because it
        is connected to generic logic. Use all_connected to see net
        connections. (OPT-461)
Warning: Dont_touch on net '*cell*85/M_2scompl[1]' may be overridden by compile because it
        is connected to generic logic. Use all_connected to see net
        connections. (OPT-461)
Warning: Dont_touch on net '*cell*85/M_2scompl[2]' may be overridden by compile because it
        is connected to generic logic. Use all_connected to see net
        connections. (OPT-461)
Warning: Dont_touch on net '*cell*85/M_2scompl[3]' may be overridden by compile because it
        is connected to generic logic. Use all_connected to see net
        connections. (OPT-461)
Warning: Dont_touch on net '*cell*85/M_2scompl[4]' may be overridden by compile because it
        is connected to generic logic. Use all_connected to see net
        connections. (OPT-461)
Warning: Dont_touch on net '*cell*85/M_2scompl[5]' may be overridden by compile because it
        is connected to generic logic. Use all_connected to see net
        connections. (OPT-461)
Warning: Dont_touch on net '*cell*85/M_2scompl[6]' may be overridden by compile because it
        is connected to generic logic. Use all_connected to see net
        connections. (OPT-461)
Warning: Dont_touch on net '*cell*85/M_2scompl[7]' may be overridden by compile because it
        is connected to generic logic. Use all_connected to see net
        connections. (OPT-461)
Warning: Dont_touch on net '*cell*85/M_2scompl[8]' may be overridden by compile because it
        is connected to generic logic. Use all_connected to see net
        connections. (OPT-461)
Warning: Dont_touch on net '*cell*85/M_2scompl[9]' may be overridden by compile because it
        is connected to generic logic. Use all_connected to see net
        connections. (OPT-461)
Warning: Dont_touch on net '*cell*85/M_2scompl[10]' may be overridden by compile because it
        is connected to generic logic. Use all_connected to see net
        connections. (OPT-461)
Warning: Dont_touch on net '*cell*85/M_2scompl[11]' may be overridden by compile because it
        is connected to generic logic. Use all_connected to see net
        connections. (OPT-461)
Warning: Dont_touch on net '*cell*85/M_2scompl[12]' may be overridden by compile because it
        is connected to generic logic. Use all_connected to see net
        connections. (OPT-461)
Warning: Dont_touch on net '*cell*85/M_2scompl[13]' may be overridden by compile because it
        is connected to generic logic. Use all_connected to see net
        connections. (OPT-461)
Warning: Dont_touch on net '*cell*85/M_2scompl[14]' may be overridden by compile because it
        is connected to generic logic. Use all_connected to see net
        connections. (OPT-461)
Warning: Dont_touch on net '*cell*85/M_2scompl[15]' may be overridden by compile because it
        is connected to generic logic. Use all_connected to see net
        connections. (OPT-461)
Warning: Dont_touch on net '*cell*85/M_2scompl[16]' may be overridden by compile because it
        is connected to generic logic. Use all_connected to see net
        connections. (OPT-461)
Warning: Dont_touch on net '*cell*85/M_2scompl[17]' may be overridden by compile because it
        is connected to generic logic. Use all_connected to see net
        connections. (OPT-461)
Warning: Dont_touch on net '*cell*85/M_2scompl[18]' may be overridden by compile because it
        is connected to generic logic. Use all_connected to see net
        connections. (OPT-461)
Warning: Dont_touch on net '*cell*85/M_2scompl[19]' may be overridden by compile because it
        is connected to generic logic. Use all_connected to see net
        connections. (OPT-461)
Warning: Dont_touch on net '*cell*85/M_2scompl[20]' may be overridden by compile because it
        is connected to generic logic. Use all_connected to see net
        connections. (OPT-461)
Warning: Dont_touch on net '*cell*85/M_2scompl[21]' may be overridden by compile because it
        is connected to generic logic. Use all_connected to see net
        connections. (OPT-461)
Warning: Dont_touch on net '*cell*85/M_2scompl[22]' may be overridden by compile because it
        is connected to generic logic. Use all_connected to see net
        connections. (OPT-461)
Warning: Dont_touch on net '*cell*85/M_2scompl[23]' may be overridden by compile because it
        is connected to generic logic. Use all_connected to see net
        connections. (OPT-461)
Warning: Dont_touch on net '*cell*85/M_2scompl[24]' may be overridden by compile because it
        is connected to generic logic. Use all_connected to see net
        connections. (OPT-461)
Warning: Dont_touch on net '*cell*85/a[0]' may be overridden by compile because it
        is connected to generic logic. Use all_connected to see net
        connections. (OPT-461)
Warning: Dont_touch on net '*cell*85/a[1]' may be overridden by compile because it
        is connected to generic logic. Use all_connected to see net
        connections. (OPT-461)
Warning: Dont_touch on net '*cell*85/a[2]' may be overridden by compile because it
        is connected to generic logic. Use all_connected to see net
        connections. (OPT-461)
Warning: Dont_touch on net '*cell*85/a[3]' may be overridden by compile because it
        is connected to generic logic. Use all_connected to see net
        connections. (OPT-461)
Warning: Dont_touch on net '*cell*85/a[4]' may be overridden by compile because it
        is connected to generic logic. Use all_connected to see net
        connections. (OPT-461)
Warning: Dont_touch on net '*cell*85/a[5]' may be overridden by compile because it
        is connected to generic logic. Use all_connected to see net
        connections. (OPT-461)
Warning: Dont_touch on net '*cell*85/a[6]' may be overridden by compile because it
        is connected to generic logic. Use all_connected to see net
        connections. (OPT-461)
Warning: Dont_touch on net '*cell*85/a[7]' may be overridden by compile because it
        is connected to generic logic. Use all_connected to see net
        connections. (OPT-461)
Warning: Dont_touch on net '*cell*85/a[8]' may be overridden by compile because it
        is connected to generic logic. Use all_connected to see net
        connections. (OPT-461)
Warning: Dont_touch on net '*cell*85/a[9]' may be overridden by compile because it
        is connected to generic logic. Use all_connected to see net
        connections. (OPT-461)
Warning: Dont_touch on net '*cell*85/a[10]' may be overridden by compile because it
        is connected to generic logic. Use all_connected to see net
        connections. (OPT-461)
Warning: Dont_touch on net '*cell*85/a[11]' may be overridden by compile because it
        is connected to generic logic. Use all_connected to see net
        connections. (OPT-461)
Warning: Dont_touch on net '*cell*85/a[12]' may be overridden by compile because it
        is connected to generic logic. Use all_connected to see net
        connections. (OPT-461)
Warning: Dont_touch on net '*cell*85/a[13]' may be overridden by compile because it
        is connected to generic logic. Use all_connected to see net
        connections. (OPT-461)
Warning: Dont_touch on net '*cell*85/a[14]' may be overridden by compile because it
        is connected to generic logic. Use all_connected to see net
        connections. (OPT-461)
Warning: Dont_touch on net '*cell*85/a[15]' may be overridden by compile because it
        is connected to generic logic. Use all_connected to see net
        connections. (OPT-461)
Warning: Dont_touch on net '*cell*85/a[16]' may be overridden by compile because it
        is connected to generic logic. Use all_connected to see net
        connections. (OPT-461)
Warning: Dont_touch on net '*cell*85/a[17]' may be overridden by compile because it
        is connected to generic logic. Use all_connected to see net
        connections. (OPT-461)
Warning: Dont_touch on net '*cell*85/a[18]' may be overridden by compile because it
        is connected to generic logic. Use all_connected to see net
        connections. (OPT-461)
Warning: Dont_touch on net '*cell*85/a[19]' may be overridden by compile because it
        is connected to generic logic. Use all_connected to see net
        connections. (OPT-461)
Warning: Dont_touch on net '*cell*85/a[20]' may be overridden by compile because it
        is connected to generic logic. Use all_connected to see net
        connections. (OPT-461)
Warning: Dont_touch on net '*cell*85/a[21]' may be overridden by compile because it
        is connected to generic logic. Use all_connected to see net
        connections. (OPT-461)
Warning: Dont_touch on net '*cell*85/a[22]' may be overridden by compile because it
        is connected to generic logic. Use all_connected to see net
        connections. (OPT-461)
Warning: Dont_touch on net '*cell*85/*Logic0*' may be overridden by compile because it
        is connected to generic logic. Use all_connected to see net
        connections. (OPT-461)
Warning: Dont_touch on net '*cell*89/M_2scompl[0]' may be overridden by compile because it
        is connected to generic logic. Use all_connected to see net
        connections. (OPT-461)
Warning: Dont_touch on net '*cell*89/M_2scompl[1]' may be overridden by compile because it
        is connected to generic logic. Use all_connected to see net
        connections. (OPT-461)
Warning: Dont_touch on net '*cell*89/M_2scompl[2]' may be overridden by compile because it
        is connected to generic logic. Use all_connected to see net
        connections. (OPT-461)
Warning: Dont_touch on net '*cell*89/M_2scompl[3]' may be overridden by compile because it
        is connected to generic logic. Use all_connected to see net
        connections. (OPT-461)
Warning: Dont_touch on net '*cell*89/M_2scompl[4]' may be overridden by compile because it
        is connected to generic logic. Use all_connected to see net
        connections. (OPT-461)
Warning: Dont_touch on net '*cell*89/M_2scompl[5]' may be overridden by compile because it
        is connected to generic logic. Use all_connected to see net
        connections. (OPT-461)
Warning: Dont_touch on net '*cell*89/M_2scompl[6]' may be overridden by compile because it
        is connected to generic logic. Use all_connected to see net
        connections. (OPT-461)
Warning: Dont_touch on net '*cell*89/M_2scompl[7]' may be overridden by compile because it
        is connected to generic logic. Use all_connected to see net
        connections. (OPT-461)
Warning: Dont_touch on net '*cell*89/M_2scompl[8]' may be overridden by compile because it
        is connected to generic logic. Use all_connected to see net
        connections. (OPT-461)
Warning: Dont_touch on net '*cell*89/M_2scompl[9]' may be overridden by compile because it
        is connected to generic logic. Use all_connected to see net
        connections. (OPT-461)
Warning: Dont_touch on net '*cell*89/M_2scompl[10]' may be overridden by compile because it
        is connected to generic logic. Use all_connected to see net
        connections. (OPT-461)
Warning: Dont_touch on net '*cell*89/M_2scompl[11]' may be overridden by compile because it
        is connected to generic logic. Use all_connected to see net
        connections. (OPT-461)
Warning: Dont_touch on net '*cell*89/M_2scompl[12]' may be overridden by compile because it
        is connected to generic logic. Use all_connected to see net
        connections. (OPT-461)
Warning: Dont_touch on net '*cell*89/M_2scompl[13]' may be overridden by compile because it
        is connected to generic logic. Use all_connected to see net
        connections. (OPT-461)
Warning: Dont_touch on net '*cell*89/M_2scompl[14]' may be overridden by compile because it
        is connected to generic logic. Use all_connected to see net
        connections. (OPT-461)
Warning: Dont_touch on net '*cell*89/M_2scompl[15]' may be overridden by compile because it
        is connected to generic logic. Use all_connected to see net
        connections. (OPT-461)
Warning: Dont_touch on net '*cell*89/M_2scompl[16]' may be overridden by compile because it
        is connected to generic logic. Use all_connected to see net
        connections. (OPT-461)
Warning: Dont_touch on net '*cell*89/M_2scompl[17]' may be overridden by compile because it
        is connected to generic logic. Use all_connected to see net
        connections. (OPT-461)
Warning: Dont_touch on net '*cell*89/M_2scompl[18]' may be overridden by compile because it
        is connected to generic logic. Use all_connected to see net
        connections. (OPT-461)
Warning: Dont_touch on net '*cell*89/M_2scompl[19]' may be overridden by compile because it
        is connected to generic logic. Use all_connected to see net
        connections. (OPT-461)
Warning: Dont_touch on net '*cell*89/M_2scompl[20]' may be overridden by compile because it
        is connected to generic logic. Use all_connected to see net
        connections. (OPT-461)
Warning: Dont_touch on net '*cell*89/M_2scompl[21]' may be overridden by compile because it
        is connected to generic logic. Use all_connected to see net
        connections. (OPT-461)
Warning: Dont_touch on net '*cell*89/M_2scompl[22]' may be overridden by compile because it
        is connected to generic logic. Use all_connected to see net
        connections. (OPT-461)
Warning: Dont_touch on net '*cell*89/M_2scompl[23]' may be overridden by compile because it
        is connected to generic logic. Use all_connected to see net
        connections. (OPT-461)
Warning: Dont_touch on net '*cell*89/M_2scompl[24]' may be overridden by compile because it
        is connected to generic logic. Use all_connected to see net
        connections. (OPT-461)
Warning: Dont_touch on net '*cell*89/a[0]' may be overridden by compile because it
        is connected to generic logic. Use all_connected to see net
        connections. (OPT-461)
Warning: Dont_touch on net '*cell*89/a[1]' may be overridden by compile because it
        is connected to generic logic. Use all_connected to see net
        connections. (OPT-461)
Warning: Dont_touch on net '*cell*89/a[2]' may be overridden by compile because it
        is connected to generic logic. Use all_connected to see net
        connections. (OPT-461)
Warning: Dont_touch on net '*cell*89/a[3]' may be overridden by compile because it
        is connected to generic logic. Use all_connected to see net
        connections. (OPT-461)
Warning: Dont_touch on net '*cell*89/a[4]' may be overridden by compile because it
        is connected to generic logic. Use all_connected to see net
        connections. (OPT-461)
Warning: Dont_touch on net '*cell*89/a[5]' may be overridden by compile because it
        is connected to generic logic. Use all_connected to see net
        connections. (OPT-461)
Warning: Dont_touch on net '*cell*89/a[6]' may be overridden by compile because it
        is connected to generic logic. Use all_connected to see net
        connections. (OPT-461)
Warning: Dont_touch on net '*cell*89/a[7]' may be overridden by compile because it
        is connected to generic logic. Use all_connected to see net
        connections. (OPT-461)
Warning: Dont_touch on net '*cell*89/a[8]' may be overridden by compile because it
        is connected to generic logic. Use all_connected to see net
        connections. (OPT-461)
Warning: Dont_touch on net '*cell*89/a[9]' may be overridden by compile because it
        is connected to generic logic. Use all_connected to see net
        connections. (OPT-461)
Warning: Dont_touch on net '*cell*89/a[10]' may be overridden by compile because it
        is connected to generic logic. Use all_connected to see net
        connections. (OPT-461)
Warning: Dont_touch on net '*cell*89/a[11]' may be overridden by compile because it
        is connected to generic logic. Use all_connected to see net
        connections. (OPT-461)
Warning: Dont_touch on net '*cell*89/a[12]' may be overridden by compile because it
        is connected to generic logic. Use all_connected to see net
        connections. (OPT-461)
Warning: Dont_touch on net '*cell*89/a[13]' may be overridden by compile because it
        is connected to generic logic. Use all_connected to see net
        connections. (OPT-461)
Warning: Dont_touch on net '*cell*89/a[14]' may be overridden by compile because it
        is connected to generic logic. Use all_connected to see net
        connections. (OPT-461)
Warning: Dont_touch on net '*cell*89/a[15]' may be overridden by compile because it
        is connected to generic logic. Use all_connected to see net
        connections. (OPT-461)
Warning: Dont_touch on net '*cell*89/a[16]' may be overridden by compile because it
        is connected to generic logic. Use all_connected to see net
        connections. (OPT-461)
Warning: Dont_touch on net '*cell*89/a[17]' may be overridden by compile because it
        is connected to generic logic. Use all_connected to see net
        connections. (OPT-461)
Warning: Dont_touch on net '*cell*89/a[18]' may be overridden by compile because it
        is connected to generic logic. Use all_connected to see net
        connections. (OPT-461)
Warning: Dont_touch on net '*cell*89/a[19]' may be overridden by compile because it
        is connected to generic logic. Use all_connected to see net
        connections. (OPT-461)
Warning: Dont_touch on net '*cell*89/a[20]' may be overridden by compile because it
        is connected to generic logic. Use all_connected to see net
        connections. (OPT-461)
Warning: Dont_touch on net '*cell*89/a[21]' may be overridden by compile because it
        is connected to generic logic. Use all_connected to see net
        connections. (OPT-461)
Warning: Dont_touch on net '*cell*89/a[22]' may be overridden by compile because it
        is connected to generic logic. Use all_connected to see net
        connections. (OPT-461)
Warning: Dont_touch on net '*cell*89/*Logic0*' may be overridden by compile because it
        is connected to generic logic. Use all_connected to see net
        connections. (OPT-461)
Warning: Dont_touch on net '*cell*91/N96' may be overridden by compile because it
        is connected to generic logic. Use all_connected to see net
        connections. (OPT-461)
Warning: Dont_touch on net '*cell*91/N95' may be overridden by compile because it
        is connected to generic logic. Use all_connected to see net
        connections. (OPT-461)
Warning: Dont_touch on net '*cell*91/N94' may be overridden by compile because it
        is connected to generic logic. Use all_connected to see net
        connections. (OPT-461)
Warning: Dont_touch on net '*cell*91/N93' may be overridden by compile because it
        is connected to generic logic. Use all_connected to see net
        connections. (OPT-461)
Warning: Dont_touch on net '*cell*91/N92' may be overridden by compile because it
        is connected to generic logic. Use all_connected to see net
        connections. (OPT-461)
Warning: Dont_touch on net '*cell*91/N91' may be overridden by compile because it
        is connected to generic logic. Use all_connected to see net
        connections. (OPT-461)
Warning: Dont_touch on net '*cell*91/N90' may be overridden by compile because it
        is connected to generic logic. Use all_connected to see net
        connections. (OPT-461)
Warning: Dont_touch on net '*cell*91/N89' may be overridden by compile because it
        is connected to generic logic. Use all_connected to see net
        connections. (OPT-461)
Warning: Dont_touch on net '*cell*91/*Logic0*' may be overridden by compile because it
        is connected to generic logic. Use all_connected to see net
        connections. (OPT-461)
Warning: Dont_touch on net '*cell*93/N104' may be overridden by compile because it
        is connected to generic logic. Use all_connected to see net
        connections. (OPT-461)
Warning: Dont_touch on net '*cell*93/N103' may be overridden by compile because it
        is connected to generic logic. Use all_connected to see net
        connections. (OPT-461)
Warning: Dont_touch on net '*cell*93/N102' may be overridden by compile because it
        is connected to generic logic. Use all_connected to see net
        connections. (OPT-461)
Warning: Dont_touch on net '*cell*93/N101' may be overridden by compile because it
        is connected to generic logic. Use all_connected to see net
        connections. (OPT-461)
Warning: Dont_touch on net '*cell*93/N100' may be overridden by compile because it
        is connected to generic logic. Use all_connected to see net
        connections. (OPT-461)
Warning: Dont_touch on net '*cell*93/N99' may be overridden by compile because it
        is connected to generic logic. Use all_connected to see net
        connections. (OPT-461)
Warning: Dont_touch on net '*cell*93/N98' may be overridden by compile because it
        is connected to generic logic. Use all_connected to see net
        connections. (OPT-461)
Warning: Dont_touch on net '*cell*93/N97' may be overridden by compile because it
        is connected to generic logic. Use all_connected to see net
        connections. (OPT-461)
Warning: Dont_touch on net '*cell*93/N96' may be overridden by compile because it
        is connected to generic logic. Use all_connected to see net
        connections. (OPT-461)
Warning: Dont_touch on net '*cell*93/*Logic0*' may be overridden by compile because it
        is connected to generic logic. Use all_connected to see net
        connections. (OPT-461)
Warning: Dont_touch on net '*cell*95/*Logic0*' may be overridden by compile because it
        is connected to generic logic. Use all_connected to see net
        connections. (OPT-461)
  Allocating blocks in 'DW_ifp_fp_conv_sig_widthi51_exp_widthi10_sig_width23_exp_width8_use_denormal0'
Information: Changed wire load model for 'alt1' from '(none)' to 'G5K'. (OPT-170)
Information: Changed wire load model for 'apparch' from '(none)' to 'G5K'. (OPT-170)
Information: Changed wire load model for 'alt1' from '(none)' to 'G5K'. (OPT-170)
Information: Changed wire load model for 'apparch' from '(none)' to 'G5K'. (OPT-170)
Information: Changed wire load model for 'alt1' from '(none)' to 'G5K'. (OPT-170)
Information: Changed wire load model for 'astr' from '(none)' to 'G5K'. (OPT-170)
  Allocating blocks in 'DW_lzd_a_width52'
  Allocating blocks in 'DW_lzod_a_width52_detect_10'
Information: Changed wire load model for 'alt1' from '(none)' to 'G5K'. (OPT-170)
Information: Changed wire load model for 'astr' from '(none)' to 'G5K'. (OPT-170)
Information: Changed wire load model for 'alt1' from '(none)' to 'G5K'. (OPT-170)
Information: Changed wire load model for 'apparch' from '(none)' to 'G5K'. (OPT-170)
Information: Changed wire load model for 'alt1' from '(none)' to 'G5K'. (OPT-170)
Information: Changed wire load model for 'apparch' from '(none)' to 'G5K'. (OPT-170)
  Allocating blocks in 'DW_ifp_addsub_sig_widthi28_exp_widthi9_sig_widtho51_exp_widtho10_use_denormal0_use_1scmpl0'
Information: Changed wire load model for 'alt1' from '(none)' to 'G5K'. (OPT-170)
Information: Changed wire load model for 'astr' from '(none)' to 'G5K'. (OPT-170)
Information: Changed wire load model for 'alt1' from '(none)' to 'G5K'. (OPT-170)
Information: Changed wire load model for 'astr' from '(none)' to 'G5K'. (OPT-170)
Information: Changed wire load model for 'alt1' from '(none)' to 'G5K'. (OPT-170)
Information: Changed wire load model for 'apparch' from '(none)' to 'G5K'. (OPT-170)
Information: Changed wire load model for 'alt1' from '(none)' to 'G5K'. (OPT-170)
Information: Changed wire load model for 'apparch' from '(none)' to 'G5K'. (OPT-170)
Information: Changed wire load model for 'alt1' from '(none)' to 'G5K'. (OPT-170)
Information: Changed wire load model for 'astr' from '(none)' to 'G5K'. (OPT-170)
  Allocating blocks in 'DW_ifp_addsub_sig_widthi25_exp_widthi8_sig_widtho28_exp_widtho9_use_denormal0_use_1scmpl0'
Information: Changed wire load model for 'alt1' from '(none)' to 'G5K'. (OPT-170)
Information: Changed wire load model for 'astr' from '(none)' to 'G5K'. (OPT-170)
Information: Changed wire load model for 'alt1' from '(none)' to 'G5K'. (OPT-170)
Information: Changed wire load model for 'astr' from '(none)' to 'G5K'. (OPT-170)
Information: Changed wire load model for 'alt1' from '(none)' to 'G5K'. (OPT-170)
Information: Changed wire load model for 'apparch' from '(none)' to 'G5K'. (OPT-170)
Information: Changed wire load model for 'alt1' from '(none)' to 'G5K'. (OPT-170)
Information: Changed wire load model for 'apparch' from '(none)' to 'G5K'. (OPT-170)
Information: Changed wire load model for 'alt1' from '(none)' to 'G5K'. (OPT-170)
Information: Changed wire load model for 'astr' from '(none)' to 'G5K'. (OPT-170)
  Allocating blocks in 'DW_fp_ifp_conv_sig_widthi23_exp_widthi8_sig_widtho28_exp_widtho9_use_denormal0_use_1scmpl0'
  Allocating blocks in 'DW_fp_ifp_conv_sig_widthi23_exp_widthi8_sig_widtho25_exp_widtho8_use_denormal0_use_1scmpl0'
Information: Changed wire load model for 'alt1' from '(none)' to 'G5K'. (OPT-170)
Information: Changed wire load model for 'astr' from '(none)' to 'G5K'. (OPT-170)
Information: Changed wire load model for 'alt1' from '(none)' to 'G5K'. (OPT-170)
Information: Changed wire load model for 'apparch' from '(none)' to 'G5K'. (OPT-170)
Information: Changed wire load model for 'alt1' from '(none)' to 'G5K'. (OPT-170)
Information: Changed wire load model for 'apparch' from '(none)' to 'G5K'. (OPT-170)
Information: Changed wire load model for 'alt1' from '(none)' to 'G5K'. (OPT-170)
Information: Changed wire load model for 'apparch' from '(none)' to 'G5K'. (OPT-170)
  Allocating blocks in 'DW_lzd_a_width53'
  Allocating blocks in 'DW_lzod_a_width53_detect_10'
Information: Changed wire load model for 'alt1' from '(none)' to 'G5K'. (OPT-170)
Information: Changed wire load model for 'apparch' from '(none)' to 'G5K'. (OPT-170)
Information: Changed wire load model for 'alt1' from '(none)' to 'G5K'. (OPT-170)
Information: Changed wire load model for 'apparch' from '(none)' to 'G5K'. (OPT-170)
Information: Changed wire load model for 'alt1' from '(none)' to 'G5K'. (OPT-170)
Information: Changed wire load model for 'astr' from '(none)' to 'G5K'. (OPT-170)
Information: Changed wire load model for 'alt1' from '(none)' to 'G5K'. (OPT-170)
Information: Changed wire load model for 'astr' from '(none)' to 'G5K'. (OPT-170)
Information: Changed wire load model for 'alt1' from '(none)' to 'G5K'. (OPT-170)
Information: Changed wire load model for 'apparch' from '(none)' to 'G5K'. (OPT-170)
Information: Changed wire load model for 'alt1' from '(none)' to 'G5K'. (OPT-170)
Information: Changed wire load model for 'astr' from '(none)' to 'G5K'. (OPT-170)
Information: Changed wire load model for 'alt1' from '(none)' to 'G5K'. (OPT-170)
Information: Changed wire load model for 'astr' from '(none)' to 'G5K'. (OPT-170)
Information: Changed wire load model for 'alt1' from '(none)' to 'G5K'. (OPT-170)
Information: Changed wire load model for 'astr' from '(none)' to 'G5K'. (OPT-170)
Information: Changed wire load model for 'alt1' from '(none)' to 'G5K'. (OPT-170)
Information: Changed wire load model for 'astr' from '(none)' to 'G5K'. (OPT-170)
Information: Changed wire load model for 'alt1' from '(none)' to 'G5K'. (OPT-170)
Information: Changed wire load model for 'apparch' from '(none)' to 'G5K'. (OPT-170)
Information: Changed wire load model for 'alt1' from '(none)' to 'G5K'. (OPT-170)
Information: Changed wire load model for 'apparch' from '(none)' to 'G5K'. (OPT-170)
Information: Changed wire load model for 'alt1' from '(none)' to 'G5K'. (OPT-170)
Information: Changed wire load model for 'apparch' from '(none)' to 'G5K'. (OPT-170)
Information: Changed wire load model for 'alt1' from '(none)' to 'G5K'. (OPT-170)
Information: Changed wire load model for 'apparch' from '(none)' to 'G5K'. (OPT-170)
  Allocating blocks in 'DW_fp_sum3_sig_width23_exp_width8_ieee_compliance0_arch_type0'
Warning: Dont_touch on net '*cell*85/M_2scompl[0]' may be overridden by compile because it
        is connected to generic logic. Use all_connected to see net
        connections. (OPT-461)
Warning: Dont_touch on net '*cell*85/M_2scompl[1]' may be overridden by compile because it
        is connected to generic logic. Use all_connected to see net
        connections. (OPT-461)
Warning: Dont_touch on net '*cell*85/M_2scompl[2]' may be overridden by compile because it
        is connected to generic logic. Use all_connected to see net
        connections. (OPT-461)
Warning: Dont_touch on net '*cell*85/M_2scompl[3]' may be overridden by compile because it
        is connected to generic logic. Use all_connected to see net
        connections. (OPT-461)
Warning: Dont_touch on net '*cell*85/M_2scompl[4]' may be overridden by compile because it
        is connected to generic logic. Use all_connected to see net
        connections. (OPT-461)
Warning: Dont_touch on net '*cell*85/M_2scompl[5]' may be overridden by compile because it
        is connected to generic logic. Use all_connected to see net
        connections. (OPT-461)
Warning: Dont_touch on net '*cell*85/M_2scompl[6]' may be overridden by compile because it
        is connected to generic logic. Use all_connected to see net
        connections. (OPT-461)
Warning: Dont_touch on net '*cell*85/M_2scompl[7]' may be overridden by compile because it
        is connected to generic logic. Use all_connected to see net
        connections. (OPT-461)
Warning: Dont_touch on net '*cell*85/M_2scompl[8]' may be overridden by compile because it
        is connected to generic logic. Use all_connected to see net
        connections. (OPT-461)
Warning: Dont_touch on net '*cell*85/M_2scompl[9]' may be overridden by compile because it
        is connected to generic logic. Use all_connected to see net
        connections. (OPT-461)
Warning: Dont_touch on net '*cell*85/M_2scompl[10]' may be overridden by compile because it
        is connected to generic logic. Use all_connected to see net
        connections. (OPT-461)
Warning: Dont_touch on net '*cell*85/M_2scompl[11]' may be overridden by compile because it
        is connected to generic logic. Use all_connected to see net
        connections. (OPT-461)
Warning: Dont_touch on net '*cell*85/M_2scompl[12]' may be overridden by compile because it
        is connected to generic logic. Use all_connected to see net
        connections. (OPT-461)
Warning: Dont_touch on net '*cell*85/M_2scompl[13]' may be overridden by compile because it
        is connected to generic logic. Use all_connected to see net
        connections. (OPT-461)
Warning: Dont_touch on net '*cell*85/M_2scompl[14]' may be overridden by compile because it
        is connected to generic logic. Use all_connected to see net
        connections. (OPT-461)
Warning: Dont_touch on net '*cell*85/M_2scompl[15]' may be overridden by compile because it
        is connected to generic logic. Use all_connected to see net
        connections. (OPT-461)
Warning: Dont_touch on net '*cell*85/M_2scompl[16]' may be overridden by compile because it
        is connected to generic logic. Use all_connected to see net
        connections. (OPT-461)
Warning: Dont_touch on net '*cell*85/M_2scompl[17]' may be overridden by compile because it
        is connected to generic logic. Use all_connected to see net
        connections. (OPT-461)
Warning: Dont_touch on net '*cell*85/M_2scompl[18]' may be overridden by compile because it
        is connected to generic logic. Use all_connected to see net
        connections. (OPT-461)
Warning: Dont_touch on net '*cell*85/M_2scompl[19]' may be overridden by compile because it
        is connected to generic logic. Use all_connected to see net
        connections. (OPT-461)
Warning: Dont_touch on net '*cell*85/M_2scompl[20]' may be overridden by compile because it
        is connected to generic logic. Use all_connected to see net
        connections. (OPT-461)
Warning: Dont_touch on net '*cell*85/M_2scompl[21]' may be overridden by compile because it
        is connected to generic logic. Use all_connected to see net
        connections. (OPT-461)
Warning: Dont_touch on net '*cell*85/M_2scompl[22]' may be overridden by compile because it
        is connected to generic logic. Use all_connected to see net
        connections. (OPT-461)
Warning: Dont_touch on net '*cell*85/M_2scompl[23]' may be overridden by compile because it
        is connected to generic logic. Use all_connected to see net
        connections. (OPT-461)
Warning: Dont_touch on net '*cell*85/M_2scompl[24]' may be overridden by compile because it
        is connected to generic logic. Use all_connected to see net
        connections. (OPT-461)
Warning: Dont_touch on net '*cell*85/a[0]' may be overridden by compile because it
        is connected to generic logic. Use all_connected to see net
        connections. (OPT-461)
Warning: Dont_touch on net '*cell*85/a[1]' may be overridden by compile because it
        is connected to generic logic. Use all_connected to see net
        connections. (OPT-461)
Warning: Dont_touch on net '*cell*85/a[2]' may be overridden by compile because it
        is connected to generic logic. Use all_connected to see net
        connections. (OPT-461)
Warning: Dont_touch on net '*cell*85/a[3]' may be overridden by compile because it
        is connected to generic logic. Use all_connected to see net
        connections. (OPT-461)
Warning: Dont_touch on net '*cell*85/a[4]' may be overridden by compile because it
        is connected to generic logic. Use all_connected to see net
        connections. (OPT-461)
Warning: Dont_touch on net '*cell*85/a[5]' may be overridden by compile because it
        is connected to generic logic. Use all_connected to see net
        connections. (OPT-461)
Warning: Dont_touch on net '*cell*85/a[6]' may be overridden by compile because it
        is connected to generic logic. Use all_connected to see net
        connections. (OPT-461)
Warning: Dont_touch on net '*cell*85/a[7]' may be overridden by compile because it
        is connected to generic logic. Use all_connected to see net
        connections. (OPT-461)
Warning: Dont_touch on net '*cell*85/a[8]' may be overridden by compile because it
        is connected to generic logic. Use all_connected to see net
        connections. (OPT-461)
Warning: Dont_touch on net '*cell*85/a[9]' may be overridden by compile because it
        is connected to generic logic. Use all_connected to see net
        connections. (OPT-461)
Warning: Dont_touch on net '*cell*85/a[10]' may be overridden by compile because it
        is connected to generic logic. Use all_connected to see net
        connections. (OPT-461)
Warning: Dont_touch on net '*cell*85/a[11]' may be overridden by compile because it
        is connected to generic logic. Use all_connected to see net
        connections. (OPT-461)
Warning: Dont_touch on net '*cell*85/a[12]' may be overridden by compile because it
        is connected to generic logic. Use all_connected to see net
        connections. (OPT-461)
Warning: Dont_touch on net '*cell*85/a[13]' may be overridden by compile because it
        is connected to generic logic. Use all_connected to see net
        connections. (OPT-461)
Warning: Dont_touch on net '*cell*85/a[14]' may be overridden by compile because it
        is connected to generic logic. Use all_connected to see net
        connections. (OPT-461)
Warning: Dont_touch on net '*cell*85/a[15]' may be overridden by compile because it
        is connected to generic logic. Use all_connected to see net
        connections. (OPT-461)
Warning: Dont_touch on net '*cell*85/a[16]' may be overridden by compile because it
        is connected to generic logic. Use all_connected to see net
        connections. (OPT-461)
Warning: Dont_touch on net '*cell*85/a[17]' may be overridden by compile because it
        is connected to generic logic. Use all_connected to see net
        connections. (OPT-461)
Warning: Dont_touch on net '*cell*85/a[18]' may be overridden by compile because it
        is connected to generic logic. Use all_connected to see net
        connections. (OPT-461)
Warning: Dont_touch on net '*cell*85/a[19]' may be overridden by compile because it
        is connected to generic logic. Use all_connected to see net
        connections. (OPT-461)
Warning: Dont_touch on net '*cell*85/a[20]' may be overridden by compile because it
        is connected to generic logic. Use all_connected to see net
        connections. (OPT-461)
Warning: Dont_touch on net '*cell*85/a[21]' may be overridden by compile because it
        is connected to generic logic. Use all_connected to see net
        connections. (OPT-461)
Warning: Dont_touch on net '*cell*85/a[22]' may be overridden by compile because it
        is connected to generic logic. Use all_connected to see net
        connections. (OPT-461)
Warning: Dont_touch on net '*cell*85/*Logic0*' may be overridden by compile because it
        is connected to generic logic. Use all_connected to see net
        connections. (OPT-461)
Warning: Dont_touch on net '*cell*89/M_2scompl[0]' may be overridden by compile because it
        is connected to generic logic. Use all_connected to see net
        connections. (OPT-461)
Warning: Dont_touch on net '*cell*89/M_2scompl[1]' may be overridden by compile because it
        is connected to generic logic. Use all_connected to see net
        connections. (OPT-461)
Warning: Dont_touch on net '*cell*89/M_2scompl[2]' may be overridden by compile because it
        is connected to generic logic. Use all_connected to see net
        connections. (OPT-461)
Warning: Dont_touch on net '*cell*89/M_2scompl[3]' may be overridden by compile because it
        is connected to generic logic. Use all_connected to see net
        connections. (OPT-461)
Warning: Dont_touch on net '*cell*89/M_2scompl[4]' may be overridden by compile because it
        is connected to generic logic. Use all_connected to see net
        connections. (OPT-461)
Warning: Dont_touch on net '*cell*89/M_2scompl[5]' may be overridden by compile because it
        is connected to generic logic. Use all_connected to see net
        connections. (OPT-461)
Warning: Dont_touch on net '*cell*89/M_2scompl[6]' may be overridden by compile because it
        is connected to generic logic. Use all_connected to see net
        connections. (OPT-461)
Warning: Dont_touch on net '*cell*89/M_2scompl[7]' may be overridden by compile because it
        is connected to generic logic. Use all_connected to see net
        connections. (OPT-461)
Warning: Dont_touch on net '*cell*89/M_2scompl[8]' may be overridden by compile because it
        is connected to generic logic. Use all_connected to see net
        connections. (OPT-461)
Warning: Dont_touch on net '*cell*89/M_2scompl[9]' may be overridden by compile because it
        is connected to generic logic. Use all_connected to see net
        connections. (OPT-461)
Warning: Dont_touch on net '*cell*89/M_2scompl[10]' may be overridden by compile because it
        is connected to generic logic. Use all_connected to see net
        connections. (OPT-461)
Warning: Dont_touch on net '*cell*89/M_2scompl[11]' may be overridden by compile because it
        is connected to generic logic. Use all_connected to see net
        connections. (OPT-461)
Warning: Dont_touch on net '*cell*89/M_2scompl[12]' may be overridden by compile because it
        is connected to generic logic. Use all_connected to see net
        connections. (OPT-461)
Warning: Dont_touch on net '*cell*89/M_2scompl[13]' may be overridden by compile because it
        is connected to generic logic. Use all_connected to see net
        connections. (OPT-461)
Warning: Dont_touch on net '*cell*89/M_2scompl[14]' may be overridden by compile because it
        is connected to generic logic. Use all_connected to see net
        connections. (OPT-461)
Warning: Dont_touch on net '*cell*89/M_2scompl[15]' may be overridden by compile because it
        is connected to generic logic. Use all_connected to see net
        connections. (OPT-461)
Warning: Dont_touch on net '*cell*89/M_2scompl[16]' may be overridden by compile because it
        is connected to generic logic. Use all_connected to see net
        connections. (OPT-461)
Warning: Dont_touch on net '*cell*89/M_2scompl[17]' may be overridden by compile because it
        is connected to generic logic. Use all_connected to see net
        connections. (OPT-461)
Warning: Dont_touch on net '*cell*89/M_2scompl[18]' may be overridden by compile because it
        is connected to generic logic. Use all_connected to see net
        connections. (OPT-461)
Warning: Dont_touch on net '*cell*89/M_2scompl[19]' may be overridden by compile because it
        is connected to generic logic. Use all_connected to see net
        connections. (OPT-461)
Warning: Dont_touch on net '*cell*89/M_2scompl[20]' may be overridden by compile because it
        is connected to generic logic. Use all_connected to see net
        connections. (OPT-461)
Warning: Dont_touch on net '*cell*89/M_2scompl[21]' may be overridden by compile because it
        is connected to generic logic. Use all_connected to see net
        connections. (OPT-461)
Warning: Dont_touch on net '*cell*89/M_2scompl[22]' may be overridden by compile because it
        is connected to generic logic. Use all_connected to see net
        connections. (OPT-461)
Warning: Dont_touch on net '*cell*89/M_2scompl[23]' may be overridden by compile because it
        is connected to generic logic. Use all_connected to see net
        connections. (OPT-461)
Warning: Dont_touch on net '*cell*89/M_2scompl[24]' may be overridden by compile because it
        is connected to generic logic. Use all_connected to see net
        connections. (OPT-461)
Warning: Dont_touch on net '*cell*89/a[0]' may be overridden by compile because it
        is connected to generic logic. Use all_connected to see net
        connections. (OPT-461)
Warning: Dont_touch on net '*cell*89/a[1]' may be overridden by compile because it
        is connected to generic logic. Use all_connected to see net
        connections. (OPT-461)
Warning: Dont_touch on net '*cell*89/a[2]' may be overridden by compile because it
        is connected to generic logic. Use all_connected to see net
        connections. (OPT-461)
Warning: Dont_touch on net '*cell*89/a[3]' may be overridden by compile because it
        is connected to generic logic. Use all_connected to see net
        connections. (OPT-461)
Warning: Dont_touch on net '*cell*89/a[4]' may be overridden by compile because it
        is connected to generic logic. Use all_connected to see net
        connections. (OPT-461)
Warning: Dont_touch on net '*cell*89/a[5]' may be overridden by compile because it
        is connected to generic logic. Use all_connected to see net
        connections. (OPT-461)
Warning: Dont_touch on net '*cell*89/a[6]' may be overridden by compile because it
        is connected to generic logic. Use all_connected to see net
        connections. (OPT-461)
Warning: Dont_touch on net '*cell*89/a[7]' may be overridden by compile because it
        is connected to generic logic. Use all_connected to see net
        connections. (OPT-461)
Warning: Dont_touch on net '*cell*89/a[8]' may be overridden by compile because it
        is connected to generic logic. Use all_connected to see net
        connections. (OPT-461)
Warning: Dont_touch on net '*cell*89/a[9]' may be overridden by compile because it
        is connected to generic logic. Use all_connected to see net
        connections. (OPT-461)
Warning: Dont_touch on net '*cell*89/a[10]' may be overridden by compile because it
        is connected to generic logic. Use all_connected to see net
        connections. (OPT-461)
Warning: Dont_touch on net '*cell*89/a[11]' may be overridden by compile because it
        is connected to generic logic. Use all_connected to see net
        connections. (OPT-461)
Warning: Dont_touch on net '*cell*89/a[12]' may be overridden by compile because it
        is connected to generic logic. Use all_connected to see net
        connections. (OPT-461)
Warning: Dont_touch on net '*cell*89/a[13]' may be overridden by compile because it
        is connected to generic logic. Use all_connected to see net
        connections. (OPT-461)
Warning: Dont_touch on net '*cell*89/a[14]' may be overridden by compile because it
        is connected to generic logic. Use all_connected to see net
        connections. (OPT-461)
Warning: Dont_touch on net '*cell*89/a[15]' may be overridden by compile because it
        is connected to generic logic. Use all_connected to see net
        connections. (OPT-461)
Warning: Dont_touch on net '*cell*89/a[16]' may be overridden by compile because it
        is connected to generic logic. Use all_connected to see net
        connections. (OPT-461)
Warning: Dont_touch on net '*cell*89/a[17]' may be overridden by compile because it
        is connected to generic logic. Use all_connected to see net
        connections. (OPT-461)
Warning: Dont_touch on net '*cell*89/a[18]' may be overridden by compile because it
        is connected to generic logic. Use all_connected to see net
        connections. (OPT-461)
Warning: Dont_touch on net '*cell*89/a[19]' may be overridden by compile because it
        is connected to generic logic. Use all_connected to see net
        connections. (OPT-461)
Warning: Dont_touch on net '*cell*89/a[20]' may be overridden by compile because it
        is connected to generic logic. Use all_connected to see net
        connections. (OPT-461)
Warning: Dont_touch on net '*cell*89/a[21]' may be overridden by compile because it
        is connected to generic logic. Use all_connected to see net
        connections. (OPT-461)
Warning: Dont_touch on net '*cell*89/a[22]' may be overridden by compile because it
        is connected to generic logic. Use all_connected to see net
        connections. (OPT-461)
Warning: Dont_touch on net '*cell*89/*Logic0*' may be overridden by compile because it
        is connected to generic logic. Use all_connected to see net
        connections. (OPT-461)
Warning: Dont_touch on net '*cell*91/N96' may be overridden by compile because it
        is connected to generic logic. Use all_connected to see net
        connections. (OPT-461)
Warning: Dont_touch on net '*cell*91/N95' may be overridden by compile because it
        is connected to generic logic. Use all_connected to see net
        connections. (OPT-461)
Warning: Dont_touch on net '*cell*91/N94' may be overridden by compile because it
        is connected to generic logic. Use all_connected to see net
        connections. (OPT-461)
Warning: Dont_touch on net '*cell*91/N93' may be overridden by compile because it
        is connected to generic logic. Use all_connected to see net
        connections. (OPT-461)
Warning: Dont_touch on net '*cell*91/N92' may be overridden by compile because it
        is connected to generic logic. Use all_connected to see net
        connections. (OPT-461)
Warning: Dont_touch on net '*cell*91/N91' may be overridden by compile because it
        is connected to generic logic. Use all_connected to see net
        connections. (OPT-461)
Warning: Dont_touch on net '*cell*91/N90' may be overridden by compile because it
        is connected to generic logic. Use all_connected to see net
        connections. (OPT-461)
Warning: Dont_touch on net '*cell*91/N89' may be overridden by compile because it
        is connected to generic logic. Use all_connected to see net
        connections. (OPT-461)
Warning: Dont_touch on net '*cell*91/*Logic0*' may be overridden by compile because it
        is connected to generic logic. Use all_connected to see net
        connections. (OPT-461)
Warning: Dont_touch on net '*cell*93/N104' may be overridden by compile because it
        is connected to generic logic. Use all_connected to see net
        connections. (OPT-461)
Warning: Dont_touch on net '*cell*93/N103' may be overridden by compile because it
        is connected to generic logic. Use all_connected to see net
        connections. (OPT-461)
Warning: Dont_touch on net '*cell*93/N102' may be overridden by compile because it
        is connected to generic logic. Use all_connected to see net
        connections. (OPT-461)
Warning: Dont_touch on net '*cell*93/N101' may be overridden by compile because it
        is connected to generic logic. Use all_connected to see net
        connections. (OPT-461)
Warning: Dont_touch on net '*cell*93/N100' may be overridden by compile because it
        is connected to generic logic. Use all_connected to see net
        connections. (OPT-461)
Warning: Dont_touch on net '*cell*93/N99' may be overridden by compile because it
        is connected to generic logic. Use all_connected to see net
        connections. (OPT-461)
Warning: Dont_touch on net '*cell*93/N98' may be overridden by compile because it
        is connected to generic logic. Use all_connected to see net
        connections. (OPT-461)
Warning: Dont_touch on net '*cell*93/N97' may be overridden by compile because it
        is connected to generic logic. Use all_connected to see net
        connections. (OPT-461)
Warning: Dont_touch on net '*cell*93/N96' may be overridden by compile because it
        is connected to generic logic. Use all_connected to see net
        connections. (OPT-461)
Warning: Dont_touch on net '*cell*93/*Logic0*' may be overridden by compile because it
        is connected to generic logic. Use all_connected to see net
        connections. (OPT-461)
Warning: Dont_touch on net '*cell*95/*Logic0*' may be overridden by compile because it
        is connected to generic logic. Use all_connected to see net
        connections. (OPT-461)
  Allocating blocks in 'DW_ifp_fp_conv_sig_widthi51_exp_widthi10_sig_width23_exp_width8_use_denormal0'
Information: Changed wire load model for 'alt1' from '(none)' to 'G5K'. (OPT-170)
Information: Changed wire load model for 'apparch' from '(none)' to 'G5K'. (OPT-170)
Information: Changed wire load model for 'alt1' from '(none)' to 'G5K'. (OPT-170)
Information: Changed wire load model for 'apparch' from '(none)' to 'G5K'. (OPT-170)
Information: Changed wire load model for 'alt1' from '(none)' to 'G5K'. (OPT-170)
Information: Changed wire load model for 'astr' from '(none)' to 'G5K'. (OPT-170)
  Allocating blocks in 'DW_lzd_a_width52'
  Allocating blocks in 'DW_lzod_a_width52_detect_10'
Information: Changed wire load model for 'alt1' from '(none)' to 'G5K'. (OPT-170)
Information: Changed wire load model for 'astr' from '(none)' to 'G5K'. (OPT-170)
Information: Changed wire load model for 'alt1' from '(none)' to 'G5K'. (OPT-170)
Information: Changed wire load model for 'apparch' from '(none)' to 'G5K'. (OPT-170)
Information: Changed wire load model for 'alt1' from '(none)' to 'G5K'. (OPT-170)
Information: Changed wire load model for 'apparch' from '(none)' to 'G5K'. (OPT-170)
  Allocating blocks in 'DW_ifp_addsub_sig_widthi28_exp_widthi9_sig_widtho51_exp_widtho10_use_denormal0_use_1scmpl0'
Information: Changed wire load model for 'alt1' from '(none)' to 'G5K'. (OPT-170)
Information: Changed wire load model for 'astr' from '(none)' to 'G5K'. (OPT-170)
Information: Changed wire load model for 'alt1' from '(none)' to 'G5K'. (OPT-170)
Information: Changed wire load model for 'astr' from '(none)' to 'G5K'. (OPT-170)
Information: Changed wire load model for 'alt1' from '(none)' to 'G5K'. (OPT-170)
Information: Changed wire load model for 'apparch' from '(none)' to 'G5K'. (OPT-170)
Information: Changed wire load model for 'alt1' from '(none)' to 'G5K'. (OPT-170)
Information: Changed wire load model for 'apparch' from '(none)' to 'G5K'. (OPT-170)
Information: Changed wire load model for 'alt1' from '(none)' to 'G5K'. (OPT-170)
Information: Changed wire load model for 'astr' from '(none)' to 'G5K'. (OPT-170)
  Allocating blocks in 'DW_ifp_addsub_sig_widthi25_exp_widthi8_sig_widtho28_exp_widtho9_use_denormal0_use_1scmpl0'
Information: Changed wire load model for 'alt1' from '(none)' to 'G5K'. (OPT-170)
Information: Changed wire load model for 'astr' from '(none)' to 'G5K'. (OPT-170)
Information: Changed wire load model for 'alt1' from '(none)' to 'G5K'. (OPT-170)
Information: Changed wire load model for 'astr' from '(none)' to 'G5K'. (OPT-170)
Information: Changed wire load model for 'alt1' from '(none)' to 'G5K'. (OPT-170)
Information: Changed wire load model for 'apparch' from '(none)' to 'G5K'. (OPT-170)
Information: Changed wire load model for 'alt1' from '(none)' to 'G5K'. (OPT-170)
Information: Changed wire load model for 'apparch' from '(none)' to 'G5K'. (OPT-170)
Information: Changed wire load model for 'alt1' from '(none)' to 'G5K'. (OPT-170)
Information: Changed wire load model for 'astr' from '(none)' to 'G5K'. (OPT-170)
  Allocating blocks in 'DW_fp_ifp_conv_sig_widthi23_exp_widthi8_sig_widtho28_exp_widtho9_use_denormal0_use_1scmpl0'
  Allocating blocks in 'DW_fp_ifp_conv_sig_widthi23_exp_widthi8_sig_widtho25_exp_widtho8_use_denormal0_use_1scmpl0'
Information: Changed wire load model for 'alt1' from '(none)' to 'G5K'. (OPT-170)
Information: Changed wire load model for 'astr' from '(none)' to 'G5K'. (OPT-170)
Information: Changed wire load model for 'alt1' from '(none)' to 'G5K'. (OPT-170)
Information: Changed wire load model for 'apparch' from '(none)' to 'G5K'. (OPT-170)
Information: Changed wire load model for 'alt1' from '(none)' to 'G5K'. (OPT-170)
Information: Changed wire load model for 'apparch' from '(none)' to 'G5K'. (OPT-170)
Information: Changed wire load model for 'alt1' from '(none)' to 'G5K'. (OPT-170)
Information: Changed wire load model for 'apparch' from '(none)' to 'G5K'. (OPT-170)
  Allocating blocks in 'DW_lzd_a_width53'
  Allocating blocks in 'DW_lzod_a_width53_detect_10'
Information: Changed wire load model for 'alt1' from '(none)' to 'G5K'. (OPT-170)
Information: Changed wire load model for 'apparch' from '(none)' to 'G5K'. (OPT-170)
Information: Changed wire load model for 'alt1' from '(none)' to 'G5K'. (OPT-170)
Information: Changed wire load model for 'apparch' from '(none)' to 'G5K'. (OPT-170)
Information: Changed wire load model for 'alt1' from '(none)' to 'G5K'. (OPT-170)
Information: Changed wire load model for 'astr' from '(none)' to 'G5K'. (OPT-170)
Information: Changed wire load model for 'alt1' from '(none)' to 'G5K'. (OPT-170)
Information: Changed wire load model for 'astr' from '(none)' to 'G5K'. (OPT-170)
Information: Changed wire load model for 'alt1' from '(none)' to 'G5K'. (OPT-170)
Information: Changed wire load model for 'apparch' from '(none)' to 'G5K'. (OPT-170)
Information: Changed wire load model for 'alt1' from '(none)' to 'G5K'. (OPT-170)
Information: Changed wire load model for 'astr' from '(none)' to 'G5K'. (OPT-170)
Information: Changed wire load model for 'alt1' from '(none)' to 'G5K'. (OPT-170)
Information: Changed wire load model for 'astr' from '(none)' to 'G5K'. (OPT-170)
Information: Changed wire load model for 'alt1' from '(none)' to 'G5K'. (OPT-170)
Information: Changed wire load model for 'astr' from '(none)' to 'G5K'. (OPT-170)
Information: Changed wire load model for 'alt1' from '(none)' to 'G5K'. (OPT-170)
Information: Changed wire load model for 'astr' from '(none)' to 'G5K'. (OPT-170)
Information: Changed wire load model for 'alt1' from '(none)' to 'G5K'. (OPT-170)
Information: Changed wire load model for 'apparch' from '(none)' to 'G5K'. (OPT-170)
Information: Changed wire load model for 'alt1' from '(none)' to 'G5K'. (OPT-170)
Information: Changed wire load model for 'apparch' from '(none)' to 'G5K'. (OPT-170)
Information: Changed wire load model for 'alt1' from '(none)' to 'G5K'. (OPT-170)
Information: Changed wire load model for 'apparch' from '(none)' to 'G5K'. (OPT-170)
Information: Changed wire load model for 'alt1' from '(none)' to 'G5K'. (OPT-170)
Information: Changed wire load model for 'apparch' from '(none)' to 'G5K'. (OPT-170)
  Allocating blocks in 'DW_fp_sum3_sig_width23_exp_width8_ieee_compliance0_arch_type0'
Warning: Dont_touch on net '*cell*85/M_2scompl[0]' may be overridden by compile because it
        is connected to generic logic. Use all_connected to see net
        connections. (OPT-461)
Warning: Dont_touch on net '*cell*85/M_2scompl[1]' may be overridden by compile because it
        is connected to generic logic. Use all_connected to see net
        connections. (OPT-461)
Warning: Dont_touch on net '*cell*85/M_2scompl[2]' may be overridden by compile because it
        is connected to generic logic. Use all_connected to see net
        connections. (OPT-461)
Warning: Dont_touch on net '*cell*85/M_2scompl[3]' may be overridden by compile because it
        is connected to generic logic. Use all_connected to see net
        connections. (OPT-461)
Warning: Dont_touch on net '*cell*85/M_2scompl[4]' may be overridden by compile because it
        is connected to generic logic. Use all_connected to see net
        connections. (OPT-461)
Warning: Dont_touch on net '*cell*85/M_2scompl[5]' may be overridden by compile because it
        is connected to generic logic. Use all_connected to see net
        connections. (OPT-461)
Warning: Dont_touch on net '*cell*85/M_2scompl[6]' may be overridden by compile because it
        is connected to generic logic. Use all_connected to see net
        connections. (OPT-461)
Warning: Dont_touch on net '*cell*85/M_2scompl[7]' may be overridden by compile because it
        is connected to generic logic. Use all_connected to see net
        connections. (OPT-461)
Warning: Dont_touch on net '*cell*85/M_2scompl[8]' may be overridden by compile because it
        is connected to generic logic. Use all_connected to see net
        connections. (OPT-461)
Warning: Dont_touch on net '*cell*85/M_2scompl[9]' may be overridden by compile because it
        is connected to generic logic. Use all_connected to see net
        connections. (OPT-461)
Warning: Dont_touch on net '*cell*85/M_2scompl[10]' may be overridden by compile because it
        is connected to generic logic. Use all_connected to see net
        connections. (OPT-461)
Warning: Dont_touch on net '*cell*85/M_2scompl[11]' may be overridden by compile because it
        is connected to generic logic. Use all_connected to see net
        connections. (OPT-461)
Warning: Dont_touch on net '*cell*85/M_2scompl[12]' may be overridden by compile because it
        is connected to generic logic. Use all_connected to see net
        connections. (OPT-461)
Warning: Dont_touch on net '*cell*85/M_2scompl[13]' may be overridden by compile because it
        is connected to generic logic. Use all_connected to see net
        connections. (OPT-461)
Warning: Dont_touch on net '*cell*85/M_2scompl[14]' may be overridden by compile because it
        is connected to generic logic. Use all_connected to see net
        connections. (OPT-461)
Warning: Dont_touch on net '*cell*85/M_2scompl[15]' may be overridden by compile because it
        is connected to generic logic. Use all_connected to see net
        connections. (OPT-461)
Warning: Dont_touch on net '*cell*85/M_2scompl[16]' may be overridden by compile because it
        is connected to generic logic. Use all_connected to see net
        connections. (OPT-461)
Warning: Dont_touch on net '*cell*85/M_2scompl[17]' may be overridden by compile because it
        is connected to generic logic. Use all_connected to see net
        connections. (OPT-461)
Warning: Dont_touch on net '*cell*85/M_2scompl[18]' may be overridden by compile because it
        is connected to generic logic. Use all_connected to see net
        connections. (OPT-461)
Warning: Dont_touch on net '*cell*85/M_2scompl[19]' may be overridden by compile because it
        is connected to generic logic. Use all_connected to see net
        connections. (OPT-461)
Warning: Dont_touch on net '*cell*85/M_2scompl[20]' may be overridden by compile because it
        is connected to generic logic. Use all_connected to see net
        connections. (OPT-461)
Warning: Dont_touch on net '*cell*85/M_2scompl[21]' may be overridden by compile because it
        is connected to generic logic. Use all_connected to see net
        connections. (OPT-461)
Warning: Dont_touch on net '*cell*85/M_2scompl[22]' may be overridden by compile because it
        is connected to generic logic. Use all_connected to see net
        connections. (OPT-461)
Warning: Dont_touch on net '*cell*85/M_2scompl[23]' may be overridden by compile because it
        is connected to generic logic. Use all_connected to see net
        connections. (OPT-461)
Warning: Dont_touch on net '*cell*85/M_2scompl[24]' may be overridden by compile because it
        is connected to generic logic. Use all_connected to see net
        connections. (OPT-461)
Warning: Dont_touch on net '*cell*85/a[0]' may be overridden by compile because it
        is connected to generic logic. Use all_connected to see net
        connections. (OPT-461)
Warning: Dont_touch on net '*cell*85/a[1]' may be overridden by compile because it
        is connected to generic logic. Use all_connected to see net
        connections. (OPT-461)
Warning: Dont_touch on net '*cell*85/a[2]' may be overridden by compile because it
        is connected to generic logic. Use all_connected to see net
        connections. (OPT-461)
Warning: Dont_touch on net '*cell*85/a[3]' may be overridden by compile because it
        is connected to generic logic. Use all_connected to see net
        connections. (OPT-461)
Warning: Dont_touch on net '*cell*85/a[4]' may be overridden by compile because it
        is connected to generic logic. Use all_connected to see net
        connections. (OPT-461)
Warning: Dont_touch on net '*cell*85/a[5]' may be overridden by compile because it
        is connected to generic logic. Use all_connected to see net
        connections. (OPT-461)
Warning: Dont_touch on net '*cell*85/a[6]' may be overridden by compile because it
        is connected to generic logic. Use all_connected to see net
        connections. (OPT-461)
Warning: Dont_touch on net '*cell*85/a[7]' may be overridden by compile because it
        is connected to generic logic. Use all_connected to see net
        connections. (OPT-461)
Warning: Dont_touch on net '*cell*85/a[8]' may be overridden by compile because it
        is connected to generic logic. Use all_connected to see net
        connections. (OPT-461)
Warning: Dont_touch on net '*cell*85/a[9]' may be overridden by compile because it
        is connected to generic logic. Use all_connected to see net
        connections. (OPT-461)
Warning: Dont_touch on net '*cell*85/a[10]' may be overridden by compile because it
        is connected to generic logic. Use all_connected to see net
        connections. (OPT-461)
Warning: Dont_touch on net '*cell*85/a[11]' may be overridden by compile because it
        is connected to generic logic. Use all_connected to see net
        connections. (OPT-461)
Warning: Dont_touch on net '*cell*85/a[12]' may be overridden by compile because it
        is connected to generic logic. Use all_connected to see net
        connections. (OPT-461)
Warning: Dont_touch on net '*cell*85/a[13]' may be overridden by compile because it
        is connected to generic logic. Use all_connected to see net
        connections. (OPT-461)
Warning: Dont_touch on net '*cell*85/a[14]' may be overridden by compile because it
        is connected to generic logic. Use all_connected to see net
        connections. (OPT-461)
Warning: Dont_touch on net '*cell*85/a[15]' may be overridden by compile because it
        is connected to generic logic. Use all_connected to see net
        connections. (OPT-461)
Warning: Dont_touch on net '*cell*85/a[16]' may be overridden by compile because it
        is connected to generic logic. Use all_connected to see net
        connections. (OPT-461)
Warning: Dont_touch on net '*cell*85/a[17]' may be overridden by compile because it
        is connected to generic logic. Use all_connected to see net
        connections. (OPT-461)
Warning: Dont_touch on net '*cell*85/a[18]' may be overridden by compile because it
        is connected to generic logic. Use all_connected to see net
        connections. (OPT-461)
Warning: Dont_touch on net '*cell*85/a[19]' may be overridden by compile because it
        is connected to generic logic. Use all_connected to see net
        connections. (OPT-461)
Warning: Dont_touch on net '*cell*85/a[20]' may be overridden by compile because it
        is connected to generic logic. Use all_connected to see net
        connections. (OPT-461)
Warning: Dont_touch on net '*cell*85/a[21]' may be overridden by compile because it
        is connected to generic logic. Use all_connected to see net
        connections. (OPT-461)
Warning: Dont_touch on net '*cell*85/a[22]' may be overridden by compile because it
        is connected to generic logic. Use all_connected to see net
        connections. (OPT-461)
Warning: Dont_touch on net '*cell*85/*Logic0*' may be overridden by compile because it
        is connected to generic logic. Use all_connected to see net
        connections. (OPT-461)
Warning: Dont_touch on net '*cell*89/M_2scompl[0]' may be overridden by compile because it
        is connected to generic logic. Use all_connected to see net
        connections. (OPT-461)
Warning: Dont_touch on net '*cell*89/M_2scompl[1]' may be overridden by compile because it
        is connected to generic logic. Use all_connected to see net
        connections. (OPT-461)
Warning: Dont_touch on net '*cell*89/M_2scompl[2]' may be overridden by compile because it
        is connected to generic logic. Use all_connected to see net
        connections. (OPT-461)
Warning: Dont_touch on net '*cell*89/M_2scompl[3]' may be overridden by compile because it
        is connected to generic logic. Use all_connected to see net
        connections. (OPT-461)
Warning: Dont_touch on net '*cell*89/M_2scompl[4]' may be overridden by compile because it
        is connected to generic logic. Use all_connected to see net
        connections. (OPT-461)
Warning: Dont_touch on net '*cell*89/M_2scompl[5]' may be overridden by compile because it
        is connected to generic logic. Use all_connected to see net
        connections. (OPT-461)
Warning: Dont_touch on net '*cell*89/M_2scompl[6]' may be overridden by compile because it
        is connected to generic logic. Use all_connected to see net
        connections. (OPT-461)
Warning: Dont_touch on net '*cell*89/M_2scompl[7]' may be overridden by compile because it
        is connected to generic logic. Use all_connected to see net
        connections. (OPT-461)
Warning: Dont_touch on net '*cell*89/M_2scompl[8]' may be overridden by compile because it
        is connected to generic logic. Use all_connected to see net
        connections. (OPT-461)
Warning: Dont_touch on net '*cell*89/M_2scompl[9]' may be overridden by compile because it
        is connected to generic logic. Use all_connected to see net
        connections. (OPT-461)
Warning: Dont_touch on net '*cell*89/M_2scompl[10]' may be overridden by compile because it
        is connected to generic logic. Use all_connected to see net
        connections. (OPT-461)
Warning: Dont_touch on net '*cell*89/M_2scompl[11]' may be overridden by compile because it
        is connected to generic logic. Use all_connected to see net
        connections. (OPT-461)
Warning: Dont_touch on net '*cell*89/M_2scompl[12]' may be overridden by compile because it
        is connected to generic logic. Use all_connected to see net
        connections. (OPT-461)
Warning: Dont_touch on net '*cell*89/M_2scompl[13]' may be overridden by compile because it
        is connected to generic logic. Use all_connected to see net
        connections. (OPT-461)
Warning: Dont_touch on net '*cell*89/M_2scompl[14]' may be overridden by compile because it
        is connected to generic logic. Use all_connected to see net
        connections. (OPT-461)
Warning: Dont_touch on net '*cell*89/M_2scompl[15]' may be overridden by compile because it
        is connected to generic logic. Use all_connected to see net
        connections. (OPT-461)
Warning: Dont_touch on net '*cell*89/M_2scompl[16]' may be overridden by compile because it
        is connected to generic logic. Use all_connected to see net
        connections. (OPT-461)
Warning: Dont_touch on net '*cell*89/M_2scompl[17]' may be overridden by compile because it
        is connected to generic logic. Use all_connected to see net
        connections. (OPT-461)
Warning: Dont_touch on net '*cell*89/M_2scompl[18]' may be overridden by compile because it
        is connected to generic logic. Use all_connected to see net
        connections. (OPT-461)
Warning: Dont_touch on net '*cell*89/M_2scompl[19]' may be overridden by compile because it
        is connected to generic logic. Use all_connected to see net
        connections. (OPT-461)
Warning: Dont_touch on net '*cell*89/M_2scompl[20]' may be overridden by compile because it
        is connected to generic logic. Use all_connected to see net
        connections. (OPT-461)
Warning: Dont_touch on net '*cell*89/M_2scompl[21]' may be overridden by compile because it
        is connected to generic logic. Use all_connected to see net
        connections. (OPT-461)
Warning: Dont_touch on net '*cell*89/M_2scompl[22]' may be overridden by compile because it
        is connected to generic logic. Use all_connected to see net
        connections. (OPT-461)
Warning: Dont_touch on net '*cell*89/M_2scompl[23]' may be overridden by compile because it
        is connected to generic logic. Use all_connected to see net
        connections. (OPT-461)
Warning: Dont_touch on net '*cell*89/M_2scompl[24]' may be overridden by compile because it
        is connected to generic logic. Use all_connected to see net
        connections. (OPT-461)
Warning: Dont_touch on net '*cell*89/a[0]' may be overridden by compile because it
        is connected to generic logic. Use all_connected to see net
        connections. (OPT-461)
Warning: Dont_touch on net '*cell*89/a[1]' may be overridden by compile because it
        is connected to generic logic. Use all_connected to see net
        connections. (OPT-461)
Warning: Dont_touch on net '*cell*89/a[2]' may be overridden by compile because it
        is connected to generic logic. Use all_connected to see net
        connections. (OPT-461)
Warning: Dont_touch on net '*cell*89/a[3]' may be overridden by compile because it
        is connected to generic logic. Use all_connected to see net
        connections. (OPT-461)
Warning: Dont_touch on net '*cell*89/a[4]' may be overridden by compile because it
        is connected to generic logic. Use all_connected to see net
        connections. (OPT-461)
Warning: Dont_touch on net '*cell*89/a[5]' may be overridden by compile because it
        is connected to generic logic. Use all_connected to see net
        connections. (OPT-461)
Warning: Dont_touch on net '*cell*89/a[6]' may be overridden by compile because it
        is connected to generic logic. Use all_connected to see net
        connections. (OPT-461)
Warning: Dont_touch on net '*cell*89/a[7]' may be overridden by compile because it
        is connected to generic logic. Use all_connected to see net
        connections. (OPT-461)
Warning: Dont_touch on net '*cell*89/a[8]' may be overridden by compile because it
        is connected to generic logic. Use all_connected to see net
        connections. (OPT-461)
Warning: Dont_touch on net '*cell*89/a[9]' may be overridden by compile because it
        is connected to generic logic. Use all_connected to see net
        connections. (OPT-461)
Warning: Dont_touch on net '*cell*89/a[10]' may be overridden by compile because it
        is connected to generic logic. Use all_connected to see net
        connections. (OPT-461)
Warning: Dont_touch on net '*cell*89/a[11]' may be overridden by compile because it
        is connected to generic logic. Use all_connected to see net
        connections. (OPT-461)
Warning: Dont_touch on net '*cell*89/a[12]' may be overridden by compile because it
        is connected to generic logic. Use all_connected to see net
        connections. (OPT-461)
Warning: Dont_touch on net '*cell*89/a[13]' may be overridden by compile because it
        is connected to generic logic. Use all_connected to see net
        connections. (OPT-461)
Warning: Dont_touch on net '*cell*89/a[14]' may be overridden by compile because it
        is connected to generic logic. Use all_connected to see net
        connections. (OPT-461)
Warning: Dont_touch on net '*cell*89/a[15]' may be overridden by compile because it
        is connected to generic logic. Use all_connected to see net
        connections. (OPT-461)
Warning: Dont_touch on net '*cell*89/a[16]' may be overridden by compile because it
        is connected to generic logic. Use all_connected to see net
        connections. (OPT-461)
Warning: Dont_touch on net '*cell*89/a[17]' may be overridden by compile because it
        is connected to generic logic. Use all_connected to see net
        connections. (OPT-461)
Warning: Dont_touch on net '*cell*89/a[18]' may be overridden by compile because it
        is connected to generic logic. Use all_connected to see net
        connections. (OPT-461)
Warning: Dont_touch on net '*cell*89/a[19]' may be overridden by compile because it
        is connected to generic logic. Use all_connected to see net
        connections. (OPT-461)
Warning: Dont_touch on net '*cell*89/a[20]' may be overridden by compile because it
        is connected to generic logic. Use all_connected to see net
        connections. (OPT-461)
Warning: Dont_touch on net '*cell*89/a[21]' may be overridden by compile because it
        is connected to generic logic. Use all_connected to see net
        connections. (OPT-461)
Warning: Dont_touch on net '*cell*89/a[22]' may be overridden by compile because it
        is connected to generic logic. Use all_connected to see net
        connections. (OPT-461)
Warning: Dont_touch on net '*cell*89/*Logic0*' may be overridden by compile because it
        is connected to generic logic. Use all_connected to see net
        connections. (OPT-461)
Warning: Dont_touch on net '*cell*91/N96' may be overridden by compile because it
        is connected to generic logic. Use all_connected to see net
        connections. (OPT-461)
Warning: Dont_touch on net '*cell*91/N95' may be overridden by compile because it
        is connected to generic logic. Use all_connected to see net
        connections. (OPT-461)
Warning: Dont_touch on net '*cell*91/N94' may be overridden by compile because it
        is connected to generic logic. Use all_connected to see net
        connections. (OPT-461)
Warning: Dont_touch on net '*cell*91/N93' may be overridden by compile because it
        is connected to generic logic. Use all_connected to see net
        connections. (OPT-461)
Warning: Dont_touch on net '*cell*91/N92' may be overridden by compile because it
        is connected to generic logic. Use all_connected to see net
        connections. (OPT-461)
Warning: Dont_touch on net '*cell*91/N91' may be overridden by compile because it
        is connected to generic logic. Use all_connected to see net
        connections. (OPT-461)
Warning: Dont_touch on net '*cell*91/N90' may be overridden by compile because it
        is connected to generic logic. Use all_connected to see net
        connections. (OPT-461)
Warning: Dont_touch on net '*cell*91/N89' may be overridden by compile because it
        is connected to generic logic. Use all_connected to see net
        connections. (OPT-461)
Warning: Dont_touch on net '*cell*91/*Logic0*' may be overridden by compile because it
        is connected to generic logic. Use all_connected to see net
        connections. (OPT-461)
Warning: Dont_touch on net '*cell*93/N104' may be overridden by compile because it
        is connected to generic logic. Use all_connected to see net
        connections. (OPT-461)
Warning: Dont_touch on net '*cell*93/N103' may be overridden by compile because it
        is connected to generic logic. Use all_connected to see net
        connections. (OPT-461)
Warning: Dont_touch on net '*cell*93/N102' may be overridden by compile because it
        is connected to generic logic. Use all_connected to see net
        connections. (OPT-461)
Warning: Dont_touch on net '*cell*93/N101' may be overridden by compile because it
        is connected to generic logic. Use all_connected to see net
        connections. (OPT-461)
Warning: Dont_touch on net '*cell*93/N100' may be overridden by compile because it
        is connected to generic logic. Use all_connected to see net
        connections. (OPT-461)
Warning: Dont_touch on net '*cell*93/N99' may be overridden by compile because it
        is connected to generic logic. Use all_connected to see net
        connections. (OPT-461)
Warning: Dont_touch on net '*cell*93/N98' may be overridden by compile because it
        is connected to generic logic. Use all_connected to see net
        connections. (OPT-461)
Warning: Dont_touch on net '*cell*93/N97' may be overridden by compile because it
        is connected to generic logic. Use all_connected to see net
        connections. (OPT-461)
Warning: Dont_touch on net '*cell*93/N96' may be overridden by compile because it
        is connected to generic logic. Use all_connected to see net
        connections. (OPT-461)
Warning: Dont_touch on net '*cell*93/*Logic0*' may be overridden by compile because it
        is connected to generic logic. Use all_connected to see net
        connections. (OPT-461)
Warning: Dont_touch on net '*cell*95/*Logic0*' may be overridden by compile because it
        is connected to generic logic. Use all_connected to see net
        connections. (OPT-461)
  Allocating blocks in 'DW_ifp_fp_conv_sig_widthi51_exp_widthi10_sig_width23_exp_width8_use_denormal0'
Information: Changed wire load model for 'alt1' from '(none)' to 'G5K'. (OPT-170)
Information: Changed wire load model for 'apparch' from '(none)' to 'G5K'. (OPT-170)
Information: Changed wire load model for 'alt1' from '(none)' to 'G5K'. (OPT-170)
Information: Changed wire load model for 'apparch' from '(none)' to 'G5K'. (OPT-170)
Information: Changed wire load model for 'alt1' from '(none)' to 'G5K'. (OPT-170)
Information: Changed wire load model for 'astr' from '(none)' to 'G5K'. (OPT-170)
  Allocating blocks in 'DW_lzd_a_width52'
  Allocating blocks in 'DW_lzod_a_width52_detect_10'
Information: Changed wire load model for 'alt1' from '(none)' to 'G5K'. (OPT-170)
Information: Changed wire load model for 'astr' from '(none)' to 'G5K'. (OPT-170)
Information: Changed wire load model for 'alt1' from '(none)' to 'G5K'. (OPT-170)
Information: Changed wire load model for 'apparch' from '(none)' to 'G5K'. (OPT-170)
Information: Changed wire load model for 'alt1' from '(none)' to 'G5K'. (OPT-170)
Information: Changed wire load model for 'apparch' from '(none)' to 'G5K'. (OPT-170)
  Allocating blocks in 'DW_ifp_addsub_sig_widthi28_exp_widthi9_sig_widtho51_exp_widtho10_use_denormal0_use_1scmpl0'
Information: Changed wire load model for 'alt1' from '(none)' to 'G5K'. (OPT-170)
Information: Changed wire load model for 'astr' from '(none)' to 'G5K'. (OPT-170)
Information: Changed wire load model for 'alt1' from '(none)' to 'G5K'. (OPT-170)
Information: Changed wire load model for 'astr' from '(none)' to 'G5K'. (OPT-170)
Information: Changed wire load model for 'alt1' from '(none)' to 'G5K'. (OPT-170)
Information: Changed wire load model for 'apparch' from '(none)' to 'G5K'. (OPT-170)
Information: Changed wire load model for 'alt1' from '(none)' to 'G5K'. (OPT-170)
Information: Changed wire load model for 'apparch' from '(none)' to 'G5K'. (OPT-170)
Information: Changed wire load model for 'alt1' from '(none)' to 'G5K'. (OPT-170)
Information: Changed wire load model for 'astr' from '(none)' to 'G5K'. (OPT-170)
  Allocating blocks in 'DW_ifp_addsub_sig_widthi25_exp_widthi8_sig_widtho28_exp_widtho9_use_denormal0_use_1scmpl0'
Information: Changed wire load model for 'alt1' from '(none)' to 'G5K'. (OPT-170)
Information: Changed wire load model for 'astr' from '(none)' to 'G5K'. (OPT-170)
Information: Changed wire load model for 'alt1' from '(none)' to 'G5K'. (OPT-170)
Information: Changed wire load model for 'astr' from '(none)' to 'G5K'. (OPT-170)
Information: Changed wire load model for 'alt1' from '(none)' to 'G5K'. (OPT-170)
Information: Changed wire load model for 'apparch' from '(none)' to 'G5K'. (OPT-170)
Information: Changed wire load model for 'alt1' from '(none)' to 'G5K'. (OPT-170)
Information: Changed wire load model for 'apparch' from '(none)' to 'G5K'. (OPT-170)
Information: Changed wire load model for 'alt1' from '(none)' to 'G5K'. (OPT-170)
Information: Changed wire load model for 'astr' from '(none)' to 'G5K'. (OPT-170)
  Allocating blocks in 'DW_fp_ifp_conv_sig_widthi23_exp_widthi8_sig_widtho28_exp_widtho9_use_denormal0_use_1scmpl0'
  Allocating blocks in 'DW_fp_ifp_conv_sig_widthi23_exp_widthi8_sig_widtho25_exp_widtho8_use_denormal0_use_1scmpl0'
Information: Changed wire load model for 'alt1' from '(none)' to 'G5K'. (OPT-170)
Information: Changed wire load model for 'astr' from '(none)' to 'G5K'. (OPT-170)
Information: Changed wire load model for 'alt1' from '(none)' to 'G5K'. (OPT-170)
Information: Changed wire load model for 'apparch' from '(none)' to 'G5K'. (OPT-170)
Information: Changed wire load model for 'alt1' from '(none)' to 'G5K'. (OPT-170)
Information: Changed wire load model for 'apparch' from '(none)' to 'G5K'. (OPT-170)
Information: Changed wire load model for 'alt1' from '(none)' to 'G5K'. (OPT-170)
Information: Changed wire load model for 'apparch' from '(none)' to 'G5K'. (OPT-170)
  Allocating blocks in 'DW_lzd_a_width53'
  Allocating blocks in 'DW_lzod_a_width53_detect_10'
Information: Changed wire load model for 'alt1' from '(none)' to 'G5K'. (OPT-170)
Information: Changed wire load model for 'apparch' from '(none)' to 'G5K'. (OPT-170)
Information: Changed wire load model for 'alt1' from '(none)' to 'G5K'. (OPT-170)
Information: Changed wire load model for 'apparch' from '(none)' to 'G5K'. (OPT-170)
Information: Changed wire load model for 'alt1' from '(none)' to 'G5K'. (OPT-170)
Information: Changed wire load model for 'astr' from '(none)' to 'G5K'. (OPT-170)
Information: Changed wire load model for 'alt1' from '(none)' to 'G5K'. (OPT-170)
Information: Changed wire load model for 'astr' from '(none)' to 'G5K'. (OPT-170)
Information: Changed wire load model for 'alt1' from '(none)' to 'G5K'. (OPT-170)
Information: Changed wire load model for 'apparch' from '(none)' to 'G5K'. (OPT-170)
Information: Changed wire load model for 'alt1' from '(none)' to 'G5K'. (OPT-170)
Information: Changed wire load model for 'astr' from '(none)' to 'G5K'. (OPT-170)
Information: Changed wire load model for 'alt1' from '(none)' to 'G5K'. (OPT-170)
Information: Changed wire load model for 'astr' from '(none)' to 'G5K'. (OPT-170)
Information: Changed wire load model for 'alt1' from '(none)' to 'G5K'. (OPT-170)
Information: Changed wire load model for 'astr' from '(none)' to 'G5K'. (OPT-170)
Information: Changed wire load model for 'alt1' from '(none)' to 'G5K'. (OPT-170)
Information: Changed wire load model for 'astr' from '(none)' to 'G5K'. (OPT-170)
Information: Changed wire load model for 'alt1' from '(none)' to 'G5K'. (OPT-170)
Information: Changed wire load model for 'apparch' from '(none)' to 'G5K'. (OPT-170)
Information: Changed wire load model for 'alt1' from '(none)' to 'G5K'. (OPT-170)
Information: Changed wire load model for 'apparch' from '(none)' to 'G5K'. (OPT-170)
Information: Changed wire load model for 'alt1' from '(none)' to 'G5K'. (OPT-170)
Information: Changed wire load model for 'apparch' from '(none)' to 'G5K'. (OPT-170)
Information: Changed wire load model for 'alt1' from '(none)' to 'G5K'. (OPT-170)
Information: Changed wire load model for 'apparch' from '(none)' to 'G5K'. (OPT-170)
  Allocating blocks in 'DW_fp_sum4_sig_width23_exp_width8_ieee_compliance0_arch_type0'
Warning: Dont_touch on net '*cell*95/M_2scompl[0]' may be overridden by compile because it
        is connected to generic logic. Use all_connected to see net
        connections. (OPT-461)
Warning: Dont_touch on net '*cell*95/M_2scompl[1]' may be overridden by compile because it
        is connected to generic logic. Use all_connected to see net
        connections. (OPT-461)
Warning: Dont_touch on net '*cell*95/M_2scompl[2]' may be overridden by compile because it
        is connected to generic logic. Use all_connected to see net
        connections. (OPT-461)
Warning: Dont_touch on net '*cell*95/M_2scompl[3]' may be overridden by compile because it
        is connected to generic logic. Use all_connected to see net
        connections. (OPT-461)
Warning: Dont_touch on net '*cell*95/M_2scompl[4]' may be overridden by compile because it
        is connected to generic logic. Use all_connected to see net
        connections. (OPT-461)
Warning: Dont_touch on net '*cell*95/M_2scompl[5]' may be overridden by compile because it
        is connected to generic logic. Use all_connected to see net
        connections. (OPT-461)
Warning: Dont_touch on net '*cell*95/M_2scompl[6]' may be overridden by compile because it
        is connected to generic logic. Use all_connected to see net
        connections. (OPT-461)
Warning: Dont_touch on net '*cell*95/M_2scompl[7]' may be overridden by compile because it
        is connected to generic logic. Use all_connected to see net
        connections. (OPT-461)
Warning: Dont_touch on net '*cell*95/M_2scompl[8]' may be overridden by compile because it
        is connected to generic logic. Use all_connected to see net
        connections. (OPT-461)
Warning: Dont_touch on net '*cell*95/M_2scompl[9]' may be overridden by compile because it
        is connected to generic logic. Use all_connected to see net
        connections. (OPT-461)
Warning: Dont_touch on net '*cell*95/M_2scompl[10]' may be overridden by compile because it
        is connected to generic logic. Use all_connected to see net
        connections. (OPT-461)
Warning: Dont_touch on net '*cell*95/M_2scompl[11]' may be overridden by compile because it
        is connected to generic logic. Use all_connected to see net
        connections. (OPT-461)
Warning: Dont_touch on net '*cell*95/M_2scompl[12]' may be overridden by compile because it
        is connected to generic logic. Use all_connected to see net
        connections. (OPT-461)
Warning: Dont_touch on net '*cell*95/M_2scompl[13]' may be overridden by compile because it
        is connected to generic logic. Use all_connected to see net
        connections. (OPT-461)
Warning: Dont_touch on net '*cell*95/M_2scompl[14]' may be overridden by compile because it
        is connected to generic logic. Use all_connected to see net
        connections. (OPT-461)
Warning: Dont_touch on net '*cell*95/M_2scompl[15]' may be overridden by compile because it
        is connected to generic logic. Use all_connected to see net
        connections. (OPT-461)
Warning: Dont_touch on net '*cell*95/M_2scompl[16]' may be overridden by compile because it
        is connected to generic logic. Use all_connected to see net
        connections. (OPT-461)
Warning: Dont_touch on net '*cell*95/M_2scompl[17]' may be overridden by compile because it
        is connected to generic logic. Use all_connected to see net
        connections. (OPT-461)
Warning: Dont_touch on net '*cell*95/M_2scompl[18]' may be overridden by compile because it
        is connected to generic logic. Use all_connected to see net
        connections. (OPT-461)
Warning: Dont_touch on net '*cell*95/M_2scompl[19]' may be overridden by compile because it
        is connected to generic logic. Use all_connected to see net
        connections. (OPT-461)
Warning: Dont_touch on net '*cell*95/M_2scompl[20]' may be overridden by compile because it
        is connected to generic logic. Use all_connected to see net
        connections. (OPT-461)
Warning: Dont_touch on net '*cell*95/M_2scompl[21]' may be overridden by compile because it
        is connected to generic logic. Use all_connected to see net
        connections. (OPT-461)
Warning: Dont_touch on net '*cell*95/M_2scompl[22]' may be overridden by compile because it
        is connected to generic logic. Use all_connected to see net
        connections. (OPT-461)
Warning: Dont_touch on net '*cell*95/M_2scompl[23]' may be overridden by compile because it
        is connected to generic logic. Use all_connected to see net
        connections. (OPT-461)
Warning: Dont_touch on net '*cell*95/M_2scompl[24]' may be overridden by compile because it
        is connected to generic logic. Use all_connected to see net
        connections. (OPT-461)
Warning: Dont_touch on net '*cell*95/a[0]' may be overridden by compile because it
        is connected to generic logic. Use all_connected to see net
        connections. (OPT-461)
Warning: Dont_touch on net '*cell*95/a[1]' may be overridden by compile because it
        is connected to generic logic. Use all_connected to see net
        connections. (OPT-461)
Warning: Dont_touch on net '*cell*95/a[2]' may be overridden by compile because it
        is connected to generic logic. Use all_connected to see net
        connections. (OPT-461)
Warning: Dont_touch on net '*cell*95/a[3]' may be overridden by compile because it
        is connected to generic logic. Use all_connected to see net
        connections. (OPT-461)
Warning: Dont_touch on net '*cell*95/a[4]' may be overridden by compile because it
        is connected to generic logic. Use all_connected to see net
        connections. (OPT-461)
Warning: Dont_touch on net '*cell*95/a[5]' may be overridden by compile because it
        is connected to generic logic. Use all_connected to see net
        connections. (OPT-461)
Warning: Dont_touch on net '*cell*95/a[6]' may be overridden by compile because it
        is connected to generic logic. Use all_connected to see net
        connections. (OPT-461)
Warning: Dont_touch on net '*cell*95/a[7]' may be overridden by compile because it
        is connected to generic logic. Use all_connected to see net
        connections. (OPT-461)
Warning: Dont_touch on net '*cell*95/a[8]' may be overridden by compile because it
        is connected to generic logic. Use all_connected to see net
        connections. (OPT-461)
Warning: Dont_touch on net '*cell*95/a[9]' may be overridden by compile because it
        is connected to generic logic. Use all_connected to see net
        connections. (OPT-461)
Warning: Dont_touch on net '*cell*95/a[10]' may be overridden by compile because it
        is connected to generic logic. Use all_connected to see net
        connections. (OPT-461)
Warning: Dont_touch on net '*cell*95/a[11]' may be overridden by compile because it
        is connected to generic logic. Use all_connected to see net
        connections. (OPT-461)
Warning: Dont_touch on net '*cell*95/a[12]' may be overridden by compile because it
        is connected to generic logic. Use all_connected to see net
        connections. (OPT-461)
Warning: Dont_touch on net '*cell*95/a[13]' may be overridden by compile because it
        is connected to generic logic. Use all_connected to see net
        connections. (OPT-461)
Warning: Dont_touch on net '*cell*95/a[14]' may be overridden by compile because it
        is connected to generic logic. Use all_connected to see net
        connections. (OPT-461)
Warning: Dont_touch on net '*cell*95/a[15]' may be overridden by compile because it
        is connected to generic logic. Use all_connected to see net
        connections. (OPT-461)
Warning: Dont_touch on net '*cell*95/a[16]' may be overridden by compile because it
        is connected to generic logic. Use all_connected to see net
        connections. (OPT-461)
Warning: Dont_touch on net '*cell*95/a[17]' may be overridden by compile because it
        is connected to generic logic. Use all_connected to see net
        connections. (OPT-461)
Warning: Dont_touch on net '*cell*95/a[18]' may be overridden by compile because it
        is connected to generic logic. Use all_connected to see net
        connections. (OPT-461)
Warning: Dont_touch on net '*cell*95/a[19]' may be overridden by compile because it
        is connected to generic logic. Use all_connected to see net
        connections. (OPT-461)
Warning: Dont_touch on net '*cell*95/a[20]' may be overridden by compile because it
        is connected to generic logic. Use all_connected to see net
        connections. (OPT-461)
Warning: Dont_touch on net '*cell*95/a[21]' may be overridden by compile because it
        is connected to generic logic. Use all_connected to see net
        connections. (OPT-461)
Warning: Dont_touch on net '*cell*95/a[22]' may be overridden by compile because it
        is connected to generic logic. Use all_connected to see net
        connections. (OPT-461)
Warning: Dont_touch on net '*cell*95/*Logic0*' may be overridden by compile because it
        is connected to generic logic. Use all_connected to see net
        connections. (OPT-461)
Warning: Dont_touch on net '*cell*103/N96' may be overridden by compile because it
        is connected to generic logic. Use all_connected to see net
        connections. (OPT-461)
Warning: Dont_touch on net '*cell*103/N95' may be overridden by compile because it
        is connected to generic logic. Use all_connected to see net
        connections. (OPT-461)
Warning: Dont_touch on net '*cell*103/N94' may be overridden by compile because it
        is connected to generic logic. Use all_connected to see net
        connections. (OPT-461)
Warning: Dont_touch on net '*cell*103/N93' may be overridden by compile because it
        is connected to generic logic. Use all_connected to see net
        connections. (OPT-461)
Warning: Dont_touch on net '*cell*103/N92' may be overridden by compile because it
        is connected to generic logic. Use all_connected to see net
        connections. (OPT-461)
Warning: Dont_touch on net '*cell*103/N91' may be overridden by compile because it
        is connected to generic logic. Use all_connected to see net
        connections. (OPT-461)
Warning: Dont_touch on net '*cell*103/N90' may be overridden by compile because it
        is connected to generic logic. Use all_connected to see net
        connections. (OPT-461)
Warning: Dont_touch on net '*cell*103/N89' may be overridden by compile because it
        is connected to generic logic. Use all_connected to see net
        connections. (OPT-461)
Warning: Dont_touch on net '*cell*103/*Logic0*' may be overridden by compile because it
        is connected to generic logic. Use all_connected to see net
        connections. (OPT-461)
Warning: Dont_touch on net '*cell*107/N104' may be overridden by compile because it
        is connected to generic logic. Use all_connected to see net
        connections. (OPT-461)
Warning: Dont_touch on net '*cell*107/N103' may be overridden by compile because it
        is connected to generic logic. Use all_connected to see net
        connections. (OPT-461)
Warning: Dont_touch on net '*cell*107/N102' may be overridden by compile because it
        is connected to generic logic. Use all_connected to see net
        connections. (OPT-461)
Warning: Dont_touch on net '*cell*107/N101' may be overridden by compile because it
        is connected to generic logic. Use all_connected to see net
        connections. (OPT-461)
Warning: Dont_touch on net '*cell*107/N100' may be overridden by compile because it
        is connected to generic logic. Use all_connected to see net
        connections. (OPT-461)
Warning: Dont_touch on net '*cell*107/N99' may be overridden by compile because it
        is connected to generic logic. Use all_connected to see net
        connections. (OPT-461)
Warning: Dont_touch on net '*cell*107/N98' may be overridden by compile because it
        is connected to generic logic. Use all_connected to see net
        connections. (OPT-461)
Warning: Dont_touch on net '*cell*107/N97' may be overridden by compile because it
        is connected to generic logic. Use all_connected to see net
        connections. (OPT-461)
Warning: Dont_touch on net '*cell*107/N96' may be overridden by compile because it
        is connected to generic logic. Use all_connected to see net
        connections. (OPT-461)
Warning: Dont_touch on net '*cell*107/*Logic0*' may be overridden by compile because it
        is connected to generic logic. Use all_connected to see net
        connections. (OPT-461)
Warning: Dont_touch on net '*cell*109/*Logic0*' may be overridden by compile because it
        is connected to generic logic. Use all_connected to see net
        connections. (OPT-461)
  Allocating blocks in 'DW_lzd_a_width29'
  Allocating blocks in 'DW_lzod_a_width29_detect_10'
  Allocating blocks in 'DW_ifp_fp_conv_sig_widthi51_exp_widthi10_sig_width23_exp_width8_use_denormal0'
Information: Changed wire load model for 'alt1' from '(none)' to 'G5K'. (OPT-170)
Information: Changed wire load model for 'apparch' from '(none)' to 'G5K'. (OPT-170)
Information: Changed wire load model for 'alt1' from '(none)' to 'G5K'. (OPT-170)
Information: Changed wire load model for 'apparch' from '(none)' to 'G5K'. (OPT-170)
Information: Changed wire load model for 'alt1' from '(none)' to 'G5K'. (OPT-170)
Information: Changed wire load model for 'astr' from '(none)' to 'G5K'. (OPT-170)
  Allocating blocks in 'DW_lzd_a_width52'
  Allocating blocks in 'DW_lzod_a_width52_detect_10'
Information: Changed wire load model for 'alt1' from '(none)' to 'G5K'. (OPT-170)
Information: Changed wire load model for 'astr' from '(none)' to 'G5K'. (OPT-170)
Information: Changed wire load model for 'alt1' from '(none)' to 'G5K'. (OPT-170)
Information: Changed wire load model for 'apparch' from '(none)' to 'G5K'. (OPT-170)
Information: Changed wire load model for 'alt1' from '(none)' to 'G5K'. (OPT-170)
Information: Changed wire load model for 'apparch' from '(none)' to 'G5K'. (OPT-170)
  Allocating blocks in 'DW_ifp_addsub_sig_widthi28_exp_widthi9_sig_widtho51_exp_widtho10_use_denormal0_use_1scmpl0'
Information: Changed wire load model for 'alt1' from '(none)' to 'G5K'. (OPT-170)
Information: Changed wire load model for 'astr' from '(none)' to 'G5K'. (OPT-170)
Information: Changed wire load model for 'alt1' from '(none)' to 'G5K'. (OPT-170)
Information: Changed wire load model for 'astr' from '(none)' to 'G5K'. (OPT-170)
Information: Changed wire load model for 'alt1' from '(none)' to 'G5K'. (OPT-170)
Information: Changed wire load model for 'apparch' from '(none)' to 'G5K'. (OPT-170)
Information: Changed wire load model for 'alt1' from '(none)' to 'G5K'. (OPT-170)
Information: Changed wire load model for 'apparch' from '(none)' to 'G5K'. (OPT-170)
Information: Changed wire load model for 'alt1' from '(none)' to 'G5K'. (OPT-170)
Information: Changed wire load model for 'astr' from '(none)' to 'G5K'. (OPT-170)
  Allocating blocks in 'DW_ifp_addsub_sig_widthi25_exp_widthi8_sig_widtho28_exp_widtho9_use_denormal0_use_1scmpl0'
Information: Changed wire load model for 'alt1' from '(none)' to 'G5K'. (OPT-170)
Information: Changed wire load model for 'astr' from '(none)' to 'G5K'. (OPT-170)
Information: Changed wire load model for 'alt1' from '(none)' to 'G5K'. (OPT-170)
Information: Changed wire load model for 'astr' from '(none)' to 'G5K'. (OPT-170)
Information: Changed wire load model for 'alt1' from '(none)' to 'G5K'. (OPT-170)
Information: Changed wire load model for 'apparch' from '(none)' to 'G5K'. (OPT-170)
Information: Changed wire load model for 'alt1' from '(none)' to 'G5K'. (OPT-170)
Information: Changed wire load model for 'apparch' from '(none)' to 'G5K'. (OPT-170)
Information: Changed wire load model for 'alt1' from '(none)' to 'G5K'. (OPT-170)
Information: Changed wire load model for 'astr' from '(none)' to 'G5K'. (OPT-170)
Information: Changed wire load model for 'alt1' from '(none)' to 'G5K'. (OPT-170)
Information: Changed wire load model for 'apparch' from '(none)' to 'G5K'. (OPT-170)
Information: Changed wire load model for 'alt1' from '(none)' to 'G5K'. (OPT-170)
Information: Changed wire load model for 'astr' from '(none)' to 'G5K'. (OPT-170)
  Allocating blocks in 'DW_fp_ifp_conv_sig_widthi23_exp_widthi8_sig_widtho25_exp_widtho8_use_denormal0_use_1scmpl0'
Information: Changed wire load model for 'alt1' from '(none)' to 'G5K'. (OPT-170)
Information: Changed wire load model for 'astr' from '(none)' to 'G5K'. (OPT-170)
  Allocating blocks in 'DW_lzd_a_width53'
  Allocating blocks in 'DW_lzod_a_width53_detect_10'
Information: Changed wire load model for 'alt1' from '(none)' to 'G5K'. (OPT-170)
Information: Changed wire load model for 'astr' from '(none)' to 'G5K'. (OPT-170)
Information: Changed wire load model for 'alt1' from '(none)' to 'G5K'. (OPT-170)
Information: Changed wire load model for 'astr' from '(none)' to 'G5K'. (OPT-170)
Information: Changed wire load model for 'alt1' from '(none)' to 'G5K'. (OPT-170)
Information: Changed wire load model for 'apparch' from '(none)' to 'G5K'. (OPT-170)
Information: Changed wire load model for 'alt1' from '(none)' to 'G5K'. (OPT-170)
Information: Changed wire load model for 'astr' from '(none)' to 'G5K'. (OPT-170)
Information: Changed wire load model for 'alt1' from '(none)' to 'G5K'. (OPT-170)
Information: Changed wire load model for 'astr' from '(none)' to 'G5K'. (OPT-170)
Information: Changed wire load model for 'alt1' from '(none)' to 'G5K'. (OPT-170)
Information: Changed wire load model for 'apparch' from '(none)' to 'G5K'. (OPT-170)
Information: Changed wire load model for 'alt1' from '(none)' to 'G5K'. (OPT-170)
Information: Changed wire load model for 'apparch' from '(none)' to 'G5K'. (OPT-170)
Information: Changed wire load model for 'alt1' from '(none)' to 'G5K'. (OPT-170)
Information: Changed wire load model for 'astr' from '(none)' to 'G5K'. (OPT-170)
Information: Changed wire load model for 'alt1' from '(none)' to 'G5K'. (OPT-170)
Information: Changed wire load model for 'astr' from '(none)' to 'G5K'. (OPT-170)
Information: Changed wire load model for 'alt1' from '(none)' to 'G5K'. (OPT-170)
Information: Changed wire load model for 'apparch' from '(none)' to 'G5K'. (OPT-170)
Information: Changed wire load model for 'alt1' from '(none)' to 'G5K'. (OPT-170)
Information: Changed wire load model for 'apparch' from '(none)' to 'G5K'. (OPT-170)
Information: Changed wire load model for 'alt1' from '(none)' to 'G5K'. (OPT-170)
Information: Changed wire load model for 'apparch' from '(none)' to 'G5K'. (OPT-170)
Information: Changed wire load model for 'alt1' from '(none)' to 'G5K'. (OPT-170)
Information: Changed wire load model for 'apparch' from '(none)' to 'G5K'. (OPT-170)
Information: Changed wire load model for 'alt1' from '(none)' to 'G5K'. (OPT-170)
Information: Changed wire load model for 'apparch' from '(none)' to 'G5K'. (OPT-170)
Information: Changed wire load model for 'alt1' from '(none)' to 'G5K'. (OPT-170)
Information: Changed wire load model for 'apparch' from '(none)' to 'G5K'. (OPT-170)
Information: Changed wire load model for 'alt1' from '(none)' to 'G5K'. (OPT-170)
Information: Changed wire load model for 'apparch' from '(none)' to 'G5K'. (OPT-170)
  Allocating blocks in 'DW_fp_sum4_sig_width23_exp_width8_ieee_compliance0_arch_type0'
Warning: Dont_touch on net '*cell*95/M_2scompl[0]' may be overridden by compile because it
        is connected to generic logic. Use all_connected to see net
        connections. (OPT-461)
Warning: Dont_touch on net '*cell*95/M_2scompl[1]' may be overridden by compile because it
        is connected to generic logic. Use all_connected to see net
        connections. (OPT-461)
Warning: Dont_touch on net '*cell*95/M_2scompl[2]' may be overridden by compile because it
        is connected to generic logic. Use all_connected to see net
        connections. (OPT-461)
Warning: Dont_touch on net '*cell*95/M_2scompl[3]' may be overridden by compile because it
        is connected to generic logic. Use all_connected to see net
        connections. (OPT-461)
Warning: Dont_touch on net '*cell*95/M_2scompl[4]' may be overridden by compile because it
        is connected to generic logic. Use all_connected to see net
        connections. (OPT-461)
Warning: Dont_touch on net '*cell*95/M_2scompl[5]' may be overridden by compile because it
        is connected to generic logic. Use all_connected to see net
        connections. (OPT-461)
Warning: Dont_touch on net '*cell*95/M_2scompl[6]' may be overridden by compile because it
        is connected to generic logic. Use all_connected to see net
        connections. (OPT-461)
Warning: Dont_touch on net '*cell*95/M_2scompl[7]' may be overridden by compile because it
        is connected to generic logic. Use all_connected to see net
        connections. (OPT-461)
Warning: Dont_touch on net '*cell*95/M_2scompl[8]' may be overridden by compile because it
        is connected to generic logic. Use all_connected to see net
        connections. (OPT-461)
Warning: Dont_touch on net '*cell*95/M_2scompl[9]' may be overridden by compile because it
        is connected to generic logic. Use all_connected to see net
        connections. (OPT-461)
Warning: Dont_touch on net '*cell*95/M_2scompl[10]' may be overridden by compile because it
        is connected to generic logic. Use all_connected to see net
        connections. (OPT-461)
Warning: Dont_touch on net '*cell*95/M_2scompl[11]' may be overridden by compile because it
        is connected to generic logic. Use all_connected to see net
        connections. (OPT-461)
Warning: Dont_touch on net '*cell*95/M_2scompl[12]' may be overridden by compile because it
        is connected to generic logic. Use all_connected to see net
        connections. (OPT-461)
Warning: Dont_touch on net '*cell*95/M_2scompl[13]' may be overridden by compile because it
        is connected to generic logic. Use all_connected to see net
        connections. (OPT-461)
Warning: Dont_touch on net '*cell*95/M_2scompl[14]' may be overridden by compile because it
        is connected to generic logic. Use all_connected to see net
        connections. (OPT-461)
Warning: Dont_touch on net '*cell*95/M_2scompl[15]' may be overridden by compile because it
        is connected to generic logic. Use all_connected to see net
        connections. (OPT-461)
Warning: Dont_touch on net '*cell*95/M_2scompl[16]' may be overridden by compile because it
        is connected to generic logic. Use all_connected to see net
        connections. (OPT-461)
Warning: Dont_touch on net '*cell*95/M_2scompl[17]' may be overridden by compile because it
        is connected to generic logic. Use all_connected to see net
        connections. (OPT-461)
Warning: Dont_touch on net '*cell*95/M_2scompl[18]' may be overridden by compile because it
        is connected to generic logic. Use all_connected to see net
        connections. (OPT-461)
Warning: Dont_touch on net '*cell*95/M_2scompl[19]' may be overridden by compile because it
        is connected to generic logic. Use all_connected to see net
        connections. (OPT-461)
Warning: Dont_touch on net '*cell*95/M_2scompl[20]' may be overridden by compile because it
        is connected to generic logic. Use all_connected to see net
        connections. (OPT-461)
Warning: Dont_touch on net '*cell*95/M_2scompl[21]' may be overridden by compile because it
        is connected to generic logic. Use all_connected to see net
        connections. (OPT-461)
Warning: Dont_touch on net '*cell*95/M_2scompl[22]' may be overridden by compile because it
        is connected to generic logic. Use all_connected to see net
        connections. (OPT-461)
Warning: Dont_touch on net '*cell*95/M_2scompl[23]' may be overridden by compile because it
        is connected to generic logic. Use all_connected to see net
        connections. (OPT-461)
Warning: Dont_touch on net '*cell*95/M_2scompl[24]' may be overridden by compile because it
        is connected to generic logic. Use all_connected to see net
        connections. (OPT-461)
Warning: Dont_touch on net '*cell*95/a[0]' may be overridden by compile because it
        is connected to generic logic. Use all_connected to see net
        connections. (OPT-461)
Warning: Dont_touch on net '*cell*95/a[1]' may be overridden by compile because it
        is connected to generic logic. Use all_connected to see net
        connections. (OPT-461)
Warning: Dont_touch on net '*cell*95/a[2]' may be overridden by compile because it
        is connected to generic logic. Use all_connected to see net
        connections. (OPT-461)
Warning: Dont_touch on net '*cell*95/a[3]' may be overridden by compile because it
        is connected to generic logic. Use all_connected to see net
        connections. (OPT-461)
Warning: Dont_touch on net '*cell*95/a[4]' may be overridden by compile because it
        is connected to generic logic. Use all_connected to see net
        connections. (OPT-461)
Warning: Dont_touch on net '*cell*95/a[5]' may be overridden by compile because it
        is connected to generic logic. Use all_connected to see net
        connections. (OPT-461)
Warning: Dont_touch on net '*cell*95/a[6]' may be overridden by compile because it
        is connected to generic logic. Use all_connected to see net
        connections. (OPT-461)
Warning: Dont_touch on net '*cell*95/a[7]' may be overridden by compile because it
        is connected to generic logic. Use all_connected to see net
        connections. (OPT-461)
Warning: Dont_touch on net '*cell*95/a[8]' may be overridden by compile because it
        is connected to generic logic. Use all_connected to see net
        connections. (OPT-461)
Warning: Dont_touch on net '*cell*95/a[9]' may be overridden by compile because it
        is connected to generic logic. Use all_connected to see net
        connections. (OPT-461)
Warning: Dont_touch on net '*cell*95/a[10]' may be overridden by compile because it
        is connected to generic logic. Use all_connected to see net
        connections. (OPT-461)
Warning: Dont_touch on net '*cell*95/a[11]' may be overridden by compile because it
        is connected to generic logic. Use all_connected to see net
        connections. (OPT-461)
Warning: Dont_touch on net '*cell*95/a[12]' may be overridden by compile because it
        is connected to generic logic. Use all_connected to see net
        connections. (OPT-461)
Warning: Dont_touch on net '*cell*95/a[13]' may be overridden by compile because it
        is connected to generic logic. Use all_connected to see net
        connections. (OPT-461)
Warning: Dont_touch on net '*cell*95/a[14]' may be overridden by compile because it
        is connected to generic logic. Use all_connected to see net
        connections. (OPT-461)
Warning: Dont_touch on net '*cell*95/a[15]' may be overridden by compile because it
        is connected to generic logic. Use all_connected to see net
        connections. (OPT-461)
Warning: Dont_touch on net '*cell*95/a[16]' may be overridden by compile because it
        is connected to generic logic. Use all_connected to see net
        connections. (OPT-461)
Warning: Dont_touch on net '*cell*95/a[17]' may be overridden by compile because it
        is connected to generic logic. Use all_connected to see net
        connections. (OPT-461)
Warning: Dont_touch on net '*cell*95/a[18]' may be overridden by compile because it
        is connected to generic logic. Use all_connected to see net
        connections. (OPT-461)
Warning: Dont_touch on net '*cell*95/a[19]' may be overridden by compile because it
        is connected to generic logic. Use all_connected to see net
        connections. (OPT-461)
Warning: Dont_touch on net '*cell*95/a[20]' may be overridden by compile because it
        is connected to generic logic. Use all_connected to see net
        connections. (OPT-461)
Warning: Dont_touch on net '*cell*95/a[21]' may be overridden by compile because it
        is connected to generic logic. Use all_connected to see net
        connections. (OPT-461)
Warning: Dont_touch on net '*cell*95/a[22]' may be overridden by compile because it
        is connected to generic logic. Use all_connected to see net
        connections. (OPT-461)
Warning: Dont_touch on net '*cell*95/*Logic0*' may be overridden by compile because it
        is connected to generic logic. Use all_connected to see net
        connections. (OPT-461)
Warning: Dont_touch on net '*cell*103/N96' may be overridden by compile because it
        is connected to generic logic. Use all_connected to see net
        connections. (OPT-461)
Warning: Dont_touch on net '*cell*103/N95' may be overridden by compile because it
        is connected to generic logic. Use all_connected to see net
        connections. (OPT-461)
Warning: Dont_touch on net '*cell*103/N94' may be overridden by compile because it
        is connected to generic logic. Use all_connected to see net
        connections. (OPT-461)
Warning: Dont_touch on net '*cell*103/N93' may be overridden by compile because it
        is connected to generic logic. Use all_connected to see net
        connections. (OPT-461)
Warning: Dont_touch on net '*cell*103/N92' may be overridden by compile because it
        is connected to generic logic. Use all_connected to see net
        connections. (OPT-461)
Warning: Dont_touch on net '*cell*103/N91' may be overridden by compile because it
        is connected to generic logic. Use all_connected to see net
        connections. (OPT-461)
Warning: Dont_touch on net '*cell*103/N90' may be overridden by compile because it
        is connected to generic logic. Use all_connected to see net
        connections. (OPT-461)
Warning: Dont_touch on net '*cell*103/N89' may be overridden by compile because it
        is connected to generic logic. Use all_connected to see net
        connections. (OPT-461)
Warning: Dont_touch on net '*cell*103/*Logic0*' may be overridden by compile because it
        is connected to generic logic. Use all_connected to see net
        connections. (OPT-461)
Warning: Dont_touch on net '*cell*107/N104' may be overridden by compile because it
        is connected to generic logic. Use all_connected to see net
        connections. (OPT-461)
Warning: Dont_touch on net '*cell*107/N103' may be overridden by compile because it
        is connected to generic logic. Use all_connected to see net
        connections. (OPT-461)
Warning: Dont_touch on net '*cell*107/N102' may be overridden by compile because it
        is connected to generic logic. Use all_connected to see net
        connections. (OPT-461)
Warning: Dont_touch on net '*cell*107/N101' may be overridden by compile because it
        is connected to generic logic. Use all_connected to see net
        connections. (OPT-461)
Warning: Dont_touch on net '*cell*107/N100' may be overridden by compile because it
        is connected to generic logic. Use all_connected to see net
        connections. (OPT-461)
Warning: Dont_touch on net '*cell*107/N99' may be overridden by compile because it
        is connected to generic logic. Use all_connected to see net
        connections. (OPT-461)
Warning: Dont_touch on net '*cell*107/N98' may be overridden by compile because it
        is connected to generic logic. Use all_connected to see net
        connections. (OPT-461)
Warning: Dont_touch on net '*cell*107/N97' may be overridden by compile because it
        is connected to generic logic. Use all_connected to see net
        connections. (OPT-461)
Warning: Dont_touch on net '*cell*107/N96' may be overridden by compile because it
        is connected to generic logic. Use all_connected to see net
        connections. (OPT-461)
Warning: Dont_touch on net '*cell*107/*Logic0*' may be overridden by compile because it
        is connected to generic logic. Use all_connected to see net
        connections. (OPT-461)
Warning: Dont_touch on net '*cell*109/*Logic0*' may be overridden by compile because it
        is connected to generic logic. Use all_connected to see net
        connections. (OPT-461)
  Allocating blocks in 'DW_lzd_a_width29'
  Allocating blocks in 'DW_lzod_a_width29_detect_10'
  Allocating blocks in 'DW_ifp_fp_conv_sig_widthi51_exp_widthi10_sig_width23_exp_width8_use_denormal0'
Information: Changed wire load model for 'alt1' from '(none)' to 'G5K'. (OPT-170)
Information: Changed wire load model for 'apparch' from '(none)' to 'G5K'. (OPT-170)
Information: Changed wire load model for 'alt1' from '(none)' to 'G5K'. (OPT-170)
Information: Changed wire load model for 'apparch' from '(none)' to 'G5K'. (OPT-170)
Information: Changed wire load model for 'alt1' from '(none)' to 'G5K'. (OPT-170)
Information: Changed wire load model for 'astr' from '(none)' to 'G5K'. (OPT-170)
  Allocating blocks in 'DW_lzd_a_width52'
  Allocating blocks in 'DW_lzod_a_width52_detect_10'
Information: Changed wire load model for 'alt1' from '(none)' to 'G5K'. (OPT-170)
Information: Changed wire load model for 'astr' from '(none)' to 'G5K'. (OPT-170)
Information: Changed wire load model for 'alt1' from '(none)' to 'G5K'. (OPT-170)
Information: Changed wire load model for 'apparch' from '(none)' to 'G5K'. (OPT-170)
Information: Changed wire load model for 'alt1' from '(none)' to 'G5K'. (OPT-170)
Information: Changed wire load model for 'apparch' from '(none)' to 'G5K'. (OPT-170)
  Allocating blocks in 'DW_ifp_addsub_sig_widthi28_exp_widthi9_sig_widtho51_exp_widtho10_use_denormal0_use_1scmpl0'
Information: Changed wire load model for 'alt1' from '(none)' to 'G5K'. (OPT-170)
Information: Changed wire load model for 'astr' from '(none)' to 'G5K'. (OPT-170)
Information: Changed wire load model for 'alt1' from '(none)' to 'G5K'. (OPT-170)
Information: Changed wire load model for 'astr' from '(none)' to 'G5K'. (OPT-170)
Information: Changed wire load model for 'alt1' from '(none)' to 'G5K'. (OPT-170)
Information: Changed wire load model for 'apparch' from '(none)' to 'G5K'. (OPT-170)
Information: Changed wire load model for 'alt1' from '(none)' to 'G5K'. (OPT-170)
Information: Changed wire load model for 'apparch' from '(none)' to 'G5K'. (OPT-170)
Information: Changed wire load model for 'alt1' from '(none)' to 'G5K'. (OPT-170)
Information: Changed wire load model for 'astr' from '(none)' to 'G5K'. (OPT-170)
  Allocating blocks in 'DW_ifp_addsub_sig_widthi25_exp_widthi8_sig_widtho28_exp_widtho9_use_denormal0_use_1scmpl0'
Information: Changed wire load model for 'alt1' from '(none)' to 'G5K'. (OPT-170)
Information: Changed wire load model for 'astr' from '(none)' to 'G5K'. (OPT-170)
Information: Changed wire load model for 'alt1' from '(none)' to 'G5K'. (OPT-170)
Information: Changed wire load model for 'astr' from '(none)' to 'G5K'. (OPT-170)
Information: Changed wire load model for 'alt1' from '(none)' to 'G5K'. (OPT-170)
Information: Changed wire load model for 'apparch' from '(none)' to 'G5K'. (OPT-170)
Information: Changed wire load model for 'alt1' from '(none)' to 'G5K'. (OPT-170)
Information: Changed wire load model for 'apparch' from '(none)' to 'G5K'. (OPT-170)
Information: Changed wire load model for 'alt1' from '(none)' to 'G5K'. (OPT-170)
Information: Changed wire load model for 'astr' from '(none)' to 'G5K'. (OPT-170)
Information: Changed wire load model for 'alt1' from '(none)' to 'G5K'. (OPT-170)
Information: Changed wire load model for 'apparch' from '(none)' to 'G5K'. (OPT-170)
Information: Changed wire load model for 'alt1' from '(none)' to 'G5K'. (OPT-170)
Information: Changed wire load model for 'astr' from '(none)' to 'G5K'. (OPT-170)
  Allocating blocks in 'DW_fp_ifp_conv_sig_widthi23_exp_widthi8_sig_widtho25_exp_widtho8_use_denormal0_use_1scmpl0'
Information: Changed wire load model for 'alt1' from '(none)' to 'G5K'. (OPT-170)
Information: Changed wire load model for 'astr' from '(none)' to 'G5K'. (OPT-170)
  Allocating blocks in 'DW_lzd_a_width53'
  Allocating blocks in 'DW_lzod_a_width53_detect_10'
Information: Changed wire load model for 'alt1' from '(none)' to 'G5K'. (OPT-170)
Information: Changed wire load model for 'astr' from '(none)' to 'G5K'. (OPT-170)
Information: Changed wire load model for 'alt1' from '(none)' to 'G5K'. (OPT-170)
Information: Changed wire load model for 'astr' from '(none)' to 'G5K'. (OPT-170)
Information: Changed wire load model for 'alt1' from '(none)' to 'G5K'. (OPT-170)
Information: Changed wire load model for 'apparch' from '(none)' to 'G5K'. (OPT-170)
Information: Changed wire load model for 'alt1' from '(none)' to 'G5K'. (OPT-170)
Information: Changed wire load model for 'astr' from '(none)' to 'G5K'. (OPT-170)
Information: Changed wire load model for 'alt1' from '(none)' to 'G5K'. (OPT-170)
Information: Changed wire load model for 'astr' from '(none)' to 'G5K'. (OPT-170)
Information: Changed wire load model for 'alt1' from '(none)' to 'G5K'. (OPT-170)
Information: Changed wire load model for 'apparch' from '(none)' to 'G5K'. (OPT-170)
Information: Changed wire load model for 'alt1' from '(none)' to 'G5K'. (OPT-170)
Information: Changed wire load model for 'apparch' from '(none)' to 'G5K'. (OPT-170)
Information: Changed wire load model for 'alt1' from '(none)' to 'G5K'. (OPT-170)
Information: Changed wire load model for 'astr' from '(none)' to 'G5K'. (OPT-170)
Information: Changed wire load model for 'alt1' from '(none)' to 'G5K'. (OPT-170)
Information: Changed wire load model for 'astr' from '(none)' to 'G5K'. (OPT-170)
Information: Changed wire load model for 'alt1' from '(none)' to 'G5K'. (OPT-170)
Information: Changed wire load model for 'apparch' from '(none)' to 'G5K'. (OPT-170)
Information: Changed wire load model for 'alt1' from '(none)' to 'G5K'. (OPT-170)
Information: Changed wire load model for 'apparch' from '(none)' to 'G5K'. (OPT-170)
Information: Changed wire load model for 'alt1' from '(none)' to 'G5K'. (OPT-170)
Information: Changed wire load model for 'apparch' from '(none)' to 'G5K'. (OPT-170)
Information: Changed wire load model for 'alt1' from '(none)' to 'G5K'. (OPT-170)
Information: Changed wire load model for 'apparch' from '(none)' to 'G5K'. (OPT-170)
Information: Changed wire load model for 'alt1' from '(none)' to 'G5K'. (OPT-170)
Information: Changed wire load model for 'apparch' from '(none)' to 'G5K'. (OPT-170)
Information: Changed wire load model for 'alt1' from '(none)' to 'G5K'. (OPT-170)
Information: Changed wire load model for 'apparch' from '(none)' to 'G5K'. (OPT-170)
Information: Changed wire load model for 'alt1' from '(none)' to 'G5K'. (OPT-170)
Information: Changed wire load model for 'apparch' from '(none)' to 'G5K'. (OPT-170)
  Allocating blocks in 'DW_fp_exp_sig_width23_exp_width8_ieee_compliance0_arch0'
Information: Changed wire load model for 'alt1' from '(none)' to 'G5K'. (OPT-170)
Information: Changed wire load model for 'astr' from '(none)' to 'G5K'. (OPT-170)
  Allocating blocks in 'DW_exp2_op_width26_arch0_err_range1'
Information: Changed wire load model for 'alt1' from '(none)' to 'G5K'. (OPT-170)
Information: Changed wire load model for 'apparch' from '(none)' to 'G5K'. (OPT-170)
Information: Changed wire load model for 'alt1' from '(none)' to 'G5K'. (OPT-170)
Information: Changed wire load model for 'apparch' from '(none)' to 'G5K'. (OPT-170)
Information: Changed wire load model for 'alt1' from '(none)' to 'G5K'. (OPT-170)
Information: Changed wire load model for 'apparch' from '(none)' to 'G5K'. (OPT-170)
Information: Changed wire load model for 'alt1' from '(none)' to 'G5K'. (OPT-170)
Information: Changed wire load model for 'apparch' from '(none)' to 'G5K'. (OPT-170)
Information: Changed wire load model for 'alt1' from '(none)' to 'G5K'. (OPT-170)
Information: Changed wire load model for 'astr' from '(none)' to 'G5K'. (OPT-170)
Information: Changed wire load model for 'alt1' from '(none)' to 'G5K'. (OPT-170)
Information: Changed wire load model for 'apparch' from '(none)' to 'G5K'. (OPT-170)
Information: Changed wire load model for 'alt1' from '(none)' to 'G5K'. (OPT-170)
Information: Changed wire load model for 'apparch' from '(none)' to 'G5K'. (OPT-170)
  Allocating blocks in 'DW_fp_add_sig_width23_exp_width8_ieee_compliance0'
Warning: Dont_touch on net '*cell*6/*Logic0*' may be overridden by compile because it
        is connected to generic logic. Use all_connected to see net
        connections. (OPT-461)
  Allocating blocks in 'DW_fp_addsub_sig_width23_exp_width8_ieee_compliance0'
Information: Changed wire load model for 'alt1' from '(none)' to 'G5K'. (OPT-170)
Information: Changed wire load model for 'astr' from '(none)' to 'G5K'. (OPT-170)
  Allocating blocks in 'DW_lzd_a_width27'
  Allocating blocks in 'DW_lzod_a_width27_detect_10'
Information: Changed wire load model for 'alt1' from '(none)' to 'G5K'. (OPT-170)
Information: Changed wire load model for 'astr' from '(none)' to 'G5K'. (OPT-170)
Information: Changed wire load model for 'alt1' from '(none)' to 'G5K'. (OPT-170)
Information: Changed wire load model for 'astr' from '(none)' to 'G5K'. (OPT-170)
Information: Changed wire load model for 'alt1' from '(none)' to 'G5K'. (OPT-170)
Information: Changed wire load model for 'apparch' from '(none)' to 'G5K'. (OPT-170)
Information: Changed wire load model for 'alt1' from '(none)' to 'G5K'. (OPT-170)
Information: Changed wire load model for 'apparch' from '(none)' to 'G5K'. (OPT-170)
Information: Changed wire load model for 'alt1' from '(none)' to 'G5K'. (OPT-170)
Information: Changed wire load model for 'astr' from '(none)' to 'G5K'. (OPT-170)
Information: Changed wire load model for 'alt1' from '(none)' to 'G5K'. (OPT-170)
Information: Changed wire load model for 'astr' from '(none)' to 'G5K'. (OPT-170)
  Allocating blocks in 'DW_fp_recip_sig_width23_exp_width8_ieee_compliance0_faithful_round0'
  Allocating blocks in 'DW_lzd_a_width3'
  Allocating blocks in 'DW_lzod_a_width3_detect_10'
Information: Changed wire load model for 'alt1' from '(none)' to 'G5K'. (OPT-170)
Information: Changed wire load model for 'apparch' from '(none)' to 'G5K'. (OPT-170)
Information: Changed wire load model for 'alt1' from '(none)' to 'G5K'. (OPT-170)
Information: Changed wire load model for 'apparch' from '(none)' to 'G5K'. (OPT-170)
Information: Changed wire load model for 'alt1' from '(none)' to 'G5K'. (OPT-170)
Information: Changed wire load model for 'apparch' from '(none)' to 'G5K'. (OPT-170)
Information: Changed wire load model for 'alt1' from '(none)' to 'G5K'. (OPT-170)
Information: Changed wire load model for 'apparch' from '(none)' to 'G5K'. (OPT-170)
Information: Changed wire load model for 'alt1' from '(none)' to 'G5K'. (OPT-170)
Information: Changed wire load model for 'apparch' from '(none)' to 'G5K'. (OPT-170)
Information: Changed wire load model for 'alt1' from '(none)' to 'G5K'. (OPT-170)
Information: Changed wire load model for 'apparch' from '(none)' to 'G5K'. (OPT-170)
Information: Changed wire load model for 'alt1' from '(none)' to 'G5K'. (OPT-170)
Information: Changed wire load model for 'apparch' from '(none)' to 'G5K'. (OPT-170)
  Allocating blocks in 'DW_fp_sub_sig_width23_exp_width8_ieee_compliance0'
Warning: Dont_touch on net '*cell*6/*Logic0*' may be overridden by compile because it
        is connected to generic logic. Use all_connected to see net
        connections. (OPT-461)
  Allocating blocks in 'DW_fp_addsub_sig_width23_exp_width8_ieee_compliance0'
Information: Changed wire load model for 'alt1' from '(none)' to 'G5K'. (OPT-170)
Information: Changed wire load model for 'astr' from '(none)' to 'G5K'. (OPT-170)
  Allocating blocks in 'DW_lzd_a_width27'
  Allocating blocks in 'DW_lzod_a_width27_detect_10'
Information: Changed wire load model for 'alt1' from '(none)' to 'G5K'. (OPT-170)
Information: Changed wire load model for 'astr' from '(none)' to 'G5K'. (OPT-170)
Information: Changed wire load model for 'alt1' from '(none)' to 'G5K'. (OPT-170)
Information: Changed wire load model for 'astr' from '(none)' to 'G5K'. (OPT-170)
Information: Changed wire load model for 'alt1' from '(none)' to 'G5K'. (OPT-170)
Information: Changed wire load model for 'apparch' from '(none)' to 'G5K'. (OPT-170)
Information: Changed wire load model for 'alt1' from '(none)' to 'G5K'. (OPT-170)
Information: Changed wire load model for 'apparch' from '(none)' to 'G5K'. (OPT-170)
Information: Changed wire load model for 'alt1' from '(none)' to 'G5K'. (OPT-170)
Information: Changed wire load model for 'astr' from '(none)' to 'G5K'. (OPT-170)
Information: Changed wire load model for 'alt1' from '(none)' to 'G5K'. (OPT-170)
Information: Changed wire load model for 'astr' from '(none)' to 'G5K'. (OPT-170)
Information: Updating design information... (UID-85)
Warning: Design 'CDNA' contains 28 high-fanout nets. A fanout number of 1000 will be used for delay calculations involving these nets. (TIM-134)
 
****************************************
Report : clock_skew
Design : CDNA
Version: T-2022.03
Date   : Sun Mar 29 20:23:06 2026
****************************************

                 Rise      Fall  Min Rise  Min fall        Uncertainty
Object          Delay     Delay     Delay     Delay     Plus      Minus
--------------------------------------------------------------------------------
clk                 -         -         -         -      0.10      0.10

                 Max Transition      Min Transition
Object           Rise      Fall      Rise      Fall
-------------------------------------------------------
clk              0.10      0.10      0.10      0.10
1
check_timing

Information: Checking generated_clocks...

Information: Checking loops...

Information: Checking no_input_delay...

Information: Checking unconstrained_endpoints...

Information: Checking pulse_clock_cell_type...

Information: Checking no_driving_cell...

Information: Checking partial_input_delay...
1
#======================================================
#  (E) Optimization
#======================================================
check_design > Report/$DESIGN\.check
set_fix_multiple_port_nets -all -buffer_constants [get_designs *]
1
set_fix_hold [all_clocks]
1
compile_ultra
Information: Performing power optimization. (PWR-850)
Alib files are up-to-date.
Information: Running optimization using a maximum of 8 cores. (OPT-1500)
Information: Evaluating DesignWare library utilization. (UISN-27)

============================================================================
| DesignWare Building Block Library  |         Version         | Available |
============================================================================
| Basic DW Building Blocks           | S-2021.06-DWBB_202106.0 |     *     |
| Licensed DW Building Blocks        | S-2021.06-DWBB_202106.0 |     *     |
============================================================================

====================================================================================================
| Flow Information                                                                                 |
----------------------------------------------------------------------------------------------------
| Flow         | Design Compiler NXT WLM                                                           |
| Comand line  | compile_ultra                                                                     |
====================================================================================================
| Design Information                                      | Value                                  |
====================================================================================================
| Number of Scenarios                                     | 0                                      |
| Leaf Cell Count                                         | 30945                                  |
| Number of User Hierarchies                              | 13                                     |
| Sequential Cell Count                                   | 28530                                  |
| Macro Count                                             | 0                                      |
| Number of Power Domains                                 | 0                                      |
| Number of Path Groups                                   | 2                                      |
| Number of VT class                                      | 0                                      |
| Number of Clocks                                        | 1                                      |
| Number of Dont Touch cells                              | 586                                    |
| Number of Dont Touch nets                               | 14                                     |
| Number of size only cells                               | 0                                      |
| Design with UPF Data                                    | false                                  |
----------------------------------------------------------------------------------------------------
| Variables                                               | Value                                  |
----------------------------------------------------------------------------------------------------
| set_fix_multiple_port_nets                              | -all -buffer_constants                 |
====================================================================================================
Information: Sequential output inversion is enabled.  SVF file must be used for formal verification. (OPT-1208)

Information: There are 1303 potential problems in your design. Please run 'check_design' for more information. (LINT-99)

Information: Uniquified 2 instances of design 'Conv2d_IN_WID8'. (OPT-1056)
Information: Uniquified 4 instances of design 'ActFunc'. (OPT-1056)
Information: Uniquified 2 instances of design 'Conv2d_IN_WID4'. (OPT-1056)
  Simplifying Design 'CDNA'

  Loading target library 'fsa0m_a_generic_core_ff1p98vm40c'
  Loading target library 'fsa0m_a_t33_generic_io_ss1p62v125c'
  Loading target library 'fsa0m_a_t33_generic_io_tt1p8v25c'
Loaded alib file './alib-52/fsa0m_a_generic_core_ss1p62v125c.db.alib'
Loaded alib file './alib-52/fsa0m_a_generic_core_ff1p98vm40c.db.alib'
Loaded alib file './alib-52/fsa0m_a_t33_generic_io_ss1p62v125c.db.alib' (placeholder)
Loaded alib file './alib-52/fsa0m_a_t33_generic_io_tt1p8v25c.db.alib' (placeholder)
Warning: Operating condition WCCOM set on design CDNA has different process,
voltage and temperatures parameters than the parameters at which target library 
fsa0m_a_generic_core_ff1p98vm40c is characterized. Delays may be inaccurate as a result. (OPT-998)
  Building model 'DW01_NAND2'
Information: Ungrouping hierarchy u_PreProcess before Pass 1 (OPT-776)
Information: Ungrouping hierarchy u_maxpool0 before Pass 1 (OPT-776)
Information: Ungrouping hierarchy u_Act0 before Pass 1 (OPT-776)
Information: Ungrouping hierarchy u_maxpool1 before Pass 1 (OPT-776)
Information: Ungrouping hierarchy u_UnPool0 before Pass 1 (OPT-776)
Information: Ungrouping hierarchy u_Act3 before Pass 1 (OPT-776)
Information: Ungrouping hierarchy u_Act2 before Pass 1 (OPT-776)
Information: Ungrouping hierarchy u_Act1 before Pass 1 (OPT-776)
Information: Ungrouping 8 of 14 hierarchies before Pass 1 (OPT-775)
Information: State dependent leakage is now switched from on to off.

  Beginning Pass 1 Mapping
  ------------------------
...........................
  Processing 'Conv2d_IN_WID8_0'
Information: In design 'Conv2d_IN_WID8_0', the register 'sr_reg[10][26]' is removed because it is merged to 'p_reg_reg[4][26]'. (OPT-1215)
Information: In design 'Conv2d_IN_WID8_0', the register 'sr_reg[10][27]' is removed because it is merged to 'p_reg_reg[4][27]'. (OPT-1215)
Information: In design 'Conv2d_IN_WID8_0', the register 'sr_reg[10][28]' is removed because it is merged to 'p_reg_reg[4][28]'. (OPT-1215)
Information: In design 'Conv2d_IN_WID8_0', the register 'sr_reg[10][29]' is removed because it is merged to 'p_reg_reg[4][29]'. (OPT-1215)
Information: In design 'Conv2d_IN_WID8_0', the register 'sr_reg[10][30]' is removed because it is merged to 'p_reg_reg[4][30]'. (OPT-1215)
Information: In design 'Conv2d_IN_WID8_0', the register 'sr_reg[10][31]' is removed because it is merged to 'p_reg_reg[4][31]'. (OPT-1215)
Information: In design 'Conv2d_IN_WID8_0', the register 'sr_reg[10][23]' is removed because it is merged to 'p_reg_reg[4][23]'. (OPT-1215)
Information: In design 'Conv2d_IN_WID8_0', the register 'sr_reg[10][24]' is removed because it is merged to 'p_reg_reg[4][24]'. (OPT-1215)
Information: In design 'Conv2d_IN_WID8_0', the register 'sr_reg[10][25]' is removed because it is merged to 'p_reg_reg[4][25]'. (OPT-1215)
Information: In design 'Conv2d_IN_WID8_0', the register 'sr_reg[10][0]' is removed because it is merged to 'p_reg_reg[4][0]'. (OPT-1215)
Information: In design 'Conv2d_IN_WID8_0', the register 'sr_reg[10][1]' is removed because it is merged to 'p_reg_reg[4][1]'. (OPT-1215)
Information: In design 'Conv2d_IN_WID8_0', the register 'sr_reg[10][2]' is removed because it is merged to 'p_reg_reg[4][2]'. (OPT-1215)
Information: In design 'Conv2d_IN_WID8_0', the register 'sr_reg[10][3]' is removed because it is merged to 'p_reg_reg[4][3]'. (OPT-1215)
Information: In design 'Conv2d_IN_WID8_0', the register 'sr_reg[10][4]' is removed because it is merged to 'p_reg_reg[4][4]'. (OPT-1215)
Information: In design 'Conv2d_IN_WID8_0', the register 'sr_reg[10][5]' is removed because it is merged to 'p_reg_reg[4][5]'. (OPT-1215)
Information: In design 'Conv2d_IN_WID8_0', the register 'sr_reg[10][6]' is removed because it is merged to 'p_reg_reg[4][6]'. (OPT-1215)
Information: In design 'Conv2d_IN_WID8_0', the register 'sr_reg[10][7]' is removed because it is merged to 'p_reg_reg[4][7]'. (OPT-1215)
Information: In design 'Conv2d_IN_WID8_0', the register 'sr_reg[10][8]' is removed because it is merged to 'p_reg_reg[4][8]'. (OPT-1215)
Information: In design 'Conv2d_IN_WID8_0', the register 'sr_reg[10][9]' is removed because it is merged to 'p_reg_reg[4][9]'. (OPT-1215)
Information: In design 'Conv2d_IN_WID8_0', the register 'sr_reg[10][10]' is removed because it is merged to 'p_reg_reg[4][10]'. (OPT-1215)
Information: In design 'Conv2d_IN_WID8_0', the register 'sr_reg[10][11]' is removed because it is merged to 'p_reg_reg[4][11]'. (OPT-1215)
Information: In design 'Conv2d_IN_WID8_0', the register 'sr_reg[10][12]' is removed because it is merged to 'p_reg_reg[4][12]'. (OPT-1215)
Information: In design 'Conv2d_IN_WID8_0', the register 'sr_reg[10][13]' is removed because it is merged to 'p_reg_reg[4][13]'. (OPT-1215)
Information: In design 'Conv2d_IN_WID8_0', the register 'sr_reg[10][14]' is removed because it is merged to 'p_reg_reg[4][14]'. (OPT-1215)
Information: In design 'Conv2d_IN_WID8_0', the register 'sr_reg[10][15]' is removed because it is merged to 'p_reg_reg[4][15]'. (OPT-1215)
Information: In design 'Conv2d_IN_WID8_0', the register 'sr_reg[10][16]' is removed because it is merged to 'p_reg_reg[4][16]'. (OPT-1215)
Information: In design 'Conv2d_IN_WID8_0', the register 'sr_reg[10][17]' is removed because it is merged to 'p_reg_reg[4][17]'. (OPT-1215)
Information: In design 'Conv2d_IN_WID8_0', the register 'sr_reg[10][18]' is removed because it is merged to 'p_reg_reg[4][18]'. (OPT-1215)
Information: In design 'Conv2d_IN_WID8_0', the register 'sr_reg[10][19]' is removed because it is merged to 'p_reg_reg[4][19]'. (OPT-1215)
Information: In design 'Conv2d_IN_WID8_0', the register 'sr_reg[10][20]' is removed because it is merged to 'p_reg_reg[4][20]'. (OPT-1215)
Information: In design 'Conv2d_IN_WID8_0', the register 'sr_reg[10][21]' is removed because it is merged to 'p_reg_reg[4][21]'. (OPT-1215)
Information: In design 'Conv2d_IN_WID8_0', the register 'sr_reg[10][22]' is removed because it is merged to 'p_reg_reg[4][22]'. (OPT-1215)
 Implement Synthetic for 'Conv2d_IN_WID8_0'.
  Processing 'Conv2d_IN_WID8_0_DW_fp_sum4_J1_0'
  Processing 'Conv2d_IN_WID8_0_DW_lzd_J1_0'
  Processing 'Conv2d_IN_WID8_0_DW_lzd_J1_1'
  Processing 'Conv2d_IN_WID8_0_DW_fp_sum4_J1_1'
  Processing 'Conv2d_IN_WID8_0_DW_lzd_J1_2'
  Processing 'Conv2d_IN_WID8_0_DW_lzd_J1_3'
  Processing 'Conv2d_IN_WID8_0_DW_fp_sum3_J1_0'
  Processing 'Conv2d_IN_WID8_0_DW_lzd_J1_4'
  Processing 'Conv2d_IN_WID8_0_DW_fp_sum3_J1_1'
  Processing 'Conv2d_IN_WID8_0_DW_lzd_J1_5'
  Processing 'Conv2d_IN_WID8_0_DW_fp_sum3_J1_2'
  Processing 'Conv2d_IN_WID8_0_DW_lzd_J1_6'
  Processing 'Conv2d_IN_WID8_0_DW_fp_sum3_J1_3'
  Processing 'Conv2d_IN_WID8_0_DW_lzd_J1_7'
  Processing 'Conv2d_IN_WID8_0_DW_fp_sum3_J1_4'
  Processing 'Conv2d_IN_WID8_0_DW_lzd_J1_8'
  Processing 'Conv2d_IN_WID8_0_DW_fp_sum3_J1_5'
  Processing 'Conv2d_IN_WID8_0_DW_lzd_J1_9'
  Processing 'Conv2d_IN_WID8_0_DW_fp_mult_J1_0'
  Processing 'Conv2d_IN_WID8_0_DW_lzd_J1_10'
  Processing 'Conv2d_IN_WID8_0_DW_lzd_J1_11'
  Processing 'Conv2d_IN_WID8_0_DW_fp_mult_J1_1'
  Processing 'Conv2d_IN_WID8_0_DW_lzd_J1_12'
  Processing 'Conv2d_IN_WID8_0_DW_lzd_J1_13'
  Processing 'Conv2d_IN_WID8_0_DW_fp_mult_J1_2'
  Processing 'Conv2d_IN_WID8_0_DW_lzd_J1_14'
  Processing 'Conv2d_IN_WID8_0_DW_lzd_J1_15'
  Processing 'Conv2d_IN_WID8_0_DW_fp_mult_J1_3'
  Processing 'Conv2d_IN_WID8_0_DW_lzd_J1_16'
  Processing 'Conv2d_IN_WID8_0_DW_lzd_J1_17'
  Processing 'Conv2d_IN_WID8_0_DW_fp_mult_J1_4'
  Processing 'Conv2d_IN_WID8_0_DW_lzd_J1_18'
  Processing 'Conv2d_IN_WID8_0_DW_lzd_J1_19'
  Processing 'Conv2d_IN_WID8_0_DW_fp_mult_J1_5'
  Processing 'Conv2d_IN_WID8_0_DW_lzd_J1_20'
  Processing 'Conv2d_IN_WID8_0_DW_lzd_J1_21'
  Processing 'Conv2d_IN_WID8_0_DW_fp_mult_J1_6'
  Processing 'Conv2d_IN_WID8_0_DW_lzd_J1_22'
  Processing 'Conv2d_IN_WID8_0_DW_lzd_J1_23'
  Processing 'Conv2d_IN_WID8_0_DW_fp_mult_J1_7'
  Processing 'Conv2d_IN_WID8_0_DW_lzd_J1_24'
  Processing 'Conv2d_IN_WID8_0_DW_lzd_J1_25'
  Processing 'Conv2d_IN_WID8_0_DW_fp_mult_J1_8'
  Processing 'Conv2d_IN_WID8_0_DW_lzd_J1_26'
  Processing 'Conv2d_IN_WID8_0_DW_lzd_J1_27'
  Processing 'Conv2d_IN_WID8_0_DW_fp_mult_J1_9'
  Processing 'Conv2d_IN_WID8_0_DW_lzd_J1_28'
  Processing 'Conv2d_IN_WID8_0_DW_lzd_J1_29'
  Processing 'Conv2d_IN_WID8_0_DW_fp_mult_J1_10'
  Processing 'Conv2d_IN_WID8_0_DW_lzd_J1_30'
  Processing 'Conv2d_IN_WID8_0_DW_lzd_J1_31'
  Processing 'Conv2d_IN_WID8_0_DW_fp_mult_J1_11'
  Processing 'Conv2d_IN_WID8_0_DW_lzd_J1_32'
  Processing 'Conv2d_IN_WID8_0_DW_lzd_J1_33'
  Processing 'Conv2d_IN_WID8_0_DW_fp_mult_J1_12'
  Processing 'Conv2d_IN_WID8_0_DW_lzd_J1_34'
  Processing 'Conv2d_IN_WID8_0_DW_lzd_J1_35'
  Processing 'Conv2d_IN_WID8_0_DW_fp_mult_J1_13'
  Processing 'Conv2d_IN_WID8_0_DW_lzd_J1_36'
  Processing 'Conv2d_IN_WID8_0_DW_lzd_J1_37'
  Processing 'Conv2d_IN_WID8_0_DW_fp_mult_J1_14'
  Processing 'Conv2d_IN_WID8_0_DW_lzd_J1_38'
  Processing 'Conv2d_IN_WID8_0_DW_lzd_J1_39'
  Processing 'Conv2d_IN_WID8_0_DW_fp_mult_J1_15'
  Processing 'Conv2d_IN_WID8_0_DW_lzd_J1_40'
  Processing 'Conv2d_IN_WID8_0_DW_lzd_J1_41'
  Processing 'Conv2d_IN_WID8_0_DW_fp_mult_J1_16'
  Processing 'Conv2d_IN_WID8_0_DW_lzd_J1_42'
  Processing 'Conv2d_IN_WID8_0_DW_lzd_J1_43'
  Processing 'Conv2d_IN_WID8_0_DW_fp_mult_J1_17'
  Processing 'Conv2d_IN_WID8_0_DW_lzd_J1_44'
  Processing 'Conv2d_IN_WID8_0_DW_lzd_J1_45'
Information: Added key list 'DesignWare' to design 'Conv2d_IN_WID8_0'. (DDB-72)
  Processing 'Conv2d_IN_WID4_0'
Information: In design 'Conv2d_IN_WID4_0', the register 'sr_reg[6][29]' is removed because it is merged to 'p_reg_reg[4][29]'. (OPT-1215)
Information: In design 'Conv2d_IN_WID4_0', the register 'sr_reg[6][30]' is removed because it is merged to 'p_reg_reg[4][30]'. (OPT-1215)
Information: In design 'Conv2d_IN_WID4_0', the register 'sr_reg[6][31]' is removed because it is merged to 'p_reg_reg[4][31]'. (OPT-1215)
Information: In design 'Conv2d_IN_WID4_0', the register 'sr_reg[6][0]' is removed because it is merged to 'p_reg_reg[4][0]'. (OPT-1215)
Information: In design 'Conv2d_IN_WID4_0', the register 'sr_reg[6][1]' is removed because it is merged to 'p_reg_reg[4][1]'. (OPT-1215)
Information: In design 'Conv2d_IN_WID4_0', the register 'sr_reg[6][2]' is removed because it is merged to 'p_reg_reg[4][2]'. (OPT-1215)
Information: In design 'Conv2d_IN_WID4_0', the register 'sr_reg[6][3]' is removed because it is merged to 'p_reg_reg[4][3]'. (OPT-1215)
Information: In design 'Conv2d_IN_WID4_0', the register 'sr_reg[6][4]' is removed because it is merged to 'p_reg_reg[4][4]'. (OPT-1215)
Information: In design 'Conv2d_IN_WID4_0', the register 'sr_reg[6][5]' is removed because it is merged to 'p_reg_reg[4][5]'. (OPT-1215)
Information: In design 'Conv2d_IN_WID4_0', the register 'sr_reg[6][6]' is removed because it is merged to 'p_reg_reg[4][6]'. (OPT-1215)
Information: In design 'Conv2d_IN_WID4_0', the register 'sr_reg[6][7]' is removed because it is merged to 'p_reg_reg[4][7]'. (OPT-1215)
Information: In design 'Conv2d_IN_WID4_0', the register 'sr_reg[6][8]' is removed because it is merged to 'p_reg_reg[4][8]'. (OPT-1215)
Information: In design 'Conv2d_IN_WID4_0', the register 'sr_reg[6][9]' is removed because it is merged to 'p_reg_reg[4][9]'. (OPT-1215)
Information: In design 'Conv2d_IN_WID4_0', the register 'sr_reg[6][10]' is removed because it is merged to 'p_reg_reg[4][10]'. (OPT-1215)
Information: In design 'Conv2d_IN_WID4_0', the register 'sr_reg[6][11]' is removed because it is merged to 'p_reg_reg[4][11]'. (OPT-1215)
Information: In design 'Conv2d_IN_WID4_0', the register 'sr_reg[6][12]' is removed because it is merged to 'p_reg_reg[4][12]'. (OPT-1215)
Information: In design 'Conv2d_IN_WID4_0', the register 'sr_reg[6][13]' is removed because it is merged to 'p_reg_reg[4][13]'. (OPT-1215)
Information: In design 'Conv2d_IN_WID4_0', the register 'sr_reg[6][14]' is removed because it is merged to 'p_reg_reg[4][14]'. (OPT-1215)
Information: In design 'Conv2d_IN_WID4_0', the register 'sr_reg[6][15]' is removed because it is merged to 'p_reg_reg[4][15]'. (OPT-1215)
Information: In design 'Conv2d_IN_WID4_0', the register 'sr_reg[6][16]' is removed because it is merged to 'p_reg_reg[4][16]'. (OPT-1215)
Information: In design 'Conv2d_IN_WID4_0', the register 'sr_reg[6][17]' is removed because it is merged to 'p_reg_reg[4][17]'. (OPT-1215)
Information: In design 'Conv2d_IN_WID4_0', the register 'sr_reg[6][18]' is removed because it is merged to 'p_reg_reg[4][18]'. (OPT-1215)
Information: In design 'Conv2d_IN_WID4_0', the register 'sr_reg[6][19]' is removed because it is merged to 'p_reg_reg[4][19]'. (OPT-1215)
Information: In design 'Conv2d_IN_WID4_0', the register 'sr_reg[6][20]' is removed because it is merged to 'p_reg_reg[4][20]'. (OPT-1215)
Information: In design 'Conv2d_IN_WID4_0', the register 'sr_reg[6][21]' is removed because it is merged to 'p_reg_reg[4][21]'. (OPT-1215)
Information: In design 'Conv2d_IN_WID4_0', the register 'sr_reg[6][22]' is removed because it is merged to 'p_reg_reg[4][22]'. (OPT-1215)
Information: In design 'Conv2d_IN_WID4_0', the register 'sr_reg[6][23]' is removed because it is merged to 'p_reg_reg[4][23]'. (OPT-1215)
Information: In design 'Conv2d_IN_WID4_0', the register 'sr_reg[6][24]' is removed because it is merged to 'p_reg_reg[4][24]'. (OPT-1215)
Information: In design 'Conv2d_IN_WID4_0', the register 'sr_reg[6][25]' is removed because it is merged to 'p_reg_reg[4][25]'. (OPT-1215)
Information: In design 'Conv2d_IN_WID4_0', the register 'sr_reg[6][26]' is removed because it is merged to 'p_reg_reg[4][26]'. (OPT-1215)
Information: In design 'Conv2d_IN_WID4_0', the register 'sr_reg[6][27]' is removed because it is merged to 'p_reg_reg[4][27]'. (OPT-1215)
Information: In design 'Conv2d_IN_WID4_0', the register 'sr_reg[6][28]' is removed because it is merged to 'p_reg_reg[4][28]'. (OPT-1215)
 Implement Synthetic for 'Conv2d_IN_WID4_0'.
  Processing 'Conv2d_IN_WID4_0_DW_fp_sum4_J2_0'
  Processing 'Conv2d_IN_WID4_0_DW_lzd_J2_0'
  Processing 'Conv2d_IN_WID4_0_DW_lzd_J2_1'
  Processing 'Conv2d_IN_WID4_0_DW_fp_sum4_J2_1'
  Processing 'Conv2d_IN_WID4_0_DW_lzd_J2_2'
  Processing 'Conv2d_IN_WID4_0_DW_lzd_J2_3'
  Processing 'Conv2d_IN_WID4_0_DW_fp_sum3_J2_0'
  Processing 'Conv2d_IN_WID4_0_DW_lzd_J2_4'
  Processing 'Conv2d_IN_WID4_0_DW_fp_sum3_J2_1'
  Processing 'Conv2d_IN_WID4_0_DW_lzd_J2_5'
  Processing 'Conv2d_IN_WID4_0_DW_fp_sum3_J2_2'
  Processing 'Conv2d_IN_WID4_0_DW_lzd_J2_6'
  Processing 'Conv2d_IN_WID4_0_DW_fp_sum3_J2_3'
  Processing 'Conv2d_IN_WID4_0_DW_lzd_J2_7'
  Processing 'Conv2d_IN_WID4_0_DW_fp_sum3_J2_4'
  Processing 'Conv2d_IN_WID4_0_DW_lzd_J2_8'
  Processing 'Conv2d_IN_WID4_0_DW_fp_sum3_J2_5'
  Processing 'Conv2d_IN_WID4_0_DW_lzd_J2_9'
  Processing 'Conv2d_IN_WID4_0_DW_fp_mult_J2_0'
  Processing 'Conv2d_IN_WID4_0_DW_lzd_J2_10'
  Processing 'Conv2d_IN_WID4_0_DW_lzd_J2_11'
  Processing 'Conv2d_IN_WID4_0_DW_fp_mult_J2_1'
  Processing 'Conv2d_IN_WID4_0_DW_lzd_J2_12'
  Processing 'Conv2d_IN_WID4_0_DW_lzd_J2_13'
  Processing 'Conv2d_IN_WID4_0_DW_fp_mult_J2_2'
  Processing 'Conv2d_IN_WID4_0_DW_lzd_J2_14'
  Processing 'Conv2d_IN_WID4_0_DW_lzd_J2_15'
  Processing 'Conv2d_IN_WID4_0_DW_fp_mult_J2_3'
  Processing 'Conv2d_IN_WID4_0_DW_lzd_J2_16'
  Processing 'Conv2d_IN_WID4_0_DW_lzd_J2_17'
  Processing 'Conv2d_IN_WID4_0_DW_fp_mult_J2_4'
  Processing 'Conv2d_IN_WID4_0_DW_lzd_J2_18'
  Processing 'Conv2d_IN_WID4_0_DW_lzd_J2_19'
  Processing 'Conv2d_IN_WID4_0_DW_fp_mult_J2_5'
  Processing 'Conv2d_IN_WID4_0_DW_lzd_J2_20'
  Processing 'Conv2d_IN_WID4_0_DW_lzd_J2_21'
  Processing 'Conv2d_IN_WID4_0_DW_fp_mult_J2_6'
  Processing 'Conv2d_IN_WID4_0_DW_lzd_J2_22'
  Processing 'Conv2d_IN_WID4_0_DW_lzd_J2_23'
  Processing 'Conv2d_IN_WID4_0_DW_fp_mult_J2_7'
  Processing 'Conv2d_IN_WID4_0_DW_lzd_J2_24'
  Processing 'Conv2d_IN_WID4_0_DW_lzd_J2_25'
  Processing 'Conv2d_IN_WID4_0_DW_fp_mult_J2_8'
  Processing 'Conv2d_IN_WID4_0_DW_lzd_J2_26'
  Processing 'Conv2d_IN_WID4_0_DW_lzd_J2_27'
  Processing 'Conv2d_IN_WID4_0_DW_fp_mult_J2_9'
  Processing 'Conv2d_IN_WID4_0_DW_lzd_J2_28'
  Processing 'Conv2d_IN_WID4_0_DW_lzd_J2_29'
  Processing 'Conv2d_IN_WID4_0_DW_fp_mult_J2_10'
  Processing 'Conv2d_IN_WID4_0_DW_lzd_J2_30'
  Processing 'Conv2d_IN_WID4_0_DW_lzd_J2_31'
  Processing 'Conv2d_IN_WID4_0_DW_fp_mult_J2_11'
  Processing 'Conv2d_IN_WID4_0_DW_lzd_J2_32'
  Processing 'Conv2d_IN_WID4_0_DW_lzd_J2_33'
  Processing 'Conv2d_IN_WID4_0_DW_fp_mult_J2_12'
  Processing 'Conv2d_IN_WID4_0_DW_lzd_J2_34'
  Processing 'Conv2d_IN_WID4_0_DW_lzd_J2_35'
  Processing 'Conv2d_IN_WID4_0_DW_fp_mult_J2_13'
  Processing 'Conv2d_IN_WID4_0_DW_lzd_J2_36'
  Processing 'Conv2d_IN_WID4_0_DW_lzd_J2_37'
  Processing 'Conv2d_IN_WID4_0_DW_fp_mult_J2_14'
  Processing 'Conv2d_IN_WID4_0_DW_lzd_J2_38'
  Processing 'Conv2d_IN_WID4_0_DW_lzd_J2_39'
  Processing 'Conv2d_IN_WID4_0_DW_fp_mult_J2_15'
  Processing 'Conv2d_IN_WID4_0_DW_lzd_J2_40'
  Processing 'Conv2d_IN_WID4_0_DW_lzd_J2_41'
  Processing 'Conv2d_IN_WID4_0_DW_fp_mult_J2_16'
  Processing 'Conv2d_IN_WID4_0_DW_lzd_J2_42'
  Processing 'Conv2d_IN_WID4_0_DW_lzd_J2_43'
  Processing 'Conv2d_IN_WID4_0_DW_fp_mult_J2_17'
  Processing 'Conv2d_IN_WID4_0_DW_lzd_J2_44'
  Processing 'Conv2d_IN_WID4_0_DW_lzd_J2_45'
Information: Added key list 'DesignWare' to design 'Conv2d_IN_WID4_0'. (DDB-72)
  Processing 'CDNA'
Information: Added key list 'DesignWare' to design 'CDNA'. (DDB-72)
 Implement Synthetic for 'CDNA'.
  Processing 'CDNA_DW_fp_exp_J3_0'
  Processing 'CDNA_DW_exp2_J3_0'
  Processing 'CDNA_DW_fp_addsub_J3_0'
  Processing 'CDNA_DW_lzd_J3_0'
  Processing 'CDNA_DW_fp_recip_J3_0'
  Processing 'CDNA_DW_fp_addsub_J3_1'
  Processing 'CDNA_DW_lzd_J3_1_DW_lzd_J3_2'
  Processing 'CDNA_DW_fp_exp_J3_1'
  Processing 'CDNA_DW_exp2_J3_1'
  Processing 'CDNA_DW_fp_addsub_J3_2'
  Processing 'CDNA_DW_lzd_J3_2_DW_lzd_J3_3'
  Processing 'CDNA_DW_fp_recip_J3_1'
  Processing 'CDNA_DW_fp_addsub_J3_3'
  Processing 'CDNA_DW_lzd_J3_3_DW_lzd_J3_5'
  Processing 'CDNA_DW_fp_exp_J3_2'
  Processing 'CDNA_DW_exp2_J3_2'
  Processing 'CDNA_DW_fp_addsub_J3_4'
  Processing 'CDNA_DW_lzd_J3_4_DW_lzd_J3_6'
  Processing 'CDNA_DW_fp_recip_J3_2'
  Processing 'CDNA_DW_fp_addsub_J3_5'
  Processing 'CDNA_DW_lzd_J3_5_DW_lzd_J3_8'
  Processing 'CDNA_DW_fp_cmp_J3_0'
  Processing 'CDNA_DW_fp_exp_J3_3'
  Processing 'CDNA_DW_exp2_J3_3'
  Processing 'CDNA_DW_fp_addsub_J3_6'
  Processing 'CDNA_DW_lzd_J3_6_DW_lzd_J3_9'
  Processing 'CDNA_DW_fp_recip_J3_3'
  Processing 'CDNA_DW_fp_addsub_J3_7'
  Processing 'CDNA_DW_lzd_J3_7_DW_lzd_J3_11'
  Processing 'CDNA_DW_fp_cmp_J3_1'
  Processing 'CDNA_DW_fp_cmp_J3_2'
  Processing 'CDNA_DW_fp_cmp_J3_3'
  Processing 'CDNA_DW_fp_addsub_J3_8'
  Processing 'CDNA_DW_lzd_J3_8_DW_lzd_J3_12'
  Processing 'CDNA_DW_fp_addsub_J3_9'
  Processing 'CDNA_DW_lzd_J3_9_DW_lzd_J3_13'
  Processing 'CDNA_DW_fp_recip_J3_4'
  Processing 'CDNA_DW_fp_mult_J3_0'
  Processing 'CDNA_DW_lzd_J3_10_DW_lzd_J3_15'
  Processing 'CDNA_DW_lzd_J3_11_DW_lzd_J3_16'
Information: The register 'u_Act0/exp_out_reg_reg[31]' is a constant and will be removed. (OPT-1206)
Information: The register 'u_Act3/exp_out_reg_reg[31]' is a constant and will be removed. (OPT-1206)
Information: The register 'u_Act2/exp_out_reg_reg[31]' is a constant and will be removed. (OPT-1206)
Information: The register 'u_Act1/exp_out_reg_reg[31]' is a constant and will be removed. (OPT-1206)
  Processing 'UnPool_IN_WID4'
Information: Added key list 'DesignWare' to design 'UnPool_IN_WID4'. (DDB-72)
 Implement Synthetic for 'UnPool_IN_WID4'.

  Updating timing information
Information: Updating design information... (UID-85)
Information: The library cell 'TIE1' in the library 'fsa0m_a_generic_core_ss1p62v125c' is not characterized for internal power. (PWR-536)
Information: The library cell 'TIE0' in the library 'fsa0m_a_generic_core_ss1p62v125c' is not characterized for internal power. (PWR-536)
Information: The library cell 'BHD1' in the library 'fsa0m_a_generic_core_ss1p62v125c' is not characterized for internal power. (PWR-536)
Information: The target library(s) contains cell(s), other than black boxes, that are not characterized for internal power. (PWR-24)
Information: The register 'u_UnPool1/out_x_reg[3]' is a constant and will be removed. (OPT-1206)
Information: The register 'u_UnPool1/out_y_reg[3]' is a constant and will be removed. (OPT-1206)

  Beginning Mapping Optimizations  (Ultra High effort)
  -------------------------------
Information: The register 'u_maxpool0/cy_reg[3]' will be removed. (OPT-1207)
Information: The register 'u_maxpool0/cy_reg[2]' will be removed. (OPT-1207)
Information: The register 'u_maxpool0/cy_reg[1]' will be removed. (OPT-1207)
Information: The register 'u_maxpool0/cy_reg[4]' will be removed. (OPT-1207)
Information: The register 'u_maxpool1/cy_reg[3]' will be removed. (OPT-1207)
Information: The register 'u_maxpool1/cy_reg[2]' will be removed. (OPT-1207)
Information: The register 'u_maxpool1/cy_reg[1]' will be removed. (OPT-1207)
Information: The register 'u_maxpool1/cy_reg[4]' will be removed. (OPT-1207)
  Mapping Optimization (Phase 1)
  Mapping Optimization (Phase 2)
  Mapping Optimization (Phase 3)
  Mapping Optimization (Phase 4)
  Mapping Optimization (Phase 5)
  Mapping Optimization (Phase 6)
  Mapping Optimization (Phase 7)
  Mapping Optimization (Phase 8)
Information: The register 'u_Conv0/window_out_cnt_reg[8]' is a constant and will be removed. (OPT-1206)
Information: The register 'u_Conv0/window_out_cnt_reg[9]' is a constant and will be removed. (OPT-1206)
Information: The register 'u_Conv0/window_out_cnt_reg[10]' is a constant and will be removed. (OPT-1206)
Information: The register 'u_Conv0/cy_reg[4]' is a constant and will be removed. (OPT-1206)
Information: The register 'u_Conv0/cy_reg[3]' is a constant and will be removed. (OPT-1206)
Information: The register 'u_Conv0/window_out_cnt_d1_reg[8]' is a constant and will be removed. (OPT-1206)
Information: The register 'u_Conv0/window_out_cnt_d2_reg[8]' is a constant and will be removed. (OPT-1206)
Information: The register 'u_Conv0/window_out_cnt_d3_reg[8]' is a constant and will be removed. (OPT-1206)
Information: The register 'u_Conv0/window_out_cnt_d1_reg[9]' is a constant and will be removed. (OPT-1206)
Information: The register 'u_Conv0/window_out_cnt_d2_reg[9]' is a constant and will be removed. (OPT-1206)
Information: The register 'u_Conv0/window_out_cnt_d3_reg[9]' is a constant and will be removed. (OPT-1206)
Information: The register 'u_Conv0/window_out_cnt_d1_reg[10]' is a constant and will be removed. (OPT-1206)
Information: The register 'u_Conv0/window_out_cnt_d2_reg[10]' is a constant and will be removed. (OPT-1206)
Information: The register 'u_Conv0/window_out_cnt_d3_reg[10]' is a constant and will be removed. (OPT-1206)
Information: The register 'u_Conv0/serialize_cnt_reg[9]' is a constant and will be removed. (OPT-1206)
Information: The register 'u_Conv0/serialize_cnt_reg[8]' is a constant and will be removed. (OPT-1206)
Information: The register 'u_Conv0/serialize_cnt_reg[7]' is a constant and will be removed. (OPT-1206)
Information: The register 'u_Conv0/serialize_cnt_reg[10]' is a constant and will be removed. (OPT-1206)
Information: The register 'u_maxpool0/cx_reg[3]' is a constant and will be removed. (OPT-1206)
Information: The register 'u_maxpool0/cx_reg[4]' is a constant and will be removed. (OPT-1206)
Information: The register 'u_Conv1/window_out_cnt_reg[7]' is a constant and will be removed. (OPT-1206)
Information: The register 'u_Conv1/window_out_cnt_reg[8]' is a constant and will be removed. (OPT-1206)
Information: The register 'u_Conv1/window_out_cnt_reg[9]' is a constant and will be removed. (OPT-1206)
Information: The register 'u_Conv1/window_out_cnt_reg[10]' is a constant and will be removed. (OPT-1206)
Information: The register 'u_Conv1/window_out_cnt_d1_reg[9]' is a constant and will be removed. (OPT-1206)
Information: The register 'u_Conv1/window_out_cnt_d2_reg[9]' is a constant and will be removed. (OPT-1206)
Information: The register 'u_Conv1/window_out_cnt_d3_reg[9]' is a constant and will be removed. (OPT-1206)
Information: The register 'u_Conv1/window_out_cnt_d1_reg[8]' is a constant and will be removed. (OPT-1206)
Information: The register 'u_Conv1/window_out_cnt_d2_reg[8]' is a constant and will be removed. (OPT-1206)
Information: The register 'u_Conv1/window_out_cnt_d1_reg[10]' is a constant and will be removed. (OPT-1206)
Information: The register 'u_Conv1/window_out_cnt_d2_reg[10]' is a constant and will be removed. (OPT-1206)
Information: The register 'u_Conv1/window_out_cnt_d3_reg[8]' is a constant and will be removed. (OPT-1206)
Information: The register 'u_Conv1/window_out_cnt_d3_reg[10]' is a constant and will be removed. (OPT-1206)
Information: The register 'u_Conv1/window_out_cnt_reg[6]' is a constant and will be removed. (OPT-1206)
Information: The register 'u_Conv1/window_out_cnt_d1_reg[6]' is a constant and will be removed. (OPT-1206)
Information: The register 'u_Conv1/window_out_cnt_d2_reg[6]' is a constant and will be removed. (OPT-1206)
Information: The register 'u_Conv1/window_out_cnt_d3_reg[6]' is a constant and will be removed. (OPT-1206)
Information: The register 'u_Conv1/window_out_cnt_d1_reg[7]' is a constant and will be removed. (OPT-1206)
Information: The register 'u_Conv1/window_out_cnt_d2_reg[7]' is a constant and will be removed. (OPT-1206)
Information: The register 'u_Conv1/window_out_cnt_d3_reg[7]' is a constant and will be removed. (OPT-1206)
Information: The register 'u_Conv1/serialize_cnt_reg[10]' is a constant and will be removed. (OPT-1206)
Information: The register 'u_Conv1/serialize_cnt_reg[5]' is a constant and will be removed. (OPT-1206)
Information: The register 'u_Conv1/serialize_cnt_reg[6]' is a constant and will be removed. (OPT-1206)
Information: The register 'u_Conv1/serialize_cnt_reg[7]' is a constant and will be removed. (OPT-1206)
Information: The register 'u_Conv1/serialize_cnt_reg[8]' is a constant and will be removed. (OPT-1206)
Information: The register 'u_Conv1/serialize_cnt_reg[9]' is a constant and will be removed. (OPT-1206)
Information: The register 'u_maxpool1/cx_reg[2]' is a constant and will be removed. (OPT-1206)
Information: The register 'u_maxpool1/cx_reg[3]' is a constant and will be removed. (OPT-1206)
Information: The register 'u_maxpool1/cx_reg[4]' is a constant and will be removed. (OPT-1206)
Information: The register 'u_DeConv0/window_out_cnt_reg[7]' is a constant and will be removed. (OPT-1206)
Information: The register 'u_DeConv0/window_out_cnt_reg[8]' is a constant and will be removed. (OPT-1206)
Information: The register 'u_DeConv0/window_out_cnt_reg[9]' is a constant and will be removed. (OPT-1206)
Information: The register 'u_DeConv0/window_out_cnt_reg[10]' is a constant and will be removed. (OPT-1206)
Information: The register 'u_DeConv0/window_out_cnt_d1_reg[9]' is a constant and will be removed. (OPT-1206)
Information: The register 'u_DeConv0/window_out_cnt_d2_reg[9]' is a constant and will be removed. (OPT-1206)
Information: The register 'u_DeConv0/window_out_cnt_d3_reg[9]' is a constant and will be removed. (OPT-1206)
Information: The register 'u_DeConv0/window_out_cnt_d1_reg[8]' is a constant and will be removed. (OPT-1206)
Information: The register 'u_DeConv0/window_out_cnt_d2_reg[8]' is a constant and will be removed. (OPT-1206)
Information: The register 'u_DeConv0/window_out_cnt_d1_reg[10]' is a constant and will be removed. (OPT-1206)
Information: The register 'u_DeConv0/window_out_cnt_d2_reg[10]' is a constant and will be removed. (OPT-1206)
Information: The register 'u_DeConv0/window_out_cnt_d3_reg[10]' is a constant and will be removed. (OPT-1206)
Information: The register 'u_DeConv0/window_out_cnt_d3_reg[8]' is a constant and will be removed. (OPT-1206)
Information: The register 'u_DeConv0/window_out_cnt_reg[6]' is a constant and will be removed. (OPT-1206)
Information: The register 'u_DeConv0/window_out_cnt_d1_reg[6]' is a constant and will be removed. (OPT-1206)
Information: The register 'u_DeConv0/window_out_cnt_d2_reg[6]' is a constant and will be removed. (OPT-1206)
Information: The register 'u_DeConv0/window_out_cnt_d3_reg[6]' is a constant and will be removed. (OPT-1206)
Information: The register 'u_DeConv0/window_out_cnt_d1_reg[7]' is a constant and will be removed. (OPT-1206)
Information: The register 'u_DeConv0/window_out_cnt_d2_reg[7]' is a constant and will be removed. (OPT-1206)
Information: The register 'u_DeConv0/window_out_cnt_d3_reg[7]' is a constant and will be removed. (OPT-1206)
Information: The register 'u_DeConv0/serialize_cnt_reg[10]' is a constant and will be removed. (OPT-1206)
Information: The register 'u_DeConv0/serialize_cnt_reg[5]' is a constant and will be removed. (OPT-1206)
Information: The register 'u_DeConv0/serialize_cnt_reg[6]' is a constant and will be removed. (OPT-1206)
Information: The register 'u_DeConv0/serialize_cnt_reg[7]' is a constant and will be removed. (OPT-1206)
Information: The register 'u_DeConv0/serialize_cnt_reg[8]' is a constant and will be removed. (OPT-1206)
Information: The register 'u_DeConv0/serialize_cnt_reg[9]' is a constant and will be removed. (OPT-1206)
Information: The register 'u_UnPool1/data_in_cnt_reg[6]' is a constant and will be removed. (OPT-1206)
Information: The register 'u_UnPool1/sw_in_cnt_reg[6]' is a constant and will be removed. (OPT-1206)
Information: The register 'u_DeConv1/window_out_cnt_reg[8]' is a constant and will be removed. (OPT-1206)
Information: The register 'u_DeConv1/window_out_cnt_reg[9]' is a constant and will be removed. (OPT-1206)
Information: The register 'u_DeConv1/window_out_cnt_reg[10]' is a constant and will be removed. (OPT-1206)
Information: The register 'u_DeConv1/cy_reg[4]' is a constant and will be removed. (OPT-1206)
Information: The register 'u_DeConv1/cy_reg[3]' is a constant and will be removed. (OPT-1206)
Information: The register 'u_DeConv1/window_out_cnt_d1_reg[8]' is a constant and will be removed. (OPT-1206)
Information: The register 'u_DeConv1/window_out_cnt_d2_reg[8]' is a constant and will be removed. (OPT-1206)
Information: The register 'u_DeConv1/window_out_cnt_d3_reg[8]' is a constant and will be removed. (OPT-1206)
Information: The register 'u_DeConv1/window_out_cnt_d1_reg[9]' is a constant and will be removed. (OPT-1206)
Information: The register 'u_DeConv1/window_out_cnt_d2_reg[9]' is a constant and will be removed. (OPT-1206)
Information: The register 'u_DeConv1/window_out_cnt_d3_reg[9]' is a constant and will be removed. (OPT-1206)
Information: The register 'u_DeConv1/window_out_cnt_d1_reg[10]' is a constant and will be removed. (OPT-1206)
Information: The register 'u_DeConv1/window_out_cnt_d2_reg[10]' is a constant and will be removed. (OPT-1206)
Information: The register 'u_DeConv1/window_out_cnt_d3_reg[10]' is a constant and will be removed. (OPT-1206)
Information: The register 'u_DeConv1/serialize_cnt_reg[9]' is a constant and will be removed. (OPT-1206)
Information: The register 'u_DeConv1/serialize_cnt_reg[8]' is a constant and will be removed. (OPT-1206)
Information: The register 'u_DeConv1/serialize_cnt_reg[7]' is a constant and will be removed. (OPT-1206)
Information: The register 'u_DeConv1/serialize_cnt_reg[10]' is a constant and will be removed. (OPT-1206)
Information: The register 'u_UnPool0/data_in_cnt_reg[6]' is a constant and will be removed. (OPT-1206)
Information: The register 'u_UnPool0/data_in_cnt_reg[4]' is a constant and will be removed. (OPT-1206)
Information: The register 'u_UnPool0/sw_in_cnt_reg[4]' is a constant and will be removed. (OPT-1206)
Information: The register 'u_UnPool0/sw_in_cnt_reg[5]' is a constant and will be removed. (OPT-1206)
Information: The register 'u_UnPool0/sw_in_cnt_reg[6]' is a constant and will be removed. (OPT-1206)
Information: The register 'u_UnPool0/data_in_cnt_reg[5]' is a constant and will be removed. (OPT-1206)

                                  TOTAL                                                            
   ELAPSED            WORST NEG   SETUP    DESIGN                              LEAKAGE   MIN DELAY 
    TIME      AREA      SLACK     COST    RULE COST         ENDPOINT            POWER      COST    
  --------- --------- --------- --------- --------- ------------------------- --------- -----------
    0:11:44 13566247.3     29.91   76191.2 1772241.8                           956917632.0000      0.00  
    0:12:02 13514972.4     31.43   76537.4 1761858.4                           952700608.0000      0.00  

  Beginning Constant Register Removal
  -----------------------------------
    0:12:18 13541867.6     31.30   76372.6 1761713.1                           955794112.0000      0.00  
    0:12:32 13539686.5     31.11   76352.4 1761929.1                           955637376.0000      0.00  

  Beginning Global Optimizations
  ------------------------------
  Numerical Synthesis (Phase 1)
  Numerical Synthesis (Phase 2)
  Global Optimization (Phase 1)
  Global Optimization (Phase 2)
  Global Optimization (Phase 3)
  Global Optimization (Phase 4)
  Global Optimization (Phase 5)
  Global Optimization (Phase 6)
  Global Optimization (Phase 7)
  Global Optimization (Phase 8)
  Global Optimization (Phase 9)
  Global Optimization (Phase 10)
  Global Optimization (Phase 11)
  Global Optimization (Phase 12)
  Global Optimization (Phase 13)
  Global Optimization (Phase 14)
  Global Optimization (Phase 15)
  Global Optimization (Phase 16)
  Global Optimization (Phase 17)
  Global Optimization (Phase 18)
  Global Optimization (Phase 19)
  Global Optimization (Phase 20)
  Global Optimization (Phase 21)
  Global Optimization (Phase 22)
  Global Optimization (Phase 23)
  Global Optimization (Phase 24)
  Global Optimization (Phase 25)
  Global Optimization (Phase 26)
  Global Optimization (Phase 27)
  Global Optimization (Phase 28)
  Global Optimization (Phase 29)
  Global Optimization (Phase 30)
  Global Optimization (Phase 31)
  Global Optimization (Phase 32)
  Global Optimization (Phase 33)
  Mapping 'Conv2d_IN_WID4_0_DP_OP_161J2_135_406_2'
  Mapping 'Conv2d_IN_WID4_1_DP_OP_161J2_135_406_2'
  Mapping 'Conv2d_IN_WID8_0_DP_OP_161J1_141_406_2'
  Mapping 'Conv2d_IN_WID8_1_DP_OP_161J1_141_406_2'
  Mapping 'Conv2d_IN_WID8_0_DP_OP_161J1_126_406_2'
  Mapping 'Conv2d_IN_WID8_0_DP_OP_161J1_135_406_2'
  Mapping 'Conv2d_IN_WID8_1_DP_OP_161J1_135_406_2'
  Mapping 'Conv2d_IN_WID8_1_DP_OP_161J1_126_406_2'
  Mapping 'Conv2d_IN_WID4_0_DP_OP_161J2_129_406_2'
  Mapping 'Conv2d_IN_WID8_1_DP_OP_161J1_132_406_3'
  Mapping 'Conv2d_IN_WID8_0_DP_OP_161J1_132_406_2'
  Mapping 'Conv2d_IN_WID4_1_DP_OP_161J2_129_406_2'
  Mapping 'Conv2d_IN_WID8_0_DP_OP_161J1_129_406_2'
  Mapping 'Conv2d_IN_WID4_0_DP_OP_161J2_138_406_2'
  Mapping 'Conv2d_IN_WID4_1_DP_OP_161J2_138_406_2'
  Mapping 'Conv2d_IN_WID8_1_DP_OP_161J1_129_406_2'
  Mapping 'Conv2d_IN_WID8_1_DP_OP_161J1_138_406_2'
  Mapping 'Conv2d_IN_WID4_1_DP_OP_161J2_126_406_2'
  Mapping 'Conv2d_IN_WID8_0_DP_OP_161J1_138_406_2'
  Mapping 'Conv2d_IN_WID4_0_DP_OP_161J2_126_406_2'
  Mapping 'Conv2d_IN_WID4_0_DP_OP_161J2_132_406_2'
  Mapping 'Conv2d_IN_WID4_1_DP_OP_161J2_132_406_2'
  Mapping 'Conv2d_IN_WID4_1_DP_OP_161J2_141_406_2'
  Mapping 'Conv2d_IN_WID4_0_DP_OP_161J2_141_406_2'
  Mapping 'Conv2d_IN_WID4_1_DW01_add_9'
  Mapping 'Conv2d_IN_WID4_0_DW01_add_11'
  Mapping 'Conv2d_IN_WID4_1_DW01_add_10'
  Selecting critical implementations
  Mapping 'Conv2d_IN_WID4_1_DW_cmp_0'
  Mapping 'Conv2d_IN_WID4_1_DW_cmp_1'
  Mapping 'CDNA_DP_OP_77_294_6287_1'
  Mapping 'Conv2d_IN_WID4_1_DW01_sub_2'
  Mapping 'Conv2d_IN_WID4_1_DW01_sub_3'
  Mapping 'Conv2d_IN_WID4_1_DW01_add_11'
  Mapping 'Conv2d_IN_WID4_0_DW01_add_12'
  Mapping 'Conv2d_IN_WID4_0_DW_cmp_1'
  Mapping 'Conv2d_IN_WID4_0_DW_cmp_2'
  Mapping 'CDNA_DW_mult_uns_8'
  Mapping 'Conv2d_IN_WID8_0_DW01_sub_6'
  Mapping 'Conv2d_IN_WID8_0_DW01_sub_7'
  Mapping 'Conv2d_IN_WID8_0_DW01_add_9'
  Mapping 'CDNA_DP_OP_77_293_7516_1'
  Mapping 'CDNA_DW_mult_uns_9'
  Mapping 'CDNA_DP_OP_67J11_236_9752_1'
  Mapping 'Conv2d_IN_WID8_0_DW01_add_10'
  Mapping 'Conv2d_IN_WID4_1_DW_cmp_2'
  Mapping 'Conv2d_IN_WID4_1_DW_cmp_3'
  Mapping 'Conv2d_IN_WID8_0_DW01_add_11'
  Mapping 'Conv2d_IN_WID8_1_DW01_add_8'
  Mapping 'CDNA_DP_OP_67J9_236_9752_1'
  Mapping 'Conv2d_IN_WID4_1_DW01_add_12'
  Mapping 'Conv2d_IN_WID4_1_DW_cmp_4'
  Mapping 'Conv2d_IN_WID4_1_DW_cmp_5'
  Mapping 'Conv2d_IN_WID4_1_DW01_add_13'
  Mapping 'Conv2d_IN_WID4_1_DW01_add_14'
  Mapping 'CDNA_DP_OP_77_293_7516_2'
  Mapping 'CDNA_DW_mult_uns_10'
  Mapping 'Conv2d_IN_WID4_0_DW01_sub_1'
  Mapping 'Conv2d_IN_WID4_0_DW01_sub_2'
  Mapping 'Conv2d_IN_WID4_0_DW01_add_13'
  Mapping 'Conv2d_IN_WID4_0_DW01_add_14'
  Mapping 'Conv2d_IN_WID4_0_DW_cmp_3'
  Mapping 'Conv2d_IN_WID4_0_DW_cmp_4'
  Mapping 'Conv2d_IN_WID4_0_DW01_add_15'

  Beginning Isolate Ports
  -----------------------

  Beginning Delay Optimization
  ----------------------------
    0:16:13 12290619.6     22.93   37022.1  127181.6                           809889344.0000      0.00  
    0:16:27 12371114.4     12.86   18726.0  128148.6                           820695936.0000      0.00  
    0:16:27 12371114.4     12.86   18726.0  128148.6                           820695936.0000      0.00  
    0:16:28 12371173.8     12.85   18749.0  128113.8                           820703808.0000      0.00  
..........
    0:19:07 12188576.1     18.39   22140.7  135841.2                           808176256.0000      0.00  
    0:19:32 12087898.2     24.51   23958.4  137648.9                           802239360.0000      0.00  

  Beginning WLM Backend Optimization
  --------------------------------------
    0:22:18 12075827.1     24.47   23647.3  137043.7                           801573376.0000      0.00  
    0:22:20 12069621.2     24.47   23641.8  136898.7                           800935680.0000      0.00  
    0:22:23 12062074.8     24.47   23647.7  136805.2                           800265600.0000      0.00  
    0:22:25 12055890.8     24.47   23653.9  136789.8                           799716288.0000      0.00  
    0:22:26 12051284.9     24.47   23599.6  136772.0                           799261632.0000      0.00  
    0:22:28 12045141.5     24.47   23604.1  136732.4                           798707840.0000      0.00  
    0:22:30 12035173.4     24.45   23605.5  136544.6                           797789568.0000      0.00  
    0:22:32 12024436.6     24.45   23621.5  136297.6                           796880320.0000      0.00  
    0:22:34 12015609.1     24.38   23621.8  136040.6                           796114944.0000      0.00  
    0:22:35 12006472.1     24.04   23612.7  135849.3                           795317056.0000      0.00  
    0:22:37 11997266.5     24.04   23589.4  135569.7                           794486656.0000      0.00  
    0:22:48 11983723.6     24.04   23486.8  135153.5                           793349952.0000      0.00  
    0:22:52 11969662.0     23.82   23403.4  134758.1                           792004160.0000      0.00  
    0:23:01 11950428.9     22.36   23277.4  134567.3                           790138368.0000      0.00  
    0:23:03 11929755.2     22.36   23017.1  134268.1                           788040960.0000      0.00  
    0:23:05 11917506.0     22.29   22995.9  134095.2                           786836736.0000      0.00  
    0:23:07 11907359.7     22.29   22978.7  133236.3                           785829632.0000      0.00  
    0:23:10 11895313.6     22.09   22950.1  132363.7                           784691776.0000      0.00  
    0:23:13 11881230.2     22.06   22850.9  131495.9                           783365824.0000      0.00  
    0:23:15 11868059.1     19.78   22523.5  130513.1                           782100736.0000      0.00  
    0:23:17 11854128.8     19.76   22432.3  130303.9                           780721536.0000      0.00  
    0:23:19 11839026.6     19.08   22110.4  130084.1                           779392448.0000      0.00  
    0:23:21 11824296.3     19.08   21784.4  129925.1                           778092352.0000      0.00  
    0:23:23 11813928.2     19.08   21508.0  129801.9                           777206016.0000      0.00  
    0:23:25 11808616.1     19.08   21410.2  129790.5                           776832256.0000      0.00  
    0:23:27 11801735.2     19.03   21320.2  129762.9                           776258688.0000      0.00  
    0:23:30 11794592.0     19.03   21305.3  129707.7                           775578432.0000      0.00  
    0:23:36 11800804.1     11.83   18046.8  128189.3                           775871424.0000      0.00  
    0:23:40 11805035.0     11.72   17435.7  128174.8                           776274880.0000      0.00  
    0:23:45 11810322.2     11.72   16604.4  129593.2                           776742912.0000      0.00  
    0:23:49 11810050.3     11.72   16161.2  129485.4                           776760768.0000      0.00  
    0:23:54 11812031.5     11.72   15756.7  129536.7                           776923392.0000      0.00  
    0:23:54 11812031.5     11.72   15756.7  129536.7                           776923392.0000      0.00  
    0:23:54 11812031.5     11.72   15756.7  129536.7                           776923392.0000      0.00  
    0:24:29 11762544.0     11.71   15587.5  116882.4                           768774016.0000      0.00  
    0:24:30 11762544.0     11.71   15587.5  116882.4                           768774016.0000      0.00  
    0:28:23 11971883.7      5.69    9451.5  117459.4                           791667328.0000      0.00  
    0:28:23 11971883.7      5.69    9451.5  117459.4                           791667328.0000      0.00  
    0:28:28 12002741.1      5.20    8197.6  118277.9                           795011328.0000      0.00  
    0:28:28 12002741.1      5.20    8197.6  118277.9                           795011328.0000      0.00  
    0:29:36 12094950.9      4.62    7158.8  119337.2                           803776064.0000      0.00  
    0:29:36 12094950.9      4.62    7158.8  119337.2                           803776064.0000      0.00  
    0:30:09 12260693.4      1.91    1731.7  122202.1                           823167936.0000      0.00  
    0:30:09 12260693.4      1.91    1731.7  122202.1                           823167936.0000      0.00  
    0:31:44 12330898.2      1.10     865.9  122824.0                           830488832.0000      0.00  
    0:31:44 12330898.2      1.10     865.9  122824.0                           830488832.0000      0.00  
    0:32:04 12392269.3      0.46      97.4  123783.3                           837235136.0000      0.00  
    0:32:04 12392269.3      0.46      97.4  123783.3                           837235136.0000      0.00  
    0:32:37 12407359.0      0.00       0.0  123906.1                           839052032.0000      0.00  
    0:32:37 12407359.0      0.00       0.0  123906.1                           839052032.0000      0.00  
    0:32:37 12407359.0      0.00       0.0  123906.1                           839052032.0000      0.00  
    0:32:37 12407359.0      0.00       0.0  123906.1                           839052032.0000      0.00  
    0:32:37 12407359.0      0.00       0.0  123906.1                           839052032.0000      0.00  


  Beginning Design Rule Fixing  (max_transition)  (max_fanout)  (max_capacitance)
  ----------------------------

                                  TOTAL                                                            
   ELAPSED            WORST NEG   SETUP    DESIGN                              LEAKAGE   MIN DELAY 
    TIME      AREA      SLACK     COST    RULE COST         ENDPOINT            POWER      COST    
  --------- --------- --------- --------- --------- ------------------------- --------- -----------
    0:32:37 12407359.0      0.00       0.0  123906.1                           839052032.0000      0.00  
  Global Optimization (Phase 34)
  Global Optimization (Phase 35)
  Global Optimization (Phase 36)
    0:32:56 12386197.8      1.13     111.7   45238.7 u_Conv0/net1169982        837376448.0000      0.00  
    0:33:01 12384226.1      0.02       0.4   35538.5 u_DeConv1/sum3_reg_c0_reg[2][31]/D 837254656.0000      0.00  
    0:33:04 12383369.9      0.00       0.0   31579.3 u_DeConv0/mult_reg1[7][6] 837218112.0000      0.00  
    0:33:06 12382157.5      0.00       0.0   26835.1 u_Conv0/mult_reg0[6][6]   837123520.0000      0.00  
    0:33:07 12381663.8      0.00       0.0   24520.1                           837090432.0000      0.00  
    0:33:07 12381663.8      0.00       0.0   24520.1                           837090432.0000      0.00  


  Beginning Leakage Power Optimization  (max_leakage_power 0)
  ------------------------------------

                                  TOTAL                                                            
   ELAPSED            WORST NEG   SETUP    DESIGN                              LEAKAGE   MIN DELAY 
    TIME      AREA      SLACK     COST    RULE COST         ENDPOINT            POWER      COST    
  --------- --------- --------- --------- --------- ------------------------- --------- -----------
    0:33:07 12381663.8      0.00       0.0   24520.1                           837090432.0000      0.00  
  Global Optimization (Phase 37)
  Global Optimization (Phase 38)
  Global Optimization (Phase 39)
  Global Optimization (Phase 40)
  Global Optimization (Phase 41)
  Global Optimization (Phase 42)
  Global Optimization (Phase 43)
  Global Optimization (Phase 44)
  Global Optimization (Phase 45)
  Global Optimization (Phase 46)
  Global Optimization (Phase 47)
  Global Optimization (Phase 48)
  Global Optimization (Phase 49)
  Global Optimization (Phase 50)
  Global Optimization (Phase 51)
  Global Optimization (Phase 52)
  Global Optimization (Phase 53)
  Global Optimization (Phase 54)
  Global Optimization (Phase 55)
  Global Optimization (Phase 56)
Information: Complementing port 'out_data[28]' in design 'Conv2d_IN_WID4_1'.
         The new name of the port is 'out_data[28]_BAR'. (OPT-319)
Information: Complementing port 'out_data[1]' in design 'Conv2d_IN_WID4_1'.
         The new name of the port is 'out_data[1]_BAR'. (OPT-319)
Information: Complementing port 'out_data[0]' in design 'Conv2d_IN_WID4_1'.
         The new name of the port is 'out_data[0]_BAR'. (OPT-319)
    0:36:06 11465781.8      4.63    5950.5   16627.8                           745976960.0000      0.00  
    0:40:11 11754516.4      0.43     266.8   23164.1                           776252608.0000      0.00  
    0:40:12 11754516.4      0.43     266.8   23164.1                           776252608.0000      0.00  
    0:40:57 11161588.7      0.52     265.3   20646.8                           718189568.0000      0.00  
    0:40:59 11161588.7      0.52     265.3   20646.8                           718189568.0000      0.00  
    0:42:15 11213594.8      0.11      24.7   21195.6                           723696384.0000      0.00  
    0:42:15 11213594.8      0.11      24.7   21195.6                           723696384.0000      0.00  
    0:42:17 11224256.6      0.00       0.0   21370.3                           724943104.0000      0.00  
    0:42:17 11224256.6      0.00       0.0   21370.3                           724943104.0000      0.00  
    0:42:20 11224206.6      0.00       0.0   21370.3                           724944000.0000      0.00  
    0:42:20 11224206.6      0.00       0.0   21370.3                           724944000.0000      0.00  
    0:42:20 11224206.6      0.00       0.0   21370.3                           724944000.0000      0.00  
    0:42:20 11224206.6      0.00       0.0   21370.3                           724944000.0000      0.00  
    0:42:20 11224206.6      0.00       0.0   21370.3                           724944000.0000      0.00  
    0:42:20 11224206.6      0.00       0.0   21370.3                           724944000.0000      0.00  
    0:42:20 11224206.6      0.00       0.0   21370.3                           724944000.0000      0.00  
    0:42:20 11224206.6      0.00       0.0   21370.3                           724944000.0000      0.00  
    0:42:20 11224206.6      0.00       0.0   21370.3                           724944000.0000      0.00  
    0:42:20 11224206.6      0.00       0.0   21370.3                           724944000.0000      0.00  
    0:42:20 11224206.6      0.00       0.0   21370.3                           724944000.0000      0.00  
    0:42:20 11224206.6      0.00       0.0   21370.3                           724944000.0000      0.00  
    0:42:20 11224206.6      0.00       0.0   21370.3                           724944000.0000      0.00  

                                  TOTAL                                                            
   ELAPSED            WORST NEG   SETUP    DESIGN                              LEAKAGE   MIN DELAY 
    TIME      AREA      SLACK     COST    RULE COST         ENDPOINT            POWER      COST    
  --------- --------- --------- --------- --------- ------------------------- --------- -----------
    0:42:40 11223850.4      0.00       0.0   21370.3                           724918208.0000      0.00  
    0:43:36 10908798.7      0.07       1.1   21131.6                           694854720.0000      0.00  
    0:43:37 10908864.3      0.00       0.0   21120.0                           694859328.0000      0.00  
    0:43:38 10908864.3      0.00       0.0   21120.0                           694859328.0000      0.00  
    0:44:27 10654949.3      0.08      10.0   20495.7                           671613504.0000      0.00  
    0:44:30 10653593.1      0.08      10.7   20495.7                           671491520.0000      0.00  
    0:44:31 10651837.0      0.08      10.5   20479.7                           671333376.0000      0.00  
    0:44:33 10647762.3      0.08      11.3   20462.7                           670959936.0000      0.00  
    0:44:37 10646140.5      0.08      11.5   20356.5                           670823744.0000      0.00  
    0:44:44 10641337.7      0.08      11.6   20356.5                           670408896.0000      0.00  
    0:44:53 10637291.1      0.08      12.0   20349.2                           670071040.0000      0.00  
    0:44:56 10633938.2      0.08      12.5   20322.0                           669777856.0000      0.00  
    0:44:59 10630897.7      0.08      12.5   20300.0                           669505152.0000      0.00  
    0:45:02 10628891.6      0.08      12.8   20292.5                           669321600.0000      0.00  
    0:45:04 10627429.2      0.08      12.5   20292.5                           669200640.0000      0.00  
    0:45:07 10626260.5      0.08      12.8   20292.5                           669097088.0000      0.00  
    0:45:10 10625504.3      0.08      11.8   20292.5                           669014848.0000      0.00  
    0:45:12 10623129.5      0.07      11.0   20292.5                           668784320.0000      0.00  
    0:45:14 10619479.7      0.07      12.4   20283.3                           668446208.0000      0.00  
    0:45:16 10616192.4      0.07      12.0   20283.3                           668154240.0000      0.00  
    0:45:18 10614239.4      0.07      13.7   20272.7                           667981696.0000      0.00  
    0:45:20 10610686.5      0.07      16.5   20268.6                           667666944.0000      0.00  
    0:45:22 10606977.4      0.07      17.5   20266.6                           667326976.0000      0.00  
    0:45:24 10603302.6      0.07      18.1   20266.6                           667000320.0000      0.00  
    0:45:26 10599649.7      0.07      18.0   20254.6                           666682496.0000      0.00  
    0:45:28 10595190.6      0.07      18.1   20254.6                           666264640.0000      0.00  
    0:45:33 10595259.4      0.07      17.6   14392.8 u_DeConv1/mult_reg1[7][2] 666270144.0000      0.00  
    0:45:37 10596471.8      0.04       7.2   13338.9 u_Act2/out_data_reg[22]/D 666396416.0000      0.00  
    0:45:39 10597793.6      0.02       3.0   13340.0 u_DeConv1/sum3_reg_c1_reg[0][28]/D 666531136.0000      0.00  
    0:45:41 10599024.8      0.01       0.4   13354.1 u_Conv1/sum3_reg_c1_reg[0][31]/D 666660672.0000      0.00  
    0:45:45 10600402.8      0.17       3.9    8562.5 u_Conv1/mult_reg0[6][15]  666850560.0000      0.00  
    0:45:47 10600743.4      0.00       0.0    5410.0 u_Conv0/p_reg[6][28]      666916416.0000      0.00  
    0:45:48 10600702.8      0.04       0.1    3360.3                           666938112.0000      0.00  
    0:45:48 10600721.5      0.00       0.0    3361.7                           666952064.0000      0.00  
    0:45:48 10600721.5      0.00       0.0    3361.7                           666952064.0000      0.00  
    0:45:48 10600721.5      0.00       0.0    3361.7                           666952064.0000      0.00  
    0:45:50 10600721.5      0.00       0.0    3361.7                           666952064.0000      0.00  
    0:45:50 10600721.5      0.00       0.0    3361.7                           666952064.0000      0.00  
    0:46:19 10561558.4      0.00       0.0    3331.0                           663134784.0000      0.00  
    0:46:36 10510064.8      0.00       0.0    3331.0                           658564096.0000      0.00  
    0:46:54 10466352.0      0.00       0.0    3322.7                           654962496.0000      0.00  
    0:47:12 10417492.6      0.00       0.0    3303.3                           650444672.0000      0.00  
    0:47:33 10373392.3      0.00       0.0    3287.0                           646697280.0000      0.00  
    0:47:51 10351693.7      0.00       0.0    3273.1                           644654144.0000      0.00  
Loading db file '/RAID2/COURSE/BackUp/2023_Spring/iclab/iclabta01/UMC018_CBDK/CIC/SynopsysDC/db/fsa0m_a_generic_core_ss1p62v125c.db'
Loading db file '/RAID2/COURSE/BackUp/2023_Spring/iclab/iclabta01/UMC018_CBDK/CIC/SynopsysDC/db/fsa0m_a_generic_core_ff1p98vm40c.db'
Loading db file '/RAID2/COURSE/BackUp/2023_Spring/iclab/iclabta01/UMC018_CBDK/CIC/SynopsysDC/db/fsa0m_a_t33_generic_io_ss1p62v125c.db'
Loading db file '/RAID2/COURSE/BackUp/2023_Spring/iclab/iclabta01/UMC018_CBDK/CIC/SynopsysDC/db/fsa0m_a_t33_generic_io_tt1p8v25c.db'


Note: Symbol # after min delay cost means estimated hold TNS across all active scenarios 


  Optimization Complete
  ---------------------
Warning: Design 'CDNA' contains 1 high-fanout nets. A fanout number of 1000 will be used for delay calculations involving these nets. (TIM-134)
     Net 'u_DeConv0/clk': 28287 load(s), 1 driver(s)
  Loading target library 'fsa0m_a_generic_core_ff1p98vm40c'
  Loading target library 'fsa0m_a_t33_generic_io_ss1p62v125c'
  Loading target library 'fsa0m_a_t33_generic_io_tt1p8v25c'
Information: State dependent leakage is now switched from off to on.
Information: Propagating switching activity (low effort zero delay simulation). (PWR-6)
1
#uniquify
#compile
#======================================================
#  (F) Output Reports 
#======================================================
report_design  >  Report/$DESIGN\.design
report_resource >  Report/$DESIGN\.resource
report_timing -max_paths 3 >  Report/$DESIGN\.timing
report_area >  Report/$DESIGN\.area
report_power > Report/$DESIGN\.power
report_clock > Report/$DESIGN\.clock
report_port >  Report/$DESIGN\.port
report_power >  Report/$DESIGN\.power
#report_reference > Report/$DESIGN\.reference
#======================================================
#  (G) Change Naming Rule
#======================================================
set bus_inference_style "%s\[%d\]"
%s[%d]
set bus_naming_style "%s\[%d\]"
%s[%d]
set hdlout_internal_busses true
true
change_names -hierarchy -rule verilog
1
define_name_rules name_rule -allowed "a-z A-Z 0-9 _" -max_length 255 -type cell
1
define_name_rules name_rule -allowed "a-z A-Z 0-9 _[]" -max_length 255 -type net
1
define_name_rules name_rule -map {{"\\*cell\\*" "cell"}}
1
define_name_rules name_rule -case_insensitive
1
change_names -hierarchy -rules name_rule
1
#======================================================
#  (H) Output Results
#======================================================
set verilogout_higher_designs_first true
true
write -format verilog -output Netlist/$DESIGN\_SYN.v -hierarchy
Writing verilog file '/RAID2/COURSE/2026_Spring/iclab/iclab067/SPRING2026_LAB04/02_SYN/Netlist/CDNA_SYN.v'.
1
write -format ddc     -hierarchy -output $DESIGN\_SYN.ddc
Writing ddc file 'CDNA_SYN.ddc'.
1
write_sdf -version 3.0 -context verilog -load_delay cell Netlist/$DESIGN\_SYN.sdf -significant_digits 6
Information: Writing timing information to file '/RAID2/COURSE/2026_Spring/iclab/iclab067/SPRING2026_LAB04/02_SYN/Netlist/CDNA_SYN.sdf'. (WT-3)
Information: Updating design information... (UID-85)
Warning: Design 'CDNA' contains 1 high-fanout nets. A fanout number of 1000 will be used for delay calculations involving these nets. (TIM-134)
1
write_sdc Netlist/$DESIGN\_SYN.sdc
1
#======================================================
#  (I) Finish and Quit
#======================================================
report_area
 
****************************************
Report : area
Design : CDNA
Version: T-2022.03
Date   : Sun Mar 29 21:12:29 2026
****************************************

Library(s) Used:

    fsa0m_a_generic_core_ss1p62v125c (File: /RAID2/COURSE/BackUp/2023_Spring/iclab/iclabta01/UMC018_CBDK/CIC/SynopsysDC/db/fsa0m_a_generic_core_ss1p62v125c.db)

Number of ports:                          549
Number of nets:                        396787
Number of cells:                       361756
Number of combinational cells:         333464
Number of sequential cells:             28287
Number of macros/black boxes:               0
Number of buf/inv:                      45623
Number of references:                     215

Combinational area:            8727916.383587
Buf/Inv area:                   487190.690444
Noncombinational area:         1623777.339348
Macro/Black Box area:                0.000000
Net Interconnect area:      undefined  (Wire load has zero net area)

Total cell area:              10351693.722935
Total area:                 undefined
1
report_timing 
 
****************************************
Report : timing
        -path full
        -delay max
        -max_paths 1
Design : CDNA
Version: T-2022.03
Date   : Sun Mar 29 21:12:30 2026
****************************************

 # A fanout number of 1000 was used for high fanout net computations.

Operating Conditions: WCCOM   Library: fsa0m_a_generic_core_ss1p62v125c
Wire Load Model Mode: top

  Startpoint: u_Conv1/p_reg_reg_1__1_
              (rising edge-triggered flip-flop clocked by clk)
  Endpoint: u_Conv1/mult_reg1_reg_1__22_
            (rising edge-triggered flip-flop clocked by clk)
  Path Group: clk
  Path Type: max

  Des/Clust/Port     Wire Load Model       Library
  ------------------------------------------------
  CDNA               enG2000K              fsa0m_a_generic_core_ss1p62v125c

  Point                                                   Incr       Path
  --------------------------------------------------------------------------
  clock clk (rise edge)                                   0.00       0.00
  clock network delay (ideal)                             0.00       0.00
  u_Conv1/p_reg_reg_1__1_/CK (QDFFRBN)                    0.00 #     0.00 r
  u_Conv1/p_reg_reg_1__1_/Q (QDFFRBN)                     1.07       1.07 r
  u_Conv1/U1674/O (INV3)                                  0.59       1.67 f
  u_Conv1/U10063/O (INV4)                                 1.03       2.70 r
  u_Conv1/U39898/O (ND2T)                                 0.80       3.50 f
  u_Conv1/U1605/O (NR2)                                   1.35       4.85 r
  u_Conv1/U13556/O (NR2P)                                 0.49       5.34 f
  u_Conv1/U41255/O (NR2)                                  1.10       6.44 r
  u_Conv1/U41256/O (MAO222S)                              1.15       7.59 r
  u_Conv1/U6726/O (OAI12H)                                0.48       8.08 f
  u_Conv1/U5120/O (OAI12H)                                0.40       8.48 r
  u_Conv1/U13549/O (MAO222P)                              0.53       9.00 r
  u_Conv1/U6683/O (AO12)                                  0.58       9.58 r
  u_Conv1/U13547/O (MAO222P)                              0.50      10.08 r
  u_Conv1/U24565/O (MAO222)                               0.65      10.73 r
  u_Conv1/U41257/O (MAO222P)                              0.51      11.24 r
  u_Conv1/U41258/O (MAO222P)                              0.47      11.71 r
  u_Conv1/U6587/O (AO12P)                                 0.43      12.14 r
  u_Conv1/U11853/O (MAO222P)                              0.47      12.61 r
  u_Conv1/U6549/O (AO12P)                                 0.43      13.03 r
  u_Conv1/U6540/O (AO12)                                  0.58      13.61 r
  u_Conv1/U19092/O (MAO222P)                              0.50      14.11 r
  u_Conv1/U24566/O (MAO222)                               0.66      14.78 r
  u_Conv1/U4873/O (INV3)                                  0.22      15.00 f
  u_Conv1/U12803/O (NR3H)                                 0.69      15.69 r
  u_Conv1/U6364/O (AOI12HS)                               0.68      16.37 f
  u_Conv1/U6327/O (OAI12H)                                0.72      17.09 r
  u_Conv1/U19707/O (MAO222P)                              0.53      17.62 r
  u_Conv1/U19706/CO (FA1)                                 0.64      18.26 r
  u_Conv1/U41366/CO (FA1)                                 0.66      18.92 r
  u_Conv1/U19709/CO (FA1S)                                1.20      20.12 r
  u_Conv1/U19859/CO (FA1)                                 0.71      20.83 r
  u_Conv1/U19710/CO (FA1S)                                1.19      22.03 r
  u_Conv1/U41373/CO (FA1S)                                1.23      23.25 r
  u_Conv1/U41379/CO (FA1)                                 0.71      23.97 r
  u_Conv1/U4692/CO (FA1)                                  0.67      24.64 r
  u_Conv1/U24562/CO (FA1)                                 0.67      25.30 r
  u_Conv1/U41376/CO (FA1)                                 0.67      25.97 r
  u_Conv1/U4676/CO (FA1)                                  0.67      26.63 r
  u_Conv1/U41374/CO (FA1)                                 0.67      27.30 r
  u_Conv1/U8515/CO (FA1)                                  0.67      27.97 r
  u_Conv1/U24561/CO (FA1)                                 0.67      28.63 r
  u_Conv1/U41259/CO (FA1)                                 0.67      29.30 r
  u_Conv1/U8466/CO (FA1)                                  0.67      29.96 r
  u_Conv1/U24563/CO (FA1)                                 0.67      30.63 r
  u_Conv1/U41382/CO (FA1)                                 0.67      31.29 r
  u_Conv1/U8397/CO (FA1)                                  0.67      31.96 r
  u_Conv1/U8364/CO (FA1)                                  0.67      32.63 r
  u_Conv1/U8333/CO (FA1)                                  0.67      33.29 r
  u_Conv1/U3727/CO (FA1)                                  0.67      33.96 r
  u_Conv1/U8255/CO (FA1)                                  0.67      34.62 r
  u_Conv1/U19860/CO (FA1)                                 0.67      35.29 r
  u_Conv1/U8208/CO (FA1)                                  0.73      36.02 r
  u_Conv1/U8166/O (XOR2HP)                                0.34      36.37 f
  u_Conv1/U4599/O (NR2P)                                  0.60      36.97 r
  u_Conv1/U8110/C (HA1P)                                  0.41      37.39 r
  u_Conv1/U8075/CO (FA1)                                  0.63      38.02 r
  u_Conv1/U4586/C (HA1P)                                  0.42      38.44 r
  u_Conv1/U8022/C (HA1P)                                  0.40      38.84 r
  u_Conv1/U7948/C (HA1P)                                  0.40      39.24 r
  u_Conv1/U7927/C (HA1P)                                  0.40      39.64 r
  u_Conv1/U7888/C (HA1P)                                  0.40      40.03 r
  u_Conv1/U7834/C (HA1P)                                  0.40      40.43 r
  u_Conv1/U7792/C (HA1P)                                  0.40      40.82 r
  u_Conv1/U4556/C (HA1P)                                  0.40      41.22 r
  u_Conv1/U7722/C (HA1P)                                  0.40      41.62 r
  u_Conv1/U7663/C (HA1P)                                  0.40      42.01 r
  u_Conv1/U4545/C (HA1P)                                  0.40      42.41 r
  u_Conv1/U7592/C (HA1P)                                  0.40      42.80 r
  u_Conv1/U4525/C (HA1P)                                  0.40      43.20 r
  u_Conv1/U4523/C (HA1P)                                  0.40      43.60 r
  u_Conv1/U7524/C (HA1P)                                  0.40      43.99 r
  u_Conv1/U63032/C (HA1)                                  0.56      44.56 r
  u_Conv1/U4508/C (HA1)                                   0.59      45.14 r
  u_Conv1/U63039/C (HA1)                                  0.73      45.87 r
  u_Conv1/U4490/O (AN2B1S)                                0.99      46.86 r
  u_Conv1/U4478/S (HA1)                                   0.72      47.58 r
  u_Conv1/U5637/O (INV1S)                                 0.85      48.44 f
  u_Conv1/U4456/O (MOAI1H)                                0.64      49.08 r
  u_Conv1/U7381/O (AO12)                                  0.61      49.68 r
  u_Conv1/mult_reg1_reg_1__22_/D (QDFFRBN)                0.00      49.68 r
  data arrival time                                                 49.68

  clock clk (rise edge)                                  50.00      50.00
  clock network delay (ideal)                             0.00      50.00
  clock uncertainty                                      -0.10      49.90
  u_Conv1/mult_reg1_reg_1__22_/CK (QDFFRBN)               0.00      49.90 r
  library setup time                                     -0.22      49.68
  data required time                                                49.68
  --------------------------------------------------------------------------
  data required time                                                49.68
  data arrival time                                                -49.68
  --------------------------------------------------------------------------
  slack (MET)                                                        0.00


1
exit

Memory usage for this session 3401 Mbytes.
Memory usage for this session including child processes 7497 Mbytes.
CPU usage for this session 12155 seconds ( 3.38 hours ).
Elapsed time for this session 3194 seconds ( 0.89 hours ).

Thank you...

